outcome_key,outcome,family,outcome_order,geo_key,geography,geo_order,property_key,property_type,property_order,fe_key,fixed_effects,fe_order,sample_key,draw,beta_exact,beta_centroid,delta
cbd,CBD distance,primary,1,sa1,SA1,1,house,House,1,none,No FE,1,full,1,-0.31051924346613,-0.310534231276079,-0.0000149878099488521
cbd,CBD distance,primary,1,sa1,SA1,1,house,House,1,none,No FE,1,full,2,-0.305447871785944,-0.305420181026531,0.0000276907594137787
cbd,CBD distance,primary,1,sa1,SA1,1,house,House,1,none,No FE,1,full,3,-0.306178948259062,-0.306271251714602,-0.0000923034555393998
cbd,CBD distance,primary,1,sa1,SA1,1,house,House,1,none,No FE,1,full,4,-0.308760705311502,-0.308789788752291,-0.0000290834407891127
cbd,CBD distance,primary,1,sa1,SA1,1,house,House,1,none,No FE,1,full,5,-0.311273464180718,-0.311295438775157,-0.0000219745944392558
cbd,CBD distance,primary,1,sa1,SA1,1,house,House,1,none,No FE,1,full,6,-0.304203593900569,-0.304236999062539,-0.0000334051619701459
cbd,CBD distance,primary,1,sa1,SA1,1,house,House,1,none,No FE,1,full,7,-0.305781310623984,-0.305853815920603,-0.0000725052966188411
cbd,CBD distance,primary,1,sa1,SA1,1,house,House,1,none,No FE,1,full,8,-0.309563537800861,-0.309539738519213,0.0000237992816484178
cbd,CBD distance,primary,1,sa1,SA1,1,house,House,1,none,No FE,1,full,9,-0.305033205794172,-0.305103065131859,-0.0000698593376865508
cbd,CBD distance,primary,1,sa1,SA1,1,house,House,1,none,No FE,1,full,10,-0.308814005751097,-0.308898379773068,-0.0000843740219710898
cbd,CBD distance,primary,1,sa1,SA1,1,house,House,1,none,No FE,1,full,11,-0.304602105004866,-0.304655273368667,-0.0000531683638013147
cbd,CBD distance,primary,1,sa1,SA1,1,house,House,1,none,No FE,1,full,12,-0.313621625358379,-0.313554381239331,0.0000672441190484041
cbd,CBD distance,primary,1,sa1,SA1,1,house,House,1,none,No FE,1,full,13,-0.307157872339426,-0.307176196856454,-0.0000183245170284341
cbd,CBD distance,primary,1,sa1,SA1,1,house,House,1,none,No FE,1,full,14,-0.306304996154616,-0.306358547224918,-0.0000535510703024711
cbd,CBD distance,primary,1,sa1,SA1,1,house,House,1,none,No FE,1,full,15,-0.308782764462255,-0.308759384662952,0.0000233797993035023
cbd,CBD distance,primary,1,sa1,SA1,1,house,House,1,none,No FE,1,full,16,-0.305535297051979,-0.305531991769043,0.00000330528293568388
cbd,CBD distance,primary,1,sa1,SA1,1,house,House,1,none,No FE,1,full,17,-0.302985156925662,-0.302968287211362,0.0000168697142998719
cbd,CBD distance,primary,1,sa1,SA1,1,house,House,1,none,No FE,1,full,18,-0.308680047658183,-0.308619775494016,0.0000602721641667081
cbd,CBD distance,primary,1,sa1,SA1,1,house,House,1,none,No FE,1,full,19,-0.311408496432719,-0.311483625459806,-0.0000751290270868399
cbd,CBD distance,primary,1,sa1,SA1,1,house,House,1,none,No FE,1,full,20,-0.306769090200154,-0.306718273757169,0.0000508164429846025
cbd,CBD distance,primary,1,sa1,SA1,1,house,House,1,none,No FE,1,full,21,-0.313371804159504,-0.313358766144099,0.0000130380154051979
cbd,CBD distance,primary,1,sa1,SA1,1,house,House,1,none,No FE,1,full,22,-0.311378664529049,-0.31145025643552,-0.000071591906471602
cbd,CBD distance,primary,1,sa1,SA1,1,house,House,1,none,No FE,1,full,23,-0.302814146267364,-0.302887811576976,-0.0000736653096117812
cbd,CBD distance,primary,1,sa1,SA1,1,house,House,1,none,No FE,1,full,24,-0.309861114229527,-0.309842346113406,0.0000187681161203934
cbd,CBD distance,primary,1,sa1,SA1,1,house,House,1,none,No FE,1,full,25,-0.306866933683361,-0.306829940505055,0.0000369931783068544
cbd,CBD distance,primary,1,sa1,SA1,1,house,House,1,none,No FE,1,full,26,-0.312381074645642,-0.312446516375796,-0.0000654417301532706
cbd,CBD distance,primary,1,sa1,SA1,1,house,House,1,none,No FE,1,full,27,-0.311244461002037,-0.311284454347262,-0.0000399933452241985
cbd,CBD distance,primary,1,sa1,SA1,1,house,House,1,none,No FE,1,full,28,-0.305774498279042,-0.305859735405033,-0.0000852371259908447
cbd,CBD distance,primary,1,sa1,SA1,1,house,House,1,none,No FE,1,full,29,-0.310985864181085,-0.310987223993434,-0.000001359812349222
cbd,CBD distance,primary,1,sa1,SA1,1,house,House,1,none,No FE,1,full,30,-0.311891050064369,-0.311896718354348,-0.000005668289979055
cbd,CBD distance,primary,1,sa1,SA1,1,house,House,1,none,No FE,1,full,31,-0.307623853521117,-0.307578807529685,0.0000450459914318468
cbd,CBD distance,primary,1,sa1,SA1,1,house,House,1,none,No FE,1,full,32,-0.308973234926305,-0.30892647629182,0.0000467586344847226
cbd,CBD distance,primary,1,sa1,SA1,1,house,House,1,none,No FE,1,full,33,-0.305792460055682,-0.305838332538566,-0.000045872482884457
cbd,CBD distance,primary,1,sa1,SA1,1,house,House,1,none,No FE,1,full,34,-0.304139870719812,-0.30420831711296,-0.0000684463931476254
cbd,CBD distance,primary,1,sa1,SA1,1,house,House,1,none,No FE,1,full,35,-0.306586629317863,-0.306534802220238,0.000051827097625079
cbd,CBD distance,primary,1,sa1,SA1,1,house,House,1,none,No FE,1,full,36,-0.308838710511669,-0.308924487116416,-0.0000857766047473452
cbd,CBD distance,primary,1,sa1,SA1,1,house,House,1,none,No FE,1,full,37,-0.31209237797363,-0.312025692678471,0.0000666852951589636
cbd,CBD distance,primary,1,sa1,SA1,1,house,House,1,none,No FE,1,full,38,-0.308230003017037,-0.308299178678239,-0.0000691756612017924
cbd,CBD distance,primary,1,sa1,SA1,1,house,House,1,none,No FE,1,full,39,-0.307257721905221,-0.307239580587495,0.0000181413177258172
cbd,CBD distance,primary,1,sa1,SA1,1,house,House,1,none,No FE,1,full,40,-0.313146684222568,-0.313199840785334,-0.0000531565627663877
cbd,CBD distance,primary,1,sa1,SA1,1,house,House,1,none,No FE,1,full,41,-0.313790662877196,-0.31373875775268,0.0000519051245160829
cbd,CBD distance,primary,1,sa1,SA1,1,house,House,1,none,No FE,1,full,42,-0.312516654462516,-0.312499965805198,0.0000166886573179648
cbd,CBD distance,primary,1,sa1,SA1,1,house,House,1,none,No FE,1,full,43,-0.306591298876348,-0.306577314887685,0.0000139839886634241
cbd,CBD distance,primary,1,sa1,SA1,1,house,House,1,none,No FE,1,full,44,-0.308605320811047,-0.308670129253006,-0.0000648084419598849
cbd,CBD distance,primary,1,sa1,SA1,1,house,House,1,none,No FE,1,full,45,-0.306260841000794,-0.306235161910881,0.0000256790899126336
cbd,CBD distance,primary,1,sa1,SA1,1,house,House,1,none,No FE,1,full,46,-0.311519242317773,-0.311528634221577,-0.00000939190380383481
cbd,CBD distance,primary,1,sa1,SA1,1,house,House,1,none,No FE,1,full,47,-0.307959480705872,-0.307926191043749,0.0000332896621227374
cbd,CBD distance,primary,1,sa1,SA1,1,house,House,1,none,No FE,1,full,48,-0.308574322365557,-0.308537322895147,0.0000369994704102483
cbd,CBD distance,primary,1,sa1,SA1,1,house,House,1,none,No FE,1,full,49,-0.307564578311496,-0.307564716569722,-0.000000138258226090038
cbd,CBD distance,primary,1,sa1,SA1,1,house,House,1,none,No FE,1,full,50,-0.312306130321174,-0.312393327518625,-0.0000871971974504837
cbd,CBD distance,primary,1,sa1,SA1,1,house,House,1,none,No FE,1,full,51,-0.302367744517944,-0.302438508678693,-0.0000707641607488596
cbd,CBD distance,primary,1,sa1,SA1,1,house,House,1,none,No FE,1,full,52,-0.300956779519208,-0.301003223726002,-0.0000464442067936721
cbd,CBD distance,primary,1,sa1,SA1,1,house,House,1,none,No FE,1,full,53,-0.31770028239841,-0.317659544718419,0.0000407376799909653
cbd,CBD distance,primary,1,sa1,SA1,1,house,House,1,none,No FE,1,full,54,-0.307686742172856,-0.307727209202207,-0.0000404670293503995
cbd,CBD distance,primary,1,sa1,SA1,1,house,House,1,none,No FE,1,full,55,-0.304889180039821,-0.304805877392307,0.0000833026475142162
cbd,CBD distance,primary,1,sa1,SA1,1,house,House,1,none,No FE,1,full,56,-0.310836019639053,-0.31085996055035,-0.0000239409112965938
cbd,CBD distance,primary,1,sa1,SA1,1,house,House,1,none,No FE,1,full,57,-0.311029213338176,-0.310955399393194,0.0000738139449820152
cbd,CBD distance,primary,1,sa1,SA1,1,house,House,1,none,No FE,1,full,58,-0.307250604059767,-0.307229104005391,0.0000215000543752342
cbd,CBD distance,primary,1,sa1,SA1,1,house,House,1,none,No FE,1,full,59,-0.311499197675926,-0.31151532057339,-0.0000161228974635552
cbd,CBD distance,primary,1,sa1,SA1,1,house,House,1,none,No FE,1,full,60,-0.308167938985338,-0.308143961878657,0.0000239771066808947
cbd,CBD distance,primary,1,sa1,SA1,1,house,House,1,none,No FE,1,full,61,-0.311942511442879,-0.311878731225777,0.0000637802171013502
cbd,CBD distance,primary,1,sa1,SA1,1,house,House,1,none,No FE,1,full,62,-0.311214603060129,-0.311168777518661,0.000045825541468647
cbd,CBD distance,primary,1,sa1,SA1,1,house,House,1,none,No FE,1,full,63,-0.310117946420104,-0.310192070160923,-0.0000741237408192763
cbd,CBD distance,primary,1,sa1,SA1,1,house,House,1,none,No FE,1,full,64,-0.313957992143152,-0.313938500323775,0.0000194918193772153
cbd,CBD distance,primary,1,sa1,SA1,1,house,House,1,none,No FE,1,full,65,-0.312803714187545,-0.312892440898893,-0.000088726711348075
cbd,CBD distance,primary,1,sa1,SA1,1,house,House,1,none,No FE,1,full,66,-0.308432718112442,-0.308484823433701,-0.0000521053212593214
cbd,CBD distance,primary,1,sa1,SA1,1,house,House,1,none,No FE,1,full,67,-0.31208307365837,-0.312064979271848,0.0000180943865216721
cbd,CBD distance,primary,1,sa1,SA1,1,house,House,1,none,No FE,1,full,68,-0.30404498867585,-0.304035310293999,0.00000967838185134129
cbd,CBD distance,primary,1,sa1,SA1,1,house,House,1,none,No FE,1,full,69,-0.306778330611244,-0.306778755935561,-0.000000425324317654408
cbd,CBD distance,primary,1,sa1,SA1,1,house,House,1,none,No FE,1,full,70,-0.307968075884914,-0.307992260414332,-0.0000241845294184362
cbd,CBD distance,primary,1,sa1,SA1,1,house,House,1,none,No FE,1,full,71,-0.308224791644581,-0.308213114414345,0.0000116772302360402
cbd,CBD distance,primary,1,sa1,SA1,1,house,House,1,none,No FE,1,full,72,-0.307674369362294,-0.307656983136555,0.0000173862257393242
cbd,CBD distance,primary,1,sa1,SA1,1,house,House,1,none,No FE,1,full,73,-0.310746464066266,-0.31080834287152,-0.0000618788052539898
cbd,CBD distance,primary,1,sa1,SA1,1,house,House,1,none,No FE,1,full,74,-0.313191596506794,-0.313145498066683,0.0000460984401115527
cbd,CBD distance,primary,1,sa1,SA1,1,house,House,1,none,No FE,1,full,75,-0.303065041178335,-0.303075866726025,-0.0000108255476896635
cbd,CBD distance,primary,1,sa1,SA1,1,house,House,1,none,No FE,1,full,76,-0.308253788177737,-0.308315833231331,-0.0000620450535941397
cbd,CBD distance,primary,1,sa1,SA1,1,house,House,1,none,No FE,1,full,77,-0.307358061118939,-0.307310384342552,0.0000476767763865071
cbd,CBD distance,primary,1,sa1,SA1,1,house,House,1,none,No FE,1,full,78,-0.31051341458483,-0.310465920107661,0.0000474944771691188
cbd,CBD distance,primary,1,sa1,SA1,1,house,House,1,none,No FE,1,full,79,-0.307267573589933,-0.307328312330857,-0.0000607387409248816
cbd,CBD distance,primary,1,sa1,SA1,1,house,House,1,none,No FE,1,full,80,-0.305523881033234,-0.305603949746398,-0.0000800687131646272
cbd,CBD distance,primary,1,sa1,SA1,1,house,House,1,none,No FE,1,full,81,-0.312902034720153,-0.312867037875252,0.0000349968449009919
cbd,CBD distance,primary,1,sa1,SA1,1,house,House,1,none,No FE,1,full,82,-0.307271486260632,-0.307317742950534,-0.0000462566899019357
cbd,CBD distance,primary,1,sa1,SA1,1,house,House,1,none,No FE,1,full,83,-0.309206418837873,-0.309316399310171,-0.000109980472297933
cbd,CBD distance,primary,1,sa1,SA1,1,house,House,1,none,No FE,1,full,84,-0.30969439251106,-0.309647935416868,0.0000464570941925979
cbd,CBD distance,primary,1,sa1,SA1,1,house,House,1,none,No FE,1,full,85,-0.310135254340136,-0.310136016846142,-0.000000762506006557473
cbd,CBD distance,primary,1,sa1,SA1,1,house,House,1,none,No FE,1,full,86,-0.308589669731985,-0.308546966074781,0.0000427036572031025
cbd,CBD distance,primary,1,sa1,SA1,1,house,House,1,none,No FE,1,full,87,-0.313044391513489,-0.313038414330044,0.0000059771834445832
cbd,CBD distance,primary,1,sa1,SA1,1,house,House,1,none,No FE,1,full,88,-0.31394025108253,-0.313906551402042,0.0000336996804878309
cbd,CBD distance,primary,1,sa1,SA1,1,house,House,1,none,No FE,1,full,89,-0.309218786564527,-0.309193432496957,0.0000253540675698716
cbd,CBD distance,primary,1,sa1,SA1,1,house,House,1,none,No FE,1,full,90,-0.310615015342336,-0.31068785379641,-0.0000728384540736871
cbd,CBD distance,primary,1,sa1,SA1,1,house,House,1,none,No FE,1,full,91,-0.308797262948042,-0.308782328047254,0.0000149349007884658
cbd,CBD distance,primary,1,sa1,SA1,1,house,House,1,none,No FE,1,full,92,-0.312826594532936,-0.312859952745036,-0.0000333582121004317
cbd,CBD distance,primary,1,sa1,SA1,1,house,House,1,none,No FE,1,full,93,-0.303325346813323,-0.303395882242238,-0.0000705354289154414
cbd,CBD distance,primary,1,sa1,SA1,1,house,House,1,none,No FE,1,full,94,-0.304768830329888,-0.30479158842674,-0.0000227580968517049
cbd,CBD distance,primary,1,sa1,SA1,1,house,House,1,none,No FE,1,full,95,-0.305405814481939,-0.305387708839778,0.0000181056421613146
cbd,CBD distance,primary,1,sa1,SA1,1,house,House,1,none,No FE,1,full,96,-0.305146750175009,-0.305192592618244,-0.0000458424432348559
cbd,CBD distance,primary,1,sa1,SA1,1,house,House,1,none,No FE,1,full,97,-0.306524707907199,-0.306465614323394,0.0000590935838052364
cbd,CBD distance,primary,1,sa1,SA1,1,house,House,1,none,No FE,1,full,98,-0.307268277773668,-0.307217434557506,0.0000508432161615002
cbd,CBD distance,primary,1,sa1,SA1,1,house,House,1,none,No FE,1,full,99,-0.30639041962812,-0.306359745872568,0.0000306737555523795
cbd,CBD distance,primary,1,sa1,SA1,1,house,House,1,none,No FE,1,full,100,-0.305143624916296,-0.305140644615981,0.0000029803003151474
cbd,CBD distance,primary,1,sa1,SA1,1,house,House,1,none,No FE,1,full,101,-0.315335678789165,-0.315287552290171,0.0000481264989942165
cbd,CBD distance,primary,1,sa1,SA1,1,house,House,1,none,No FE,1,full,102,-0.313411463828771,-0.313408110082393,0.00000335374637772112
cbd,CBD distance,primary,1,sa1,SA1,1,house,House,1,none,No FE,1,full,103,-0.310378147857638,-0.31039477976505,-0.0000166319074118571
cbd,CBD distance,primary,1,sa1,SA1,1,house,House,1,none,No FE,1,full,104,-0.313670497572031,-0.313737552965105,-0.0000670553930741669
cbd,CBD distance,primary,1,sa1,SA1,1,house,House,1,none,No FE,1,full,105,-0.307807014992588,-0.307768730247066,0.0000382847455213664
cbd,CBD distance,primary,1,sa1,SA1,1,house,House,1,none,No FE,1,full,106,-0.304991970439612,-0.304964245054547,0.0000277253850649584
cbd,CBD distance,primary,1,sa1,SA1,1,house,House,1,none,No FE,1,full,107,-0.307703504029006,-0.307692979675055,0.0000105243539511579
cbd,CBD distance,primary,1,sa1,SA1,1,house,House,1,none,No FE,1,full,108,-0.311383903800898,-0.311355383621127,0.0000285201797710077
cbd,CBD distance,primary,1,sa1,SA1,1,house,House,1,none,No FE,1,full,109,-0.312102402527756,-0.312069792593598,0.0000326099341578789
cbd,CBD distance,primary,1,sa1,SA1,1,house,House,1,none,No FE,1,full,110,-0.315220695910301,-0.315157382390856,0.0000633135194454404
cbd,CBD distance,primary,1,sa1,SA1,1,house,House,1,none,No FE,1,full,111,-0.311154926875134,-0.311166521174564,-0.0000115942994304841
cbd,CBD distance,primary,1,sa1,SA1,1,house,House,1,none,No FE,1,full,112,-0.316574363644039,-0.316532652619573,0.0000417110244662622
cbd,CBD distance,primary,1,sa1,SA1,1,house,House,1,none,No FE,1,full,113,-0.310877977027736,-0.31093461503005,-0.0000566380023145352
cbd,CBD distance,primary,1,sa1,SA1,1,house,House,1,none,No FE,1,full,114,-0.308334526193698,-0.308253205377708,0.0000813208159902712
cbd,CBD distance,primary,1,sa1,SA1,1,house,House,1,none,No FE,1,full,115,-0.306100210604763,-0.306173871282304,-0.0000736606775408877
cbd,CBD distance,primary,1,sa1,SA1,1,house,House,1,none,No FE,1,full,116,-0.310701777888856,-0.310776370909404,-0.00007459302054863
cbd,CBD distance,primary,1,sa1,SA1,1,house,House,1,none,No FE,1,full,117,-0.310057326257274,-0.310041464687943,0.0000158615693309216
cbd,CBD distance,primary,1,sa1,SA1,1,house,House,1,none,No FE,1,full,118,-0.305906449564243,-0.305934433560901,-0.0000279839966580431
cbd,CBD distance,primary,1,sa1,SA1,1,house,House,1,none,No FE,1,full,119,-0.30605060713381,-0.306132267672191,-0.0000816605383811564
cbd,CBD distance,primary,1,sa1,SA1,1,house,House,1,none,No FE,1,full,120,-0.310559194050684,-0.310525415444717,0.000033778605966206
cbd,CBD distance,primary,1,sa1,SA1,1,house,House,1,none,No FE,1,full,121,-0.31428145763481,-0.314219865649323,0.0000615919854864977
cbd,CBD distance,primary,1,sa1,SA1,1,house,House,1,none,No FE,1,full,122,-0.307520598572584,-0.307579223829672,-0.0000586252570877743
cbd,CBD distance,primary,1,sa1,SA1,1,house,House,1,none,No FE,1,full,123,-0.309716973088424,-0.309703301935275,0.0000136711531490974
cbd,CBD distance,primary,1,sa1,SA1,1,house,House,1,none,No FE,1,full,124,-0.306037201980998,-0.306068407972969,-0.0000312059919717611
cbd,CBD distance,primary,1,sa1,SA1,1,house,House,1,none,No FE,1,full,125,-0.306074915135358,-0.306006171647023,0.0000687434883347438
cbd,CBD distance,primary,1,sa1,SA1,1,house,House,1,none,No FE,1,full,126,-0.309324825332173,-0.309386944786172,-0.0000621194539990322
cbd,CBD distance,primary,1,sa1,SA1,1,house,House,1,none,No FE,1,full,127,-0.314258359539624,-0.3142797649727,-0.0000214054330763824
cbd,CBD distance,primary,1,sa1,SA1,1,house,House,1,none,No FE,1,full,128,-0.30866138200944,-0.308629185555466,0.0000321964539749531
cbd,CBD distance,primary,1,sa1,SA1,1,house,House,1,none,No FE,1,full,129,-0.310736725813361,-0.31080612425684,-0.0000693984434789186
cbd,CBD distance,primary,1,sa1,SA1,1,house,House,1,none,No FE,1,full,130,-0.308939251651791,-0.309002859768808,-0.0000636081170175551
cbd,CBD distance,primary,1,sa1,SA1,1,house,House,1,none,No FE,1,full,131,-0.309546760074907,-0.309602837197073,-0.0000560771221655987
cbd,CBD distance,primary,1,sa1,SA1,1,house,House,1,none,No FE,1,full,132,-0.309424425196966,-0.309446414179424,-0.0000219889824579766
cbd,CBD distance,primary,1,sa1,SA1,1,house,House,1,none,No FE,1,full,133,-0.304328369035555,-0.304328831959424,-0.000000462923869126719
cbd,CBD distance,primary,1,sa1,SA1,1,house,House,1,none,No FE,1,full,134,-0.321941729819693,-0.321904779778039,0.0000369500416541047
cbd,CBD distance,primary,1,sa1,SA1,1,house,House,1,none,No FE,1,full,135,-0.31095181610597,-0.310935476291516,0.000016339814453703
cbd,CBD distance,primary,1,sa1,SA1,1,house,House,1,none,No FE,1,full,136,-0.30382952165494,-0.3038668804302,-0.0000373587752608984
cbd,CBD distance,primary,1,sa1,SA1,1,house,House,1,none,No FE,1,full,137,-0.309462277122571,-0.309457529825485,0.00000474729708577204
cbd,CBD distance,primary,1,sa1,SA1,1,house,House,1,none,No FE,1,full,138,-0.313089201615938,-0.31306778529763,0.000021416318308487
cbd,CBD distance,primary,1,sa1,SA1,1,house,House,1,none,No FE,1,full,139,-0.306568325372064,-0.306627792242571,-0.0000594668705068968
cbd,CBD distance,primary,1,sa1,SA1,1,house,House,1,none,No FE,1,full,140,-0.310111529502298,-0.310050176724709,0.0000613527775891742
cbd,CBD distance,primary,1,sa1,SA1,1,house,House,1,none,No FE,1,full,141,-0.306948311339148,-0.307027903153406,-0.0000795918142574292
cbd,CBD distance,primary,1,sa1,SA1,1,house,House,1,none,No FE,1,full,142,-0.311807504036906,-0.31186754078627,-0.0000600367493637233
cbd,CBD distance,primary,1,sa1,SA1,1,house,House,1,none,No FE,1,full,143,-0.305771951284019,-0.305831722748217,-0.0000597714641980551
cbd,CBD distance,primary,1,sa1,SA1,1,house,House,1,none,No FE,1,full,144,-0.309165672717262,-0.309198135421447,-0.0000324627041849435
cbd,CBD distance,primary,1,sa1,SA1,1,house,House,1,none,No FE,1,full,145,-0.306191360732172,-0.306232419793138,-0.0000410590609656314
cbd,CBD distance,primary,1,sa1,SA1,1,house,House,1,none,No FE,1,full,146,-0.305630260560573,-0.305696692072169,-0.0000664315115955771
cbd,CBD distance,primary,1,sa1,SA1,1,house,House,1,none,No FE,1,full,147,-0.305878017517288,-0.305857256993132,0.0000207605241554498
cbd,CBD distance,primary,1,sa1,SA1,1,house,House,1,none,No FE,1,full,148,-0.307207850756184,-0.307247430622847,-0.000039579866663475
cbd,CBD distance,primary,1,sa1,SA1,1,house,House,1,none,No FE,1,full,149,-0.312325411117678,-0.312434790497531,-0.000109379379852559
cbd,CBD distance,primary,1,sa1,SA1,1,house,House,1,none,No FE,1,full,150,-0.305292641406419,-0.305331164290574,-0.0000385228841545682
cbd,CBD distance,primary,1,sa1,SA1,1,house,House,1,none,No FE,1,full,151,-0.312769320855532,-0.312854554931414,-0.0000852340758812908
cbd,CBD distance,primary,1,sa1,SA1,1,house,House,1,none,No FE,1,full,152,-0.309767281711476,-0.309804908697872,-0.0000376269863953116
cbd,CBD distance,primary,1,sa1,SA1,1,house,House,1,none,No FE,1,full,153,-0.31345887441094,-0.313406591195704,0.0000522832152364261
cbd,CBD distance,primary,1,sa1,SA1,1,house,House,1,none,No FE,1,full,154,-0.314743227159773,-0.314719546510005,0.00002368064976771
cbd,CBD distance,primary,1,sa1,SA1,1,house,House,1,none,No FE,1,full,155,-0.307590157110184,-0.307522886210789,0.0000672708993942339
cbd,CBD distance,primary,1,sa1,SA1,1,house,House,1,none,No FE,1,full,156,-0.309612933989236,-0.309666380894738,-0.0000534469055020748
cbd,CBD distance,primary,1,sa1,SA1,1,house,House,1,none,No FE,1,full,157,-0.30876938473507,-0.308756837269925,0.000012547465145285
cbd,CBD distance,primary,1,sa1,SA1,1,house,House,1,none,No FE,1,full,158,-0.309545901124714,-0.309520425513778,0.0000254756109357435
cbd,CBD distance,primary,1,sa1,SA1,1,house,House,1,none,No FE,1,full,159,-0.303970836177936,-0.303972525962634,-0.00000168978469800019
cbd,CBD distance,primary,1,sa1,SA1,1,house,House,1,none,No FE,1,full,160,-0.305001923231964,-0.305111621449154,-0.000109698217189869
cbd,CBD distance,primary,1,sa1,SA1,1,house,House,1,none,No FE,1,full,161,-0.303357581170343,-0.30337516067074,-0.0000175795003968249
cbd,CBD distance,primary,1,sa1,SA1,1,house,House,1,none,No FE,1,full,162,-0.309371417725643,-0.309448345902511,-0.0000769281768683294
cbd,CBD distance,primary,1,sa1,SA1,1,house,House,1,none,No FE,1,full,163,-0.307656109825887,-0.307715817815936,-0.0000597079900488406
cbd,CBD distance,primary,1,sa1,SA1,1,house,House,1,none,No FE,1,full,164,-0.317523602154103,-0.317453071522038,0.0000705306320650245
cbd,CBD distance,primary,1,sa1,SA1,1,house,House,1,none,No FE,1,full,165,-0.309973355147,-0.310042984645169,-0.0000696294981691326
cbd,CBD distance,primary,1,sa1,SA1,1,house,House,1,none,No FE,1,full,166,-0.30779735527115,-0.307847713746982,-0.0000503584758315689
cbd,CBD distance,primary,1,sa1,SA1,1,house,House,1,none,No FE,1,full,167,-0.30099786673456,-0.301076969380291,-0.0000791026457306332
cbd,CBD distance,primary,1,sa1,SA1,1,house,House,1,none,No FE,1,full,168,-0.307819464581654,-0.307714324983094,0.000105139598560233
cbd,CBD distance,primary,1,sa1,SA1,1,house,House,1,none,No FE,1,full,169,-0.306971739208456,-0.306972492644158,-0.000000753435701550398
cbd,CBD distance,primary,1,sa1,SA1,1,house,House,1,none,No FE,1,full,170,-0.311625618633336,-0.311605351238606,0.0000202673947309329
cbd,CBD distance,primary,1,sa1,SA1,1,house,House,1,none,No FE,1,full,171,-0.310843642016964,-0.310896228144411,-0.0000525861274471295
cbd,CBD distance,primary,1,sa1,SA1,1,house,House,1,none,No FE,1,full,172,-0.315333857740165,-0.315327242417436,0.00000661532272960841
cbd,CBD distance,primary,1,sa1,SA1,1,house,House,1,none,No FE,1,full,173,-0.309763837126329,-0.309725237448179,0.0000385996781502307
cbd,CBD distance,primary,1,sa1,SA1,1,house,House,1,none,No FE,1,full,174,-0.310579471951936,-0.310617813927589,-0.0000383419756532777
cbd,CBD distance,primary,1,sa1,SA1,1,house,House,1,none,No FE,1,full,175,-0.304449141596144,-0.304513098457202,-0.0000639568610575902
cbd,CBD distance,primary,1,sa1,SA1,1,house,House,1,none,No FE,1,full,176,-0.304974427432165,-0.304983579499742,-0.00000915206757789999
cbd,CBD distance,primary,1,sa1,SA1,1,house,House,1,none,No FE,1,full,177,-0.310322158002786,-0.310304044623101,0.0000181133796850474
cbd,CBD distance,primary,1,sa1,SA1,1,house,House,1,none,No FE,1,full,178,-0.305288965207032,-0.305308216869808,-0.0000192516627761652
cbd,CBD distance,primary,1,sa1,SA1,1,house,House,1,none,No FE,1,full,179,-0.303366006221364,-0.303435001556732,-0.0000689953353674166
cbd,CBD distance,primary,1,sa1,SA1,1,house,House,1,none,No FE,1,full,180,-0.30976181653372,-0.309698232916972,0.0000635836167483528
cbd,CBD distance,primary,1,sa1,SA1,1,house,House,1,none,No FE,1,full,181,-0.309875956533587,-0.309913546546057,-0.0000375900124700013
cbd,CBD distance,primary,1,sa1,SA1,1,house,House,1,none,No FE,1,full,182,-0.305997497151649,-0.305964550152981,0.000032946998668848
cbd,CBD distance,primary,1,sa1,SA1,1,house,House,1,none,No FE,1,full,183,-0.307205405860637,-0.307269560687531,-0.0000641548268940917
cbd,CBD distance,primary,1,sa1,SA1,1,house,House,1,none,No FE,1,full,184,-0.305867217562141,-0.305865424194248,0.00000179336789268847
cbd,CBD distance,primary,1,sa1,SA1,1,house,House,1,none,No FE,1,full,185,-0.308294345325959,-0.308308025710548,-0.0000136803845884881
cbd,CBD distance,primary,1,sa1,SA1,1,house,House,1,none,No FE,1,full,186,-0.309402868354928,-0.309360904394941,0.0000419639599874566
cbd,CBD distance,primary,1,sa1,SA1,1,house,House,1,none,No FE,1,full,187,-0.303937200128027,-0.303970193392945,-0.0000329932649181242
cbd,CBD distance,primary,1,sa1,SA1,1,house,House,1,none,No FE,1,full,188,-0.314704563710653,-0.314630269901352,0.0000742938093009626
cbd,CBD distance,primary,1,sa1,SA1,1,house,House,1,none,No FE,1,full,189,-0.308479549401699,-0.308450532309715,0.0000290170919837185
cbd,CBD distance,primary,1,sa1,SA1,1,house,House,1,none,No FE,1,full,190,-0.304249555573155,-0.304277807455905,-0.0000282518827504075
cbd,CBD distance,primary,1,sa1,SA1,1,house,House,1,none,No FE,1,full,191,-0.309473794151141,-0.309526219611362,-0.0000524254602211061
cbd,CBD distance,primary,1,sa1,SA1,1,house,House,1,none,No FE,1,full,192,-0.307048631241474,-0.307153762767815,-0.000105131526341284
cbd,CBD distance,primary,1,sa1,SA1,1,house,House,1,none,No FE,1,full,193,-0.306355505704381,-0.306366394190424,-0.0000108884860437475
cbd,CBD distance,primary,1,sa1,SA1,1,house,House,1,none,No FE,1,full,194,-0.3081320126729,-0.308147776126362,-0.0000157634534626583
cbd,CBD distance,primary,1,sa1,SA1,1,house,House,1,none,No FE,1,full,195,-0.310577675579701,-0.310532288767095,0.0000453868126056856
cbd,CBD distance,primary,1,sa1,SA1,1,house,House,1,none,No FE,1,full,196,-0.305322866509848,-0.305289554485577,0.0000333120242718143
cbd,CBD distance,primary,1,sa1,SA1,1,house,House,1,none,No FE,1,full,197,-0.30283525852666,-0.302856600638462,-0.0000213421118023804
cbd,CBD distance,primary,1,sa1,SA1,1,house,House,1,none,No FE,1,full,198,-0.303495222310678,-0.303481413328288,0.0000138089823906729
cbd,CBD distance,primary,1,sa1,SA1,1,house,House,1,none,No FE,1,full,199,-0.305047844906013,-0.305073855691378,-0.0000260107853645164
cbd,CBD distance,primary,1,sa1,SA1,1,house,House,1,none,No FE,1,full,200,-0.304837006133376,-0.304916729929758,-0.0000797237963810482
cbd,CBD distance,primary,1,sa1,SA1,1,house,House,1,none,No FE,1,full,201,-0.305538110159871,-0.305594040581292,-0.0000559304214212131
cbd,CBD distance,primary,1,sa1,SA1,1,house,House,1,none,No FE,1,full,202,-0.310031055260108,-0.31005940334922,-0.0000283480891120069
cbd,CBD distance,primary,1,sa1,SA1,1,house,House,1,none,No FE,1,full,203,-0.309076235017936,-0.309104697368665,-0.0000284623507296744
cbd,CBD distance,primary,1,sa1,SA1,1,house,House,1,none,No FE,1,full,204,-0.308758533350103,-0.308806347700006,-0.0000478143499030859
cbd,CBD distance,primary,1,sa1,SA1,1,house,House,1,none,No FE,1,full,205,-0.311242903909219,-0.31122431647734,0.0000185874318791579
cbd,CBD distance,primary,1,sa1,SA1,1,house,House,1,none,No FE,1,full,206,-0.30880953758254,-0.308839291882349,-0.0000297542998093925
cbd,CBD distance,primary,1,sa1,SA1,1,house,House,1,none,No FE,1,full,207,-0.308534999280521,-0.308540259425578,-0.00000526014505741745
cbd,CBD distance,primary,1,sa1,SA1,1,house,House,1,none,No FE,1,full,208,-0.310092735627162,-0.310091817680103,0.000000917947059808633
cbd,CBD distance,primary,1,sa1,SA1,1,house,House,1,none,No FE,1,full,209,-0.307301104883265,-0.30729209538289,0.00000900950037568959
cbd,CBD distance,primary,1,sa1,SA1,1,house,House,1,none,No FE,1,full,210,-0.30311026029309,-0.303092530511671,0.0000177297814192845
cbd,CBD distance,primary,1,sa1,SA1,1,house,House,1,none,No FE,1,full,211,-0.314267243713043,-0.314262109933924,0.00000513377911887103
cbd,CBD distance,primary,1,sa1,SA1,1,house,House,1,none,No FE,1,full,212,-0.308729526007093,-0.308729898914548,-0.000000372907455026272
cbd,CBD distance,primary,1,sa1,SA1,1,house,House,1,none,No FE,1,full,213,-0.305986047795931,-0.30595349063324,0.0000325571626907384
cbd,CBD distance,primary,1,sa1,SA1,1,house,House,1,none,No FE,1,full,214,-0.299987939645691,-0.299955410615893,0.0000325290297981118
cbd,CBD distance,primary,1,sa1,SA1,1,house,House,1,none,No FE,1,full,215,-0.307182180118496,-0.307212026458456,-0.0000298463399601157
cbd,CBD distance,primary,1,sa1,SA1,1,house,House,1,none,No FE,1,full,216,-0.311474239968013,-0.311574037568826,-0.0000997976008131896
cbd,CBD distance,primary,1,sa1,SA1,1,house,House,1,none,No FE,1,full,217,-0.305881935383783,-0.305806663589615,0.0000752717941676639
cbd,CBD distance,primary,1,sa1,SA1,1,house,House,1,none,No FE,1,full,218,-0.306055033654554,-0.30602550259278,0.0000295310617735023
cbd,CBD distance,primary,1,sa1,SA1,1,house,House,1,none,No FE,1,full,219,-0.307236027874074,-0.307303648964083,-0.0000676210900097396
cbd,CBD distance,primary,1,sa1,SA1,1,house,House,1,none,No FE,1,full,220,-0.311161871931754,-0.311134687031033,0.0000271849007207337
cbd,CBD distance,primary,1,sa1,SA1,1,house,House,1,none,No FE,1,full,221,-0.309862410859407,-0.309907672280084,-0.0000452614206772894
cbd,CBD distance,primary,1,sa1,SA1,1,house,House,1,none,No FE,1,full,222,-0.313615766315761,-0.313568303582329,0.0000474627334319799
cbd,CBD distance,primary,1,sa1,SA1,1,house,House,1,none,No FE,1,full,223,-0.306468806113985,-0.306418057399793,0.0000507487141919727
cbd,CBD distance,primary,1,sa1,SA1,1,house,House,1,none,No FE,1,full,224,-0.311770578835534,-0.311852616652193,-0.0000820378166589975
cbd,CBD distance,primary,1,sa1,SA1,1,house,House,1,none,No FE,1,full,225,-0.310589221879626,-0.310636512161582,-0.0000472902819561027
cbd,CBD distance,primary,1,sa1,SA1,1,house,House,1,none,No FE,1,full,226,-0.311509740938825,-0.311592995292865,-0.0000832543540401631
cbd,CBD distance,primary,1,sa1,SA1,1,house,House,1,none,No FE,1,full,227,-0.307207878649386,-0.307299932856355,-0.0000920542069694497
cbd,CBD distance,primary,1,sa1,SA1,1,house,House,1,none,No FE,1,full,228,-0.311910559997224,-0.311880767206983,0.0000297927902406236
cbd,CBD distance,primary,1,sa1,SA1,1,house,House,1,none,No FE,1,full,229,-0.30454286655919,-0.304574507851166,-0.0000316412919755815
cbd,CBD distance,primary,1,sa1,SA1,1,house,House,1,none,No FE,1,full,230,-0.308668354699445,-0.308634567134168,0.0000337875652770547
cbd,CBD distance,primary,1,sa1,SA1,1,house,House,1,none,No FE,1,full,231,-0.308489839935128,-0.308493763748911,-0.00000392381378272466
cbd,CBD distance,primary,1,sa1,SA1,1,house,House,1,none,No FE,1,full,232,-0.30968216862595,-0.309660994930089,0.000021173695861243
cbd,CBD distance,primary,1,sa1,SA1,1,house,House,1,none,No FE,1,full,233,-0.315091924474242,-0.31509368552131,-0.00000176104706778313
cbd,CBD distance,primary,1,sa1,SA1,1,house,House,1,none,No FE,1,full,234,-0.308010035262023,-0.308054424639082,-0.0000443893770594173
cbd,CBD distance,primary,1,sa1,SA1,1,house,House,1,none,No FE,1,full,235,-0.316203320072655,-0.316279033244874,-0.0000757131722181059
cbd,CBD distance,primary,1,sa1,SA1,1,house,House,1,none,No FE,1,full,236,-0.306978353470065,-0.307052782077257,-0.0000744286071917566
cbd,CBD distance,primary,1,sa1,SA1,1,house,House,1,none,No FE,1,full,237,-0.310248585485861,-0.310191162594323,0.0000574228915385944
cbd,CBD distance,primary,1,sa1,SA1,1,house,House,1,none,No FE,1,full,238,-0.309978391000568,-0.310038224355492,-0.0000598333549238217
cbd,CBD distance,primary,1,sa1,SA1,1,house,House,1,none,No FE,1,full,239,-0.311761870653794,-0.311732016052036,0.0000298546017577506
cbd,CBD distance,primary,1,sa1,SA1,1,house,House,1,none,No FE,1,full,240,-0.309012238047421,-0.309056337190142,-0.0000440991427208548
cbd,CBD distance,primary,1,sa1,SA1,1,house,House,1,none,No FE,1,full,241,-0.301811940102624,-0.301860389716688,-0.0000484496140643609
cbd,CBD distance,primary,1,sa1,SA1,1,house,House,1,none,No FE,1,full,242,-0.307466784165914,-0.307491335391807,-0.0000245512258937874
cbd,CBD distance,primary,1,sa1,SA1,1,house,House,1,none,No FE,1,full,243,-0.311014922915202,-0.310970487727304,0.0000444351878980398
cbd,CBD distance,primary,1,sa1,SA1,1,house,House,1,none,No FE,1,full,244,-0.311429448271152,-0.311458309506851,-0.0000288612356993956
cbd,CBD distance,primary,1,sa1,SA1,1,house,House,1,none,No FE,1,full,245,-0.303565837630207,-0.303657595564785,-0.0000917579345783293
cbd,CBD distance,primary,1,sa1,SA1,1,house,House,1,none,No FE,1,full,246,-0.310763682859314,-0.31074006319162,0.0000236196676936529
cbd,CBD distance,primary,1,sa1,SA1,1,house,House,1,none,No FE,1,full,247,-0.30950004210195,-0.309568824881535,-0.0000687827795842755
cbd,CBD distance,primary,1,sa1,SA1,1,house,House,1,none,No FE,1,full,248,-0.305151279685731,-0.305232474079122,-0.0000811943933907711
cbd,CBD distance,primary,1,sa1,SA1,1,house,House,1,none,No FE,1,full,249,-0.307847061354642,-0.307944029321195,-0.000096967966552397
cbd,CBD distance,primary,1,sa1,SA1,1,house,House,1,none,No FE,1,full,250,-0.307867447343302,-0.307820795206931,0.0000466521363711725
cbd,CBD distance,primary,1,sa1,SA1,1,house,House,1,none,No FE,1,full,251,-0.310624252904379,-0.310661555961987,-0.0000373030576077404
cbd,CBD distance,primary,1,sa1,SA1,1,house,House,1,none,No FE,1,full,252,-0.309345553825667,-0.309419606880068,-0.0000740530544010576
cbd,CBD distance,primary,1,sa1,SA1,1,house,House,1,none,No FE,1,full,253,-0.303872623566254,-0.303916429484916,-0.0000438059186621542
cbd,CBD distance,primary,1,sa1,SA1,1,house,House,1,none,No FE,1,full,254,-0.304448559923698,-0.304501233540143,-0.0000526736164455643
cbd,CBD distance,primary,1,sa1,SA1,1,house,House,1,none,No FE,1,full,255,-0.311675768913312,-0.311647127398348,0.0000286415149636787
cbd,CBD distance,primary,1,sa1,SA1,1,house,House,1,none,No FE,1,full,256,-0.314753023345419,-0.314702047009948,0.0000509763354709647
cbd,CBD distance,primary,1,sa1,SA1,1,house,House,1,none,No FE,1,full,257,-0.309186688992078,-0.309181898215607,0.0000047907764711419
cbd,CBD distance,primary,1,sa1,SA1,1,house,House,1,none,No FE,1,full,258,-0.307457870719836,-0.307408487463147,0.0000493832566890728
cbd,CBD distance,primary,1,sa1,SA1,1,house,House,1,none,No FE,1,full,259,-0.307317589750506,-0.307409299199951,-0.0000917094494448656
cbd,CBD distance,primary,1,sa1,SA1,1,house,House,1,none,No FE,1,full,260,-0.309029706170545,-0.309053774195709,-0.0000240680251639702
cbd,CBD distance,primary,1,sa1,SA1,1,house,House,1,none,No FE,1,full,261,-0.306086543534755,-0.306054269972938,0.0000322735618173975
cbd,CBD distance,primary,1,sa1,SA1,1,house,House,1,none,No FE,1,full,262,-0.306400516844192,-0.30646035491294,-0.000059838068747764
cbd,CBD distance,primary,1,sa1,SA1,1,house,House,1,none,No FE,1,full,263,-0.311573845248165,-0.311604198427553,-0.0000303531793885981
cbd,CBD distance,primary,1,sa1,SA1,1,house,House,1,none,No FE,1,full,264,-0.314917606856851,-0.314954468181436,-0.0000368613245848026
cbd,CBD distance,primary,1,sa1,SA1,1,house,House,1,none,No FE,1,full,265,-0.306018155461413,-0.306053112647261,-0.0000349571858477837
cbd,CBD distance,primary,1,sa1,SA1,1,house,House,1,none,No FE,1,full,266,-0.308111125043413,-0.308186560769335,-0.0000754357259221683
cbd,CBD distance,primary,1,sa1,SA1,1,house,House,1,none,No FE,1,full,267,-0.308580437643728,-0.30857253751812,0.00000790012560802911
cbd,CBD distance,primary,1,sa1,SA1,1,house,House,1,none,No FE,1,full,268,-0.312833546544527,-0.312793189556965,0.0000403569875622178
cbd,CBD distance,primary,1,sa1,SA1,1,house,House,1,none,No FE,1,full,269,-0.314431218712925,-0.314493615323041,-0.0000623966101154783
cbd,CBD distance,primary,1,sa1,SA1,1,house,House,1,none,No FE,1,full,270,-0.306140891671958,-0.306081975363436,0.000058916308521284
cbd,CBD distance,primary,1,sa1,SA1,1,house,House,1,none,No FE,1,full,271,-0.30799611122869,-0.308073310331215,-0.0000771991025252383
cbd,CBD distance,primary,1,sa1,SA1,1,house,House,1,none,No FE,1,full,272,-0.304211180943055,-0.304183144344762,0.0000280365982936459
cbd,CBD distance,primary,1,sa1,SA1,1,house,House,1,none,No FE,1,full,273,-0.305760057628421,-0.305851558450353,-0.0000915008219325997
cbd,CBD distance,primary,1,sa1,SA1,1,house,House,1,none,No FE,1,full,274,-0.308379159259033,-0.308319475485334,0.0000596837736983602
cbd,CBD distance,primary,1,sa1,SA1,1,house,House,1,none,No FE,1,full,275,-0.309248437635925,-0.30929617063617,-0.000047733000244965
cbd,CBD distance,primary,1,sa1,SA1,1,house,House,1,none,No FE,1,full,276,-0.30851820754097,-0.308531564389372,-0.0000133568484018687
cbd,CBD distance,primary,1,sa1,SA1,1,house,House,1,none,No FE,1,full,277,-0.309341931495489,-0.309376463427945,-0.0000345319324562277
cbd,CBD distance,primary,1,sa1,SA1,1,house,House,1,none,No FE,1,full,278,-0.31218992416057,-0.312261259757639,-0.0000713355970690666
cbd,CBD distance,primary,1,sa1,SA1,1,house,House,1,none,No FE,1,full,279,-0.309038003822285,-0.309067550874015,-0.0000295470517298613
cbd,CBD distance,primary,1,sa1,SA1,1,house,House,1,none,No FE,1,full,280,-0.307638386057189,-0.307687535127937,-0.0000491490707481557
cbd,CBD distance,primary,1,sa1,SA1,1,house,House,1,none,No FE,1,full,281,-0.310688689964491,-0.31062605913742,0.0000626308270710307
cbd,CBD distance,primary,1,sa1,SA1,1,house,House,1,none,No FE,1,full,282,-0.30967332495882,-0.309624019763323,0.0000493051954967849
cbd,CBD distance,primary,1,sa1,SA1,1,house,House,1,none,No FE,1,full,283,-0.308178759487722,-0.308264533923943,-0.0000857744362212087
cbd,CBD distance,primary,1,sa1,SA1,1,house,House,1,none,No FE,1,full,284,-0.307931586813536,-0.30802535656048,-0.0000937697469444165
cbd,CBD distance,primary,1,sa1,SA1,1,house,House,1,none,No FE,1,full,285,-0.307397534603665,-0.307462716264241,-0.0000651816605753974
cbd,CBD distance,primary,1,sa1,SA1,1,house,House,1,none,No FE,1,full,286,-0.305282256299044,-0.305328675866322,-0.0000464195672780776
cbd,CBD distance,primary,1,sa1,SA1,1,house,House,1,none,No FE,1,full,287,-0.304245941502237,-0.304217264550856,0.0000286769513818674
cbd,CBD distance,primary,1,sa1,SA1,1,house,House,1,none,No FE,1,full,288,-0.31205997491784,-0.312104833429245,-0.0000448585114058431
cbd,CBD distance,primary,1,sa1,SA1,1,house,House,1,none,No FE,1,full,289,-0.306039453330466,-0.305970688031874,0.0000687652985916221
cbd,CBD distance,primary,1,sa1,SA1,1,house,House,1,none,No FE,1,full,290,-0.305109203878814,-0.30515671418065,-0.0000475103018358625
cbd,CBD distance,primary,1,sa1,SA1,1,house,House,1,none,No FE,1,full,291,-0.31400115318285,-0.313954432806825,0.0000467203760252666
cbd,CBD distance,primary,1,sa1,SA1,1,house,House,1,none,No FE,1,full,292,-0.310064485622458,-0.310098604026384,-0.0000341184039254761
cbd,CBD distance,primary,1,sa1,SA1,1,house,House,1,none,No FE,1,full,293,-0.309935293857581,-0.309961996786775,-0.000026702929193656
cbd,CBD distance,primary,1,sa1,SA1,1,house,House,1,none,No FE,1,full,294,-0.304538561241862,-0.304576681995619,-0.0000381207537565875
cbd,CBD distance,primary,1,sa1,SA1,1,house,House,1,none,No FE,1,full,295,-0.306343072313699,-0.306398231703692,-0.0000551593899928426
cbd,CBD distance,primary,1,sa1,SA1,1,house,House,1,none,No FE,1,full,296,-0.308154025343194,-0.308151392748607,0.00000263259458738174
cbd,CBD distance,primary,1,sa1,SA1,1,house,House,1,none,No FE,1,full,297,-0.309305839489896,-0.309332524250927,-0.0000266847610301824
cbd,CBD distance,primary,1,sa1,SA1,1,house,House,1,none,No FE,1,full,298,-0.307227420799945,-0.307283893846861,-0.0000564730469155839
cbd,CBD distance,primary,1,sa1,SA1,1,house,House,1,none,No FE,1,full,299,-0.314162075638235,-0.314143983015243,0.0000180926229916834
cbd,CBD distance,primary,1,sa1,SA1,1,house,House,1,none,No FE,1,full,300,-0.309207908198755,-0.309264753329153,-0.0000568451303986639
cbd,CBD distance,primary,1,sa1,SA1,1,house,House,1,none,No FE,1,full,301,-0.307283412882609,-0.307267476528468,0.000015936354141266
cbd,CBD distance,primary,1,sa1,SA1,1,house,House,1,none,No FE,1,full,302,-0.303559840194993,-0.303623493756857,-0.0000636535618637746
cbd,CBD distance,primary,1,sa1,SA1,1,house,House,1,none,No FE,1,full,303,-0.302443811516865,-0.302522660541633,-0.0000788490247686791
cbd,CBD distance,primary,1,sa1,SA1,1,house,House,1,none,No FE,1,full,304,-0.296416012005162,-0.296480813160481,-0.0000648011553188721
cbd,CBD distance,primary,1,sa1,SA1,1,house,House,1,none,No FE,1,full,305,-0.308924283067632,-0.309026813062878,-0.000102529995245904
cbd,CBD distance,primary,1,sa1,SA1,1,house,House,1,none,No FE,1,full,306,-0.302696900102327,-0.302686474550578,0.0000104255517484053
cbd,CBD distance,primary,1,sa1,SA1,1,house,House,1,none,No FE,1,full,307,-0.30779571829011,-0.307750667212957,0.000045051077153524
cbd,CBD distance,primary,1,sa1,SA1,1,house,House,1,none,No FE,1,full,308,-0.309697289683817,-0.30978889771455,-0.0000916080307336586
cbd,CBD distance,primary,1,sa1,SA1,1,house,House,1,none,No FE,1,full,309,-0.315820045474327,-0.315745470879097,0.0000745745952304144
cbd,CBD distance,primary,1,sa1,SA1,1,house,House,1,none,No FE,1,full,310,-0.313137271985085,-0.313113915159738,0.0000233568253473759
cbd,CBD distance,primary,1,sa1,SA1,1,house,House,1,none,No FE,1,full,311,-0.310481907336755,-0.310443773534734,0.0000381338020211119
cbd,CBD distance,primary,1,sa1,SA1,1,house,House,1,none,No FE,1,full,312,-0.303363040183368,-0.303402127683152,-0.0000390874997834301
cbd,CBD distance,primary,1,sa1,SA1,1,house,House,1,none,No FE,1,full,313,-0.310803887789044,-0.310770628762356,0.0000332590266881039
cbd,CBD distance,primary,1,sa1,SA1,1,house,House,1,none,No FE,1,full,314,-0.31193369619396,-0.311987458523934,-0.0000537623299741719
cbd,CBD distance,primary,1,sa1,SA1,1,house,House,1,none,No FE,1,full,315,-0.302719872563542,-0.302769250717055,-0.000049378153513191
cbd,CBD distance,primary,1,sa1,SA1,1,house,House,1,none,No FE,1,full,316,-0.307990504204216,-0.308055705785833,-0.0000652015816163809
cbd,CBD distance,primary,1,sa1,SA1,1,house,House,1,none,No FE,1,full,317,-0.306622544593179,-0.306710986943458,-0.0000884423502789944
cbd,CBD distance,primary,1,sa1,SA1,1,house,House,1,none,No FE,1,full,318,-0.307565729164868,-0.307579125657668,-0.0000133964928001329
cbd,CBD distance,primary,1,sa1,SA1,1,house,House,1,none,No FE,1,full,319,-0.310505958980204,-0.310547160811817,-0.00004120183161338
cbd,CBD distance,primary,1,sa1,SA1,1,house,House,1,none,No FE,1,full,320,-0.306321203582366,-0.306291920755505,0.0000292828268611545
cbd,CBD distance,primary,1,sa1,SA1,1,house,House,1,none,No FE,1,full,321,-0.31337953996248,-0.313343832785237,0.0000357071772423279
cbd,CBD distance,primary,1,sa1,SA1,1,house,House,1,none,No FE,1,full,322,-0.311630816433859,-0.311588206266097,0.0000426101677625801
cbd,CBD distance,primary,1,sa1,SA1,1,house,House,1,none,No FE,1,full,323,-0.305721768188472,-0.305668794345273,0.0000529738431989113
cbd,CBD distance,primary,1,sa1,SA1,1,house,House,1,none,No FE,1,full,324,-0.30764355993648,-0.307624822248207,0.0000187376882734847
cbd,CBD distance,primary,1,sa1,SA1,1,house,House,1,none,No FE,1,full,325,-0.309641961506966,-0.309693343888781,-0.0000513823818144576
cbd,CBD distance,primary,1,sa1,SA1,1,house,House,1,none,No FE,1,full,326,-0.313813116227958,-0.313861164895408,-0.0000480486674496183
cbd,CBD distance,primary,1,sa1,SA1,1,house,House,1,none,No FE,1,full,327,-0.302543114537678,-0.302611147259537,-0.0000680327218590682
cbd,CBD distance,primary,1,sa1,SA1,1,house,House,1,none,No FE,1,full,328,-0.313676694859845,-0.313701656369226,-0.0000249615093804723
cbd,CBD distance,primary,1,sa1,SA1,1,house,House,1,none,No FE,1,full,329,-0.304647084795916,-0.304692190602427,-0.0000451058065111254
cbd,CBD distance,primary,1,sa1,SA1,1,house,House,1,none,No FE,1,full,330,-0.312185491147176,-0.312246845946725,-0.0000613547995484964
cbd,CBD distance,primary,1,sa1,SA1,1,house,House,1,none,No FE,1,full,331,-0.303674246436949,-0.303666686649643,0.00000755978730637708
cbd,CBD distance,primary,1,sa1,SA1,1,house,House,1,none,No FE,1,full,332,-0.307421739866042,-0.307414717446163,0.00000702241987898811
cbd,CBD distance,primary,1,sa1,SA1,1,house,House,1,none,No FE,1,full,333,-0.302798319442992,-0.302776692380268,0.0000216270627239612
cbd,CBD distance,primary,1,sa1,SA1,1,house,House,1,none,No FE,1,full,334,-0.306479929301354,-0.30655932892825,-0.0000793996268960706
cbd,CBD distance,primary,1,sa1,SA1,1,house,House,1,none,No FE,1,full,335,-0.308869883273485,-0.308852372162067,0.000017511111417623
cbd,CBD distance,primary,1,sa1,SA1,1,house,House,1,none,No FE,1,full,336,-0.306537059989142,-0.306600869215547,-0.0000638092264054202
cbd,CBD distance,primary,1,sa1,SA1,1,house,House,1,none,No FE,1,full,337,-0.306961806013473,-0.306990319815136,-0.0000285138016635211
cbd,CBD distance,primary,1,sa1,SA1,1,house,House,1,none,No FE,1,full,338,-0.310150955890262,-0.310090004771407,0.0000609511188550127
cbd,CBD distance,primary,1,sa1,SA1,1,house,House,1,none,No FE,1,full,339,-0.304705986367655,-0.304749013115334,-0.0000430267476788648
cbd,CBD distance,primary,1,sa1,SA1,1,house,House,1,none,No FE,1,full,340,-0.307199622160646,-0.30720851718256,-0.00000889502191431246
cbd,CBD distance,primary,1,sa1,SA1,1,house,House,1,none,No FE,1,full,341,-0.307255390805843,-0.307239610635738,0.0000157801701053395
cbd,CBD distance,primary,1,sa1,SA1,1,house,House,1,none,No FE,1,full,342,-0.303785201073792,-0.303777837329974,0.00000736374381860028
cbd,CBD distance,primary,1,sa1,SA1,1,house,House,1,none,No FE,1,full,343,-0.309320248098456,-0.309234011932386,0.0000862361660695088
cbd,CBD distance,primary,1,sa1,SA1,1,house,House,1,none,No FE,1,full,344,-0.312799894754832,-0.312764369205566,0.0000355255492661688
cbd,CBD distance,primary,1,sa1,SA1,1,house,House,1,none,No FE,1,full,345,-0.307058956064478,-0.307125443986426,-0.0000664879219479664
cbd,CBD distance,primary,1,sa1,SA1,1,house,House,1,none,No FE,1,full,346,-0.305664899516751,-0.305685240815245,-0.0000203412984937645
cbd,CBD distance,primary,1,sa1,SA1,1,house,House,1,none,No FE,1,full,347,-0.311954922486191,-0.31189170625733,0.0000632162288610738
cbd,CBD distance,primary,1,sa1,SA1,1,house,House,1,none,No FE,1,full,348,-0.29719524769769,-0.297178604174198,0.0000166435234914553
cbd,CBD distance,primary,1,sa1,SA1,1,house,House,1,none,No FE,1,full,349,-0.310261883779017,-0.310308242003894,-0.00004635822487703
cbd,CBD distance,primary,1,sa1,SA1,1,house,House,1,none,No FE,1,full,350,-0.311782616990978,-0.311831042602834,-0.0000484256118555293
cbd,CBD distance,primary,1,sa1,SA1,1,house,House,1,none,No FE,1,full,351,-0.304598815588057,-0.304583417055593,0.0000153985324647943
cbd,CBD distance,primary,1,sa1,SA1,1,house,House,1,none,No FE,1,full,352,-0.31175176896557,-0.311778563242898,-0.0000267942773281016
cbd,CBD distance,primary,1,sa1,SA1,1,house,House,1,none,No FE,1,full,353,-0.303515543884623,-0.30348781492366,0.000027728960962814
cbd,CBD distance,primary,1,sa1,SA1,1,house,House,1,none,No FE,1,full,354,-0.309322381461726,-0.309263115849001,0.0000592656127249569
cbd,CBD distance,primary,1,sa1,SA1,1,house,House,1,none,No FE,1,full,355,-0.306083125920725,-0.306065767384855,0.0000173585358699824
cbd,CBD distance,primary,1,sa1,SA1,1,house,House,1,none,No FE,1,full,356,-0.304397542196143,-0.304467308141178,-0.0000697659450352162
cbd,CBD distance,primary,1,sa1,SA1,1,house,House,1,none,No FE,1,full,357,-0.312081029398928,-0.312064463086464,0.0000165663124646054
cbd,CBD distance,primary,1,sa1,SA1,1,house,House,1,none,No FE,1,full,358,-0.309026665570498,-0.309075332638464,-0.000048667067966135
cbd,CBD distance,primary,1,sa1,SA1,1,house,House,1,none,No FE,1,full,359,-0.308848011105137,-0.308884651080187,-0.0000366399750494351
cbd,CBD distance,primary,1,sa1,SA1,1,house,House,1,none,No FE,1,full,360,-0.306025709501921,-0.306007749526819,0.000017959975102344
cbd,CBD distance,primary,1,sa1,SA1,1,house,House,1,none,No FE,1,full,361,-0.308144395557966,-0.308059240732198,0.0000851548257677637
cbd,CBD distance,primary,1,sa1,SA1,1,house,House,1,none,No FE,1,full,362,-0.306744215627882,-0.306804268783067,-0.0000600531551849248
cbd,CBD distance,primary,1,sa1,SA1,1,house,House,1,none,No FE,1,full,363,-0.311767684478786,-0.311758509567735,0.00000917491105151269
cbd,CBD distance,primary,1,sa1,SA1,1,house,House,1,none,No FE,1,full,364,-0.305835451261937,-0.305880392900194,-0.0000449416382570234
cbd,CBD distance,primary,1,sa1,SA1,1,house,House,1,none,No FE,1,full,365,-0.314569858027814,-0.314533005278203,0.0000368527496103499
cbd,CBD distance,primary,1,sa1,SA1,1,house,House,1,none,No FE,1,full,366,-0.313037375740032,-0.313001529461004,0.0000358462790276959
cbd,CBD distance,primary,1,sa1,SA1,1,house,House,1,none,No FE,1,full,367,-0.310156479965367,-0.310098085489329,0.0000583944760383925
cbd,CBD distance,primary,1,sa1,SA1,1,house,House,1,none,No FE,1,full,368,-0.308971151710516,-0.308952191869058,0.0000189598414573333
cbd,CBD distance,primary,1,sa1,SA1,1,house,House,1,none,No FE,1,full,369,-0.317350508254154,-0.317407525606312,-0.000057017352157851
cbd,CBD distance,primary,1,sa1,SA1,1,house,House,1,none,No FE,1,full,370,-0.312332337575977,-0.312351937977172,-0.000019600401194364
cbd,CBD distance,primary,1,sa1,SA1,1,house,House,1,none,No FE,1,full,371,-0.307157228597378,-0.307153798847445,0.00000342974993311485
cbd,CBD distance,primary,1,sa1,SA1,1,house,House,1,none,No FE,1,full,372,-0.310299429196141,-0.310318896988031,-0.0000194677918902153
cbd,CBD distance,primary,1,sa1,SA1,1,house,House,1,none,No FE,1,full,373,-0.307453363567962,-0.307487595871936,-0.0000342323039730919
cbd,CBD distance,primary,1,sa1,SA1,1,house,House,1,none,No FE,1,full,374,-0.309263289586428,-0.309195539005284,0.0000677505811440549
cbd,CBD distance,primary,1,sa1,SA1,1,house,House,1,none,No FE,1,full,375,-0.310136436909267,-0.310244928493831,-0.000108491584564607
cbd,CBD distance,primary,1,sa1,SA1,1,house,House,1,none,No FE,1,full,376,-0.308352787583425,-0.308299946494205,0.0000528410892192688
cbd,CBD distance,primary,1,sa1,SA1,1,house,House,1,none,No FE,1,full,377,-0.311463751764842,-0.311399548251912,0.0000642035129304608
cbd,CBD distance,primary,1,sa1,SA1,1,house,House,1,none,No FE,1,full,378,-0.309984508902579,-0.309968738548962,0.0000157703536176057
cbd,CBD distance,primary,1,sa1,SA1,1,house,House,1,none,No FE,1,full,379,-0.306757140296775,-0.306712816007437,0.000044324289337927
cbd,CBD distance,primary,1,sa1,SA1,1,house,House,1,none,No FE,1,full,380,-0.311359142265096,-0.311304014773785,0.0000551274913113131
cbd,CBD distance,primary,1,sa1,SA1,1,house,House,1,none,No FE,1,full,381,-0.306263146086475,-0.306196560862178,0.0000665852242968112
cbd,CBD distance,primary,1,sa1,SA1,1,house,House,1,none,No FE,1,full,382,-0.303680925287073,-0.303632615521153,0.0000483097659196852
cbd,CBD distance,primary,1,sa1,SA1,1,house,House,1,none,No FE,1,full,383,-0.307793700707943,-0.307700503934032,0.000093196773911286
cbd,CBD distance,primary,1,sa1,SA1,1,house,House,1,none,No FE,1,full,384,-0.308525751388015,-0.308599405882569,-0.0000736544945536544
cbd,CBD distance,primary,1,sa1,SA1,1,house,House,1,none,No FE,1,full,385,-0.311636821873716,-0.311703540187697,-0.0000667183139813621
cbd,CBD distance,primary,1,sa1,SA1,1,house,House,1,none,No FE,1,full,386,-0.306913580124153,-0.306879934253577,0.0000336458705751386
cbd,CBD distance,primary,1,sa1,SA1,1,house,House,1,none,No FE,1,full,387,-0.30638450512235,-0.306431003333398,-0.0000464982110479073
cbd,CBD distance,primary,1,sa1,SA1,1,house,House,1,none,No FE,1,full,388,-0.302010415492687,-0.302045169776195,-0.0000347542835082981
cbd,CBD distance,primary,1,sa1,SA1,1,house,House,1,none,No FE,1,full,389,-0.310738057054803,-0.310694247970962,0.0000438090838403293
cbd,CBD distance,primary,1,sa1,SA1,1,house,House,1,none,No FE,1,full,390,-0.308391469386439,-0.308477504101375,-0.0000860347149368446
cbd,CBD distance,primary,1,sa1,SA1,1,house,House,1,none,No FE,1,full,391,-0.30810705123689,-0.308173215146486,-0.0000661639095959066
cbd,CBD distance,primary,1,sa1,SA1,1,house,House,1,none,No FE,1,full,392,-0.308237521706407,-0.308259986403478,-0.0000224646970705678
cbd,CBD distance,primary,1,sa1,SA1,1,house,House,1,none,No FE,1,full,393,-0.315487834014631,-0.31556754993789,-0.000079715923258783
cbd,CBD distance,primary,1,sa1,SA1,1,house,House,1,none,No FE,1,full,394,-0.307772027303934,-0.307816460626826,-0.0000444333228921678
cbd,CBD distance,primary,1,sa1,SA1,1,house,House,1,none,No FE,1,full,395,-0.315250787562265,-0.315205856636677,0.0000449309255876607
cbd,CBD distance,primary,1,sa1,SA1,1,house,House,1,none,No FE,1,full,396,-0.310681945959966,-0.310710565378291,-0.0000286194183243271
cbd,CBD distance,primary,1,sa1,SA1,1,house,House,1,none,No FE,1,full,397,-0.306289759847586,-0.306328562302462,-0.0000388024548761967
cbd,CBD distance,primary,1,sa1,SA1,1,house,House,1,none,No FE,1,full,398,-0.308624221420658,-0.308554674151577,0.0000695472690809273
cbd,CBD distance,primary,1,sa1,SA1,1,house,House,1,none,No FE,1,full,399,-0.300227112150513,-0.300209430315196,0.0000176818353167518
cbd,CBD distance,primary,1,sa1,SA1,1,house,House,1,none,No FE,1,full,400,-0.306862188986685,-0.306836139311666,0.0000260496750197903
cbd,CBD distance,primary,1,sa1,SA1,1,house,House,1,none,No FE,1,full,401,-0.310397692281342,-0.31036263376028,0.0000350585210623922
cbd,CBD distance,primary,1,sa1,SA1,1,house,House,1,none,No FE,1,full,402,-0.305560637132193,-0.305644168203749,-0.0000835310715555093
cbd,CBD distance,primary,1,sa1,SA1,1,house,House,1,none,No FE,1,full,403,-0.303659717202614,-0.303635440211061,0.0000242769915534402
cbd,CBD distance,primary,1,sa1,SA1,1,house,House,1,none,No FE,1,full,404,-0.304475797207779,-0.304498547882894,-0.0000227506751145912
cbd,CBD distance,primary,1,sa1,SA1,1,house,House,1,none,No FE,1,full,405,-0.309859772505105,-0.309795295040194,0.0000644774649112279
cbd,CBD distance,primary,1,sa1,SA1,1,house,House,1,none,No FE,1,full,406,-0.307807710929526,-0.307769216290041,0.0000384946394844099
cbd,CBD distance,primary,1,sa1,SA1,1,house,House,1,none,No FE,1,full,407,-0.308590584046098,-0.308641634484572,-0.0000510504384744204
cbd,CBD distance,primary,1,sa1,SA1,1,house,House,1,none,No FE,1,full,408,-0.309839238919275,-0.309841159221794,-0.00000192030251883191
cbd,CBD distance,primary,1,sa1,SA1,1,house,House,1,none,No FE,1,full,409,-0.304834424549446,-0.304860219424825,-0.0000257948753785708
cbd,CBD distance,primary,1,sa1,SA1,1,house,House,1,none,No FE,1,full,410,-0.310664706311625,-0.310704715991118,-0.0000400096794936911
cbd,CBD distance,primary,1,sa1,SA1,1,house,House,1,none,No FE,1,full,411,-0.308315288679774,-0.308278157587257,0.0000371310925167401
cbd,CBD distance,primary,1,sa1,SA1,1,house,House,1,none,No FE,1,full,412,-0.309454420498085,-0.309401199542791,0.000053220955293809
cbd,CBD distance,primary,1,sa1,SA1,1,house,House,1,none,No FE,1,full,413,-0.304434292607749,-0.30444022304846,-0.00000593044071056648
cbd,CBD distance,primary,1,sa1,SA1,1,house,House,1,none,No FE,1,full,414,-0.309053774694347,-0.309122512617013,-0.0000687379226661511
cbd,CBD distance,primary,1,sa1,SA1,1,house,House,1,none,No FE,1,full,415,-0.302757183625356,-0.302883066580515,-0.000125882955158807
cbd,CBD distance,primary,1,sa1,SA1,1,house,House,1,none,No FE,1,full,416,-0.311243347328216,-0.31117222955035,0.0000711177778662808
cbd,CBD distance,primary,1,sa1,SA1,1,house,House,1,none,No FE,1,full,417,-0.303453500558601,-0.303504900479152,-0.0000513999205503102
cbd,CBD distance,primary,1,sa1,SA1,1,house,House,1,none,No FE,1,full,418,-0.311024079301532,-0.310970112356779,0.0000539669447537361
cbd,CBD distance,primary,1,sa1,SA1,1,house,House,1,none,No FE,1,full,419,-0.310052486592358,-0.310100780540749,-0.0000482939483910649
cbd,CBD distance,primary,1,sa1,SA1,1,house,House,1,none,No FE,1,full,420,-0.303844238313229,-0.30374434495725,0.0000998933559787085
cbd,CBD distance,primary,1,sa1,SA1,1,house,House,1,none,No FE,1,full,421,-0.308557062660903,-0.308520300297306,0.0000367623635976755
cbd,CBD distance,primary,1,sa1,SA1,1,house,House,1,none,No FE,1,full,422,-0.31116580833286,-0.311198285155112,-0.0000324768222513816
cbd,CBD distance,primary,1,sa1,SA1,1,house,House,1,none,No FE,1,full,423,-0.306709698130838,-0.306726929824038,-0.0000172316931999483
cbd,CBD distance,primary,1,sa1,SA1,1,house,House,1,none,No FE,1,full,424,-0.301069405605842,-0.301065629535687,0.00000377607015561443
cbd,CBD distance,primary,1,sa1,SA1,1,house,House,1,none,No FE,1,full,425,-0.306144003018088,-0.306145320433365,-0.00000131741527720219
cbd,CBD distance,primary,1,sa1,SA1,1,house,House,1,none,No FE,1,full,426,-0.31055298607197,-0.310554043841272,-0.00000105776930198198
cbd,CBD distance,primary,1,sa1,SA1,1,house,House,1,none,No FE,1,full,427,-0.304106176075281,-0.304172852076714,-0.000066676001432453
cbd,CBD distance,primary,1,sa1,SA1,1,house,House,1,none,No FE,1,full,428,-0.30637021204805,-0.306409962819007,-0.000039750770956748
cbd,CBD distance,primary,1,sa1,SA1,1,house,House,1,none,No FE,1,full,429,-0.308400766230094,-0.308347654185123,0.0000531120449706601
cbd,CBD distance,primary,1,sa1,SA1,1,house,House,1,none,No FE,1,full,430,-0.311602915316267,-0.311681764833161,-0.0000788495168949077
cbd,CBD distance,primary,1,sa1,SA1,1,house,House,1,none,No FE,1,full,431,-0.313335830988004,-0.3133827105962,-0.0000468796081961598
cbd,CBD distance,primary,1,sa1,SA1,1,house,House,1,none,No FE,1,full,432,-0.309454943259895,-0.309528060037717,-0.0000731167778211805
cbd,CBD distance,primary,1,sa1,SA1,1,house,House,1,none,No FE,1,full,433,-0.304247034198675,-0.304262031015021,-0.0000149968163464242
cbd,CBD distance,primary,1,sa1,SA1,1,house,House,1,none,No FE,1,full,434,-0.305606300422269,-0.305553468143719,0.000052832278550019
cbd,CBD distance,primary,1,sa1,SA1,1,house,House,1,none,No FE,1,full,435,-0.313230050364127,-0.313308633447555,-0.0000785830834281187
cbd,CBD distance,primary,1,sa1,SA1,1,house,House,1,none,No FE,1,full,436,-0.310185919835866,-0.310253619856459,-0.0000677000205926426
cbd,CBD distance,primary,1,sa1,SA1,1,house,House,1,none,No FE,1,full,437,-0.309753716643346,-0.309852726190851,-0.0000990095475045805
cbd,CBD distance,primary,1,sa1,SA1,1,house,House,1,none,No FE,1,full,438,-0.308336590868984,-0.30840552472149,-0.0000689338525057814
cbd,CBD distance,primary,1,sa1,SA1,1,house,House,1,none,No FE,1,full,439,-0.313764431290027,-0.313771191656738,-0.00000676036671065639
cbd,CBD distance,primary,1,sa1,SA1,1,house,House,1,none,No FE,1,full,440,-0.308906604861607,-0.30895218092529,-0.0000455760636827174
cbd,CBD distance,primary,1,sa1,SA1,1,house,House,1,none,No FE,1,full,441,-0.308585357355324,-0.308594619813715,-0.00000926245839083517
cbd,CBD distance,primary,1,sa1,SA1,1,house,House,1,none,No FE,1,full,442,-0.310253042640699,-0.310190104739584,0.0000629379011153342
cbd,CBD distance,primary,1,sa1,SA1,1,house,House,1,none,No FE,1,full,443,-0.307211601670679,-0.307150395439003,0.0000612062316760476
cbd,CBD distance,primary,1,sa1,SA1,1,house,House,1,none,No FE,1,full,444,-0.304542140982871,-0.304601219501387,-0.0000590785185163312
cbd,CBD distance,primary,1,sa1,SA1,1,house,House,1,none,No FE,1,full,445,-0.302950906752675,-0.302987608831129,-0.0000367020784538541
cbd,CBD distance,primary,1,sa1,SA1,1,house,House,1,none,No FE,1,full,446,-0.316071619641762,-0.316049545463732,0.0000220741780305178
cbd,CBD distance,primary,1,sa1,SA1,1,house,House,1,none,No FE,1,full,447,-0.308048336688296,-0.308086323176802,-0.0000379864885053927
cbd,CBD distance,primary,1,sa1,SA1,1,house,House,1,none,No FE,1,full,448,-0.307074736397521,-0.307087586120055,-0.0000128497225345692
cbd,CBD distance,primary,1,sa1,SA1,1,house,House,1,none,No FE,1,full,449,-0.306243665048991,-0.306193346433608,0.000050318615383016
cbd,CBD distance,primary,1,sa1,SA1,1,house,House,1,none,No FE,1,full,450,-0.304245636542113,-0.304316064341907,-0.0000704277997933822
cbd,CBD distance,primary,1,sa1,SA1,1,house,House,1,none,No FE,1,full,451,-0.308066833124133,-0.308100123502605,-0.0000332903784722172
cbd,CBD distance,primary,1,sa1,SA1,1,house,House,1,none,No FE,1,full,452,-0.306525725520648,-0.306460496192549,0.0000652293280986593
cbd,CBD distance,primary,1,sa1,SA1,1,house,House,1,none,No FE,1,full,453,-0.307106138838124,-0.307056674891782,0.000049463946341477
cbd,CBD distance,primary,1,sa1,SA1,1,house,House,1,none,No FE,1,full,454,-0.314179872222885,-0.314094058456802,0.0000858137660836866
cbd,CBD distance,primary,1,sa1,SA1,1,house,House,1,none,No FE,1,full,455,-0.307540754514789,-0.307503032363267,0.0000377221515223125
cbd,CBD distance,primary,1,sa1,SA1,1,house,House,1,none,No FE,1,full,456,-0.310353579793872,-0.310314936590355,0.0000386432035170414
cbd,CBD distance,primary,1,sa1,SA1,1,house,House,1,none,No FE,1,full,457,-0.307498834700864,-0.307530093466395,-0.0000312587655316721
cbd,CBD distance,primary,1,sa1,SA1,1,house,House,1,none,No FE,1,full,458,-0.312172387936247,-0.312144099296269,0.000028288639978058
cbd,CBD distance,primary,1,sa1,SA1,1,house,House,1,none,No FE,1,full,459,-0.303213363870204,-0.30329380222456,-0.0000804383543562826
cbd,CBD distance,primary,1,sa1,SA1,1,house,House,1,none,No FE,1,full,460,-0.303938666653763,-0.303980265096035,-0.0000415984422724724
cbd,CBD distance,primary,1,sa1,SA1,1,house,House,1,none,No FE,1,full,461,-0.306119546101825,-0.306202234273369,-0.0000826881715437211
cbd,CBD distance,primary,1,sa1,SA1,1,house,House,1,none,No FE,1,full,462,-0.303415830875756,-0.303367557802707,0.0000482730730492764
cbd,CBD distance,primary,1,sa1,SA1,1,house,House,1,none,No FE,1,full,463,-0.303565827953421,-0.303547073699825,0.0000187542535959317
cbd,CBD distance,primary,1,sa1,SA1,1,house,House,1,none,No FE,1,full,464,-0.301700014666296,-0.301754935588279,-0.0000549209219834479
cbd,CBD distance,primary,1,sa1,SA1,1,house,House,1,none,No FE,1,full,465,-0.304595198417322,-0.304518955956146,0.0000762424611758239
cbd,CBD distance,primary,1,sa1,SA1,1,house,House,1,none,No FE,1,full,466,-0.308985063722849,-0.308951903434183,0.0000331602886664006
cbd,CBD distance,primary,1,sa1,SA1,1,house,House,1,none,No FE,1,full,467,-0.303472040909027,-0.303429668749015,0.000042372160012738
cbd,CBD distance,primary,1,sa1,SA1,1,house,House,1,none,No FE,1,full,468,-0.315050257883967,-0.315071067634511,-0.0000208097505435267
cbd,CBD distance,primary,1,sa1,SA1,1,house,House,1,none,No FE,1,full,469,-0.308231822625754,-0.308199293970539,0.000032528655215136
cbd,CBD distance,primary,1,sa1,SA1,1,house,House,1,none,No FE,1,full,470,-0.3133404952026,-0.313257730739426,0.000082764463173568
cbd,CBD distance,primary,1,sa1,SA1,1,house,House,1,none,No FE,1,full,471,-0.312065614977774,-0.312009077302983,0.0000565376747914126
cbd,CBD distance,primary,1,sa1,SA1,1,house,House,1,none,No FE,1,full,472,-0.307915644836203,-0.307940376614272,-0.0000247317780694978
cbd,CBD distance,primary,1,sa1,SA1,1,house,House,1,none,No FE,1,full,473,-0.30963461912058,-0.309619945203423,0.0000146739171573151
cbd,CBD distance,primary,1,sa1,SA1,1,house,House,1,none,No FE,1,full,474,-0.30786570590319,-0.307813269396846,0.0000524365063435672
cbd,CBD distance,primary,1,sa1,SA1,1,house,House,1,none,No FE,1,full,475,-0.311219935999279,-0.311301275697397,-0.0000813396981179659
cbd,CBD distance,primary,1,sa1,SA1,1,house,House,1,none,No FE,1,full,476,-0.31282305537121,-0.312798736913894,0.000024318457315986
cbd,CBD distance,primary,1,sa1,SA1,1,house,House,1,none,No FE,1,full,477,-0.306357724854851,-0.306293913865021,0.0000638109898304928
cbd,CBD distance,primary,1,sa1,SA1,1,house,House,1,none,No FE,1,full,478,-0.309067806198133,-0.309057533210106,0.0000102729880271379
cbd,CBD distance,primary,1,sa1,SA1,1,house,House,1,none,No FE,1,full,479,-0.307492422915783,-0.30748391161682,0.000008511298963787
cbd,CBD distance,primary,1,sa1,SA1,1,house,House,1,none,No FE,1,full,480,-0.304354875100492,-0.30441858685931,-0.0000637117588180858
cbd,CBD distance,primary,1,sa1,SA1,1,house,House,1,none,No FE,1,full,481,-0.310508184701086,-0.31046871130233,0.0000394733987558182
cbd,CBD distance,primary,1,sa1,SA1,1,house,House,1,none,No FE,1,full,482,-0.310279021421973,-0.310397466108048,-0.000118444686074803
cbd,CBD distance,primary,1,sa1,SA1,1,house,House,1,none,No FE,1,full,483,-0.309564761514304,-0.309489897620193,0.0000748638941112101
cbd,CBD distance,primary,1,sa1,SA1,1,house,House,1,none,No FE,1,full,484,-0.311173467578336,-0.311138573626511,0.000034893951824877
cbd,CBD distance,primary,1,sa1,SA1,1,house,House,1,none,No FE,1,full,485,-0.300502170480396,-0.30051236230269,-0.0000101918222941699
cbd,CBD distance,primary,1,sa1,SA1,1,house,House,1,none,No FE,1,full,486,-0.314867906478651,-0.314933597784711,-0.0000656913060598785
cbd,CBD distance,primary,1,sa1,SA1,1,house,House,1,none,No FE,1,full,487,-0.308163791523409,-0.30818564823001,-0.0000218567066014863
cbd,CBD distance,primary,1,sa1,SA1,1,house,House,1,none,No FE,1,full,488,-0.304671268198232,-0.304725417368353,-0.0000541491701212538
cbd,CBD distance,primary,1,sa1,SA1,1,house,House,1,none,No FE,1,full,489,-0.306620563000295,-0.306681911204153,-0.0000613482038577251
cbd,CBD distance,primary,1,sa1,SA1,1,house,House,1,none,No FE,1,full,490,-0.307027460983387,-0.306982714143835,0.000044746839552412
cbd,CBD distance,primary,1,sa1,SA1,1,house,House,1,none,No FE,1,full,491,-0.308269672709746,-0.308337223616279,-0.0000675509065330426
cbd,CBD distance,primary,1,sa1,SA1,1,house,House,1,none,No FE,1,full,492,-0.311148978089923,-0.311098971146849,0.0000500069430743877
cbd,CBD distance,primary,1,sa1,SA1,1,house,House,1,none,No FE,1,full,493,-0.307698473526921,-0.307650485446422,0.0000479880804987176
cbd,CBD distance,primary,1,sa1,SA1,1,house,House,1,none,No FE,1,full,494,-0.313500150970113,-0.313595471159853,-0.0000953201897395117
cbd,CBD distance,primary,1,sa1,SA1,1,house,House,1,none,No FE,1,full,495,-0.303938045210823,-0.303999652958071,-0.0000616077472482268
cbd,CBD distance,primary,1,sa1,SA1,1,house,House,1,none,No FE,1,full,496,-0.309814995594232,-0.309856013443862,-0.0000410178496303981
cbd,CBD distance,primary,1,sa1,SA1,1,house,House,1,none,No FE,1,full,497,-0.311445186162307,-0.311511312196073,-0.0000661260337664893
cbd,CBD distance,primary,1,sa1,SA1,1,house,House,1,none,No FE,1,full,498,-0.314528383200396,-0.314486284451307,0.0000420987490893365
cbd,CBD distance,primary,1,sa1,SA1,1,house,House,1,none,No FE,1,full,499,-0.311739640387733,-0.311813044885501,-0.0000734044977675485
cbd,CBD distance,primary,1,sa1,SA1,1,house,House,1,none,No FE,1,full,500,-0.311365865483965,-0.311365620753745,0.000000244730220144707
cbd,CBD distance,primary,1,sa1,SA1,1,house,House,1,none,No FE,1,full,501,-0.304295306155175,-0.304363012845173,-0.0000677066899975598
cbd,CBD distance,primary,1,sa1,SA1,1,house,House,1,none,No FE,1,full,502,-0.305184163859585,-0.305204132948452,-0.0000199690888669224
cbd,CBD distance,primary,1,sa1,SA1,1,house,House,1,none,No FE,1,full,503,-0.30372701166435,-0.303820709358174,-0.0000936976938236134
cbd,CBD distance,primary,1,sa1,SA1,1,house,House,1,none,No FE,1,full,504,-0.302592271568463,-0.302643259873355,-0.0000509883048923632
cbd,CBD distance,primary,1,sa1,SA1,1,house,House,1,none,No FE,1,full,505,-0.30676878214246,-0.306678827961642,0.0000899541808178084
cbd,CBD distance,primary,1,sa1,SA1,1,house,House,1,none,No FE,1,full,506,-0.30959124927653,-0.309614532748131,-0.0000232834716011321
cbd,CBD distance,primary,1,sa1,SA1,1,house,House,1,none,No FE,1,full,507,-0.310562568617282,-0.310535657259155,0.0000269113581265468
cbd,CBD distance,primary,1,sa1,SA1,1,house,House,1,none,No FE,1,full,508,-0.307727700072964,-0.307697141176273,0.000030558896690569
cbd,CBD distance,primary,1,sa1,SA1,1,house,House,1,none,No FE,1,full,509,-0.306367813167128,-0.306338641266188,0.0000291719009397617
cbd,CBD distance,primary,1,sa1,SA1,1,house,House,1,none,No FE,1,full,510,-0.303220554167548,-0.303238494943134,-0.0000179407755857564
cbd,CBD distance,primary,1,sa1,SA1,1,house,House,1,none,No FE,1,full,511,-0.310471687229674,-0.310529761903017,-0.000058074673343067
cbd,CBD distance,primary,1,sa1,SA1,1,house,House,1,none,No FE,1,full,512,-0.312649056494214,-0.312624773010975,0.0000242834832390182
cbd,CBD distance,primary,1,sa1,SA1,1,house,House,1,none,No FE,1,full,513,-0.305119581876982,-0.305205397068179,-0.0000858151911971028
cbd,CBD distance,primary,1,sa1,SA1,1,house,House,1,none,No FE,1,full,514,-0.316573460470228,-0.316548004406737,0.0000254560634914136
cbd,CBD distance,primary,1,sa1,SA1,1,house,House,1,none,No FE,1,full,515,-0.311253712549082,-0.311239367983129,0.0000143445659528951
cbd,CBD distance,primary,1,sa1,SA1,1,house,House,1,none,No FE,1,full,516,-0.30928293269271,-0.309313609031832,-0.0000306763391219045
cbd,CBD distance,primary,1,sa1,SA1,1,house,House,1,none,No FE,1,full,517,-0.313800228375884,-0.313791686901211,0.00000854147467349575
cbd,CBD distance,primary,1,sa1,SA1,1,house,House,1,none,No FE,1,full,518,-0.306304380215591,-0.306327170653697,-0.0000227904381054911
cbd,CBD distance,primary,1,sa1,SA1,1,house,House,1,none,No FE,1,full,519,-0.306898230506202,-0.306923171058901,-0.0000249405526988045
cbd,CBD distance,primary,1,sa1,SA1,1,house,House,1,none,No FE,1,full,520,-0.308387303240346,-0.308342385658917,0.0000449175814291047
cbd,CBD distance,primary,1,sa1,SA1,1,house,House,1,none,No FE,1,full,521,-0.302734774980762,-0.302780081111079,-0.0000453061303169466
cbd,CBD distance,primary,1,sa1,SA1,1,house,House,1,none,No FE,1,full,522,-0.307922524680056,-0.308023117418464,-0.000100592738408567
cbd,CBD distance,primary,1,sa1,SA1,1,house,House,1,none,No FE,1,full,523,-0.311639034115264,-0.311737737549336,-0.0000987034340723669
cbd,CBD distance,primary,1,sa1,SA1,1,house,House,1,none,No FE,1,full,524,-0.312789463233583,-0.312757730575997,0.0000317326575854926
cbd,CBD distance,primary,1,sa1,SA1,1,house,House,1,none,No FE,1,full,525,-0.303627863599587,-0.303722072333316,-0.0000942087337285069
cbd,CBD distance,primary,1,sa1,SA1,1,house,House,1,none,No FE,1,full,526,-0.309284475767572,-0.309239134026074,0.0000453417414978952
cbd,CBD distance,primary,1,sa1,SA1,1,house,House,1,none,No FE,1,full,527,-0.307919510289302,-0.307978082557764,-0.0000585722684623424
cbd,CBD distance,primary,1,sa1,SA1,1,house,House,1,none,No FE,1,full,528,-0.309399650372878,-0.309468618412157,-0.0000689680392790826
cbd,CBD distance,primary,1,sa1,SA1,1,house,House,1,none,No FE,1,full,529,-0.309444970753642,-0.309502109106423,-0.0000571383527812053
cbd,CBD distance,primary,1,sa1,SA1,1,house,House,1,none,No FE,1,full,530,-0.305627227211385,-0.305643445061628,-0.0000162178502428612
cbd,CBD distance,primary,1,sa1,SA1,1,house,House,1,none,No FE,1,full,531,-0.307482428150758,-0.307576939922132,-0.0000945117713738175
cbd,CBD distance,primary,1,sa1,SA1,1,house,House,1,none,No FE,1,full,532,-0.309375372363834,-0.309434283657349,-0.0000589112935148184
cbd,CBD distance,primary,1,sa1,SA1,1,house,House,1,none,No FE,1,full,533,-0.306003386309186,-0.305973714572453,0.0000296717367328503
cbd,CBD distance,primary,1,sa1,SA1,1,house,House,1,none,No FE,1,full,534,-0.306840750065417,-0.306904572211777,-0.0000638221463597488
cbd,CBD distance,primary,1,sa1,SA1,1,house,House,1,none,No FE,1,full,535,-0.312359942247711,-0.312457695959783,-0.0000977537120714356
cbd,CBD distance,primary,1,sa1,SA1,1,house,House,1,none,No FE,1,full,536,-0.308249339633091,-0.308238955619429,0.0000103840136612687
cbd,CBD distance,primary,1,sa1,SA1,1,house,House,1,none,No FE,1,full,537,-0.311426885334537,-0.311397819057572,0.0000290662769656391
cbd,CBD distance,primary,1,sa1,SA1,1,house,House,1,none,No FE,1,full,538,-0.316055140665313,-0.316004031150422,0.0000511095148905127
cbd,CBD distance,primary,1,sa1,SA1,1,house,House,1,none,No FE,1,full,539,-0.309676002774135,-0.30973840605449,-0.0000624032803553942
cbd,CBD distance,primary,1,sa1,SA1,1,house,House,1,none,No FE,1,full,540,-0.302564750314319,-0.302623911904884,-0.0000591615905657372
cbd,CBD distance,primary,1,sa1,SA1,1,house,House,1,none,No FE,1,full,541,-0.309380485042981,-0.309422782438438,-0.0000422973954570804
cbd,CBD distance,primary,1,sa1,SA1,1,house,House,1,none,No FE,1,full,542,-0.303837580731181,-0.303878634469306,-0.0000410537381243525
cbd,CBD distance,primary,1,sa1,SA1,1,house,House,1,none,No FE,1,full,543,-0.305875957338104,-0.305858720988325,0.0000172363497797923
cbd,CBD distance,primary,1,sa1,SA1,1,house,House,1,none,No FE,1,full,544,-0.307939052102679,-0.30798248706296,-0.0000434349602805861
cbd,CBD distance,primary,1,sa1,SA1,1,house,House,1,none,No FE,1,full,545,-0.308416646642976,-0.30841275945941,0.0000038871835657539
cbd,CBD distance,primary,1,sa1,SA1,1,house,House,1,none,No FE,1,full,546,-0.311730614871539,-0.311683005780743,0.0000476090907956528
cbd,CBD distance,primary,1,sa1,SA1,1,house,House,1,none,No FE,1,full,547,-0.308615776431419,-0.308697112007868,-0.0000813355764490709
cbd,CBD distance,primary,1,sa1,SA1,1,house,House,1,none,No FE,1,full,548,-0.313104365763627,-0.313046548645889,0.0000578171177372244
cbd,CBD distance,primary,1,sa1,SA1,1,house,House,1,none,No FE,1,full,549,-0.309403963818043,-0.309466332368821,-0.0000623685507776806
cbd,CBD distance,primary,1,sa1,SA1,1,house,House,1,none,No FE,1,full,550,-0.308679543542322,-0.30861380162271,0.0000657419196122833
cbd,CBD distance,primary,1,sa1,SA1,1,house,House,1,none,No FE,1,full,551,-0.309080913622762,-0.309028394270493,0.0000525193522692424
cbd,CBD distance,primary,1,sa1,SA1,1,house,House,1,none,No FE,1,full,552,-0.307773844917655,-0.307815258384814,-0.0000414134671593014
cbd,CBD distance,primary,1,sa1,SA1,1,house,House,1,none,No FE,1,full,553,-0.303442652599999,-0.303512619433725,-0.0000699668337261761
cbd,CBD distance,primary,1,sa1,SA1,1,house,House,1,none,No FE,1,full,554,-0.313321035135233,-0.313347479455409,-0.0000264443201760112
cbd,CBD distance,primary,1,sa1,SA1,1,house,House,1,none,No FE,1,full,555,-0.311114916443415,-0.31107785977004,0.0000370566733747801
cbd,CBD distance,primary,1,sa1,SA1,1,house,House,1,none,No FE,1,full,556,-0.305573514593764,-0.305554935850849,0.0000185787429154427
cbd,CBD distance,primary,1,sa1,SA1,1,house,House,1,none,No FE,1,full,557,-0.310122599146001,-0.310084921677,0.0000376774690012405
cbd,CBD distance,primary,1,sa1,SA1,1,house,House,1,none,No FE,1,full,558,-0.304447277187694,-0.304526041903064,-0.0000787647153701054
cbd,CBD distance,primary,1,sa1,SA1,1,house,House,1,none,No FE,1,full,559,-0.300947275007635,-0.301032368837496,-0.0000850938298615489
cbd,CBD distance,primary,1,sa1,SA1,1,house,House,1,none,No FE,1,full,560,-0.306366771399616,-0.306351440445722,0.0000153309538931112
cbd,CBD distance,primary,1,sa1,SA1,1,house,House,1,none,No FE,1,full,561,-0.311268546041954,-0.311322144542504,-0.0000535985005492012
cbd,CBD distance,primary,1,sa1,SA1,1,house,House,1,none,No FE,1,full,562,-0.31200062077857,-0.311926795280814,0.0000738254977552533
cbd,CBD distance,primary,1,sa1,SA1,1,house,House,1,none,No FE,1,full,563,-0.307313447236755,-0.307316080994499,-0.00000263375774378627
cbd,CBD distance,primary,1,sa1,SA1,1,house,House,1,none,No FE,1,full,564,-0.317086492777435,-0.317159646034193,-0.0000731532567583848
cbd,CBD distance,primary,1,sa1,SA1,1,house,House,1,none,No FE,1,full,565,-0.307322824003927,-0.307374247954357,-0.0000514239504301739
cbd,CBD distance,primary,1,sa1,SA1,1,house,House,1,none,No FE,1,full,566,-0.310585617483031,-0.310570610524257,0.0000150069587740442
cbd,CBD distance,primary,1,sa1,SA1,1,house,House,1,none,No FE,1,full,567,-0.307393782408781,-0.30748516623428,-0.0000913838254988919
cbd,CBD distance,primary,1,sa1,SA1,1,house,House,1,none,No FE,1,full,568,-0.307609594405293,-0.307669272678315,-0.0000596782730223344
cbd,CBD distance,primary,1,sa1,SA1,1,house,House,1,none,No FE,1,full,569,-0.313020483638518,-0.312974832115595,0.0000456515229226295
cbd,CBD distance,primary,1,sa1,SA1,1,house,House,1,none,No FE,1,full,570,-0.310737773149694,-0.310717222218423,0.0000205509312711794
cbd,CBD distance,primary,1,sa1,SA1,1,house,House,1,none,No FE,1,full,571,-0.304590233179507,-0.304569353377048,0.0000208798024589618
cbd,CBD distance,primary,1,sa1,SA1,1,house,House,1,none,No FE,1,full,572,-0.306415116427066,-0.306383037140058,0.0000320792870077691
cbd,CBD distance,primary,1,sa1,SA1,1,house,House,1,none,No FE,1,full,573,-0.306906562760992,-0.30698948376453,-0.0000829210035372396
cbd,CBD distance,primary,1,sa1,SA1,1,house,House,1,none,No FE,1,full,574,-0.312741691054486,-0.312814886140987,-0.0000731950865016651
cbd,CBD distance,primary,1,sa1,SA1,1,house,House,1,none,No FE,1,full,575,-0.308883373471624,-0.30891585778178,-0.0000324843101560668
cbd,CBD distance,primary,1,sa1,SA1,1,house,House,1,none,No FE,1,full,576,-0.30950233905374,-0.309509806632372,-0.00000746757863212544
cbd,CBD distance,primary,1,sa1,SA1,1,house,House,1,none,No FE,1,full,577,-0.30851521803993,-0.308590023652072,-0.0000748056121421259
cbd,CBD distance,primary,1,sa1,SA1,1,house,House,1,none,No FE,1,full,578,-0.309703107772519,-0.309760185329206,-0.0000570775566867687
cbd,CBD distance,primary,1,sa1,SA1,1,house,House,1,none,No FE,1,full,579,-0.309480767023562,-0.30945181177409,0.0000289552494722178
cbd,CBD distance,primary,1,sa1,SA1,1,house,House,1,none,No FE,1,full,580,-0.309504678206553,-0.309517247953686,-0.0000125697471332065
cbd,CBD distance,primary,1,sa1,SA1,1,house,House,1,none,No FE,1,full,581,-0.30963559733574,-0.309642625306003,-0.00000702797026325142
cbd,CBD distance,primary,1,sa1,SA1,1,house,House,1,none,No FE,1,full,582,-0.304550366448021,-0.30464275367117,-0.0000923872231491929
cbd,CBD distance,primary,1,sa1,SA1,1,house,House,1,none,No FE,1,full,583,-0.305860226637316,-0.305839931965385,0.0000202946719315422
cbd,CBD distance,primary,1,sa1,SA1,1,house,House,1,none,No FE,1,full,584,-0.304307781272976,-0.304284871716741,0.0000229095562346848
cbd,CBD distance,primary,1,sa1,SA1,1,house,House,1,none,No FE,1,full,585,-0.308953437440907,-0.308901891303918,0.0000515461369881565
cbd,CBD distance,primary,1,sa1,SA1,1,house,House,1,none,No FE,1,full,586,-0.308574868639996,-0.308515045756008,0.0000598228839879256
cbd,CBD distance,primary,1,sa1,SA1,1,house,House,1,none,No FE,1,full,587,-0.305739256201212,-0.305710578407162,0.0000286777940500249
cbd,CBD distance,primary,1,sa1,SA1,1,house,House,1,none,No FE,1,full,588,-0.300188403682754,-0.300253912850503,-0.000065509167748945
cbd,CBD distance,primary,1,sa1,SA1,1,house,House,1,none,No FE,1,full,589,-0.307228365763719,-0.307309730837524,-0.0000813650738046845
cbd,CBD distance,primary,1,sa1,SA1,1,house,House,1,none,No FE,1,full,590,-0.304936611877191,-0.304989119205416,-0.0000525073282244271
cbd,CBD distance,primary,1,sa1,SA1,1,house,House,1,none,No FE,1,full,591,-0.304094560355633,-0.304085589199486,0.00000897115614761912
cbd,CBD distance,primary,1,sa1,SA1,1,house,House,1,none,No FE,1,full,592,-0.305897343171871,-0.305806247106279,0.0000910960655916004
cbd,CBD distance,primary,1,sa1,SA1,1,house,House,1,none,No FE,1,full,593,-0.307115429900478,-0.307120038775664,-0.00000460887518610731
cbd,CBD distance,primary,1,sa1,SA1,1,house,House,1,none,No FE,1,full,594,-0.307704783357292,-0.307774403284015,-0.0000696199267226083
cbd,CBD distance,primary,1,sa1,SA1,1,house,House,1,none,No FE,1,full,595,-0.303782268623255,-0.303819335784835,-0.0000370671615803064
cbd,CBD distance,primary,1,sa1,SA1,1,house,House,1,none,No FE,1,full,596,-0.308302430685154,-0.308271266023285,0.0000311646618688655
cbd,CBD distance,primary,1,sa1,SA1,1,house,House,1,none,No FE,1,full,597,-0.309394911708329,-0.309475238405869,-0.0000803266975396011
cbd,CBD distance,primary,1,sa1,SA1,1,house,House,1,none,No FE,1,full,598,-0.306617957611438,-0.306589147889393,0.0000288097220448869
cbd,CBD distance,primary,1,sa1,SA1,1,house,House,1,none,No FE,1,full,599,-0.304567313532473,-0.304549862678901,0.0000174508535720208
cbd,CBD distance,primary,1,sa1,SA1,1,house,House,1,none,No FE,1,full,600,-0.314343076986938,-0.314285670217576,0.0000574067693626112
cbd,CBD distance,primary,1,sa1,SA1,1,house,House,1,none,No FE,1,full,601,-0.307305007741046,-0.307274772447955,0.0000302352930914296
cbd,CBD distance,primary,1,sa1,SA1,1,house,House,1,none,No FE,1,full,602,-0.306312483311002,-0.306398149518892,-0.0000856662078894122
cbd,CBD distance,primary,1,sa1,SA1,1,house,House,1,none,No FE,1,full,603,-0.309820670968832,-0.309807261640001,0.0000134093288312043
cbd,CBD distance,primary,1,sa1,SA1,1,house,House,1,none,No FE,1,full,604,-0.304706513752327,-0.304700741575924,0.0000057721764025187
cbd,CBD distance,primary,1,sa1,SA1,1,house,House,1,none,No FE,1,full,605,-0.31401718641589,-0.314067291009182,-0.0000501045932915223
cbd,CBD distance,primary,1,sa1,SA1,1,house,House,1,none,No FE,1,full,606,-0.317402212931567,-0.317346942915398,0.0000552700161692288
cbd,CBD distance,primary,1,sa1,SA1,1,house,House,1,none,No FE,1,full,607,-0.311108155460161,-0.311045792037991,0.0000623634221703084
cbd,CBD distance,primary,1,sa1,SA1,1,house,House,1,none,No FE,1,full,608,-0.30331855642222,-0.303433441189558,-0.00011488476733762
cbd,CBD distance,primary,1,sa1,SA1,1,house,House,1,none,No FE,1,full,609,-0.301673573378434,-0.301729150420523,-0.0000555770420886947
cbd,CBD distance,primary,1,sa1,SA1,1,house,House,1,none,No FE,1,full,610,-0.310814338197117,-0.310723310205251,0.0000910279918656665
cbd,CBD distance,primary,1,sa1,SA1,1,house,House,1,none,No FE,1,full,611,-0.312010325319369,-0.31204593155674,-0.0000356062373714772
cbd,CBD distance,primary,1,sa1,SA1,1,house,House,1,none,No FE,1,full,612,-0.301917166816247,-0.301984997721736,-0.0000678309054890636
cbd,CBD distance,primary,1,sa1,SA1,1,house,House,1,none,No FE,1,full,613,-0.311452339312611,-0.311463859068263,-0.0000115197556527225
cbd,CBD distance,primary,1,sa1,SA1,1,house,House,1,none,No FE,1,full,614,-0.307984683138587,-0.307960638556375,0.0000240445822121682
cbd,CBD distance,primary,1,sa1,SA1,1,house,House,1,none,No FE,1,full,615,-0.311588332298064,-0.311549009076275,0.0000393232217891781
cbd,CBD distance,primary,1,sa1,SA1,1,house,House,1,none,No FE,1,full,616,-0.310819888562001,-0.310859829609547,-0.0000399410475466766
cbd,CBD distance,primary,1,sa1,SA1,1,house,House,1,none,No FE,1,full,617,-0.310533551634319,-0.310491305348428,0.0000422462858912787
cbd,CBD distance,primary,1,sa1,SA1,1,house,House,1,none,No FE,1,full,618,-0.311575079435511,-0.311524153678842,0.0000509257566692623
cbd,CBD distance,primary,1,sa1,SA1,1,house,House,1,none,No FE,1,full,619,-0.307878366731804,-0.307812099840771,0.0000662668910331732
cbd,CBD distance,primary,1,sa1,SA1,1,house,House,1,none,No FE,1,full,620,-0.311184059445442,-0.311163975619149,0.0000200838262932046
cbd,CBD distance,primary,1,sa1,SA1,1,house,House,1,none,No FE,1,full,621,-0.307174467847077,-0.307216212184915,-0.0000417443378387117
cbd,CBD distance,primary,1,sa1,SA1,1,house,House,1,none,No FE,1,full,622,-0.311870814579683,-0.31196761184545,-0.0000967972657671123
cbd,CBD distance,primary,1,sa1,SA1,1,house,House,1,none,No FE,1,full,623,-0.317707481632327,-0.31778547074064,-0.0000779891083128592
cbd,CBD distance,primary,1,sa1,SA1,1,house,House,1,none,No FE,1,full,624,-0.313503935710633,-0.313572015171422,-0.0000680794607889612
cbd,CBD distance,primary,1,sa1,SA1,1,house,House,1,none,No FE,1,full,625,-0.308592457663004,-0.308587140179465,0.00000531748353932438
cbd,CBD distance,primary,1,sa1,SA1,1,house,House,1,none,No FE,1,full,626,-0.308358608645796,-0.30840732736528,-0.0000487187194840311
cbd,CBD distance,primary,1,sa1,SA1,1,house,House,1,none,No FE,1,full,627,-0.309516381984393,-0.309594430512888,-0.0000780485284951893
cbd,CBD distance,primary,1,sa1,SA1,1,house,House,1,none,No FE,1,full,628,-0.304648132811353,-0.304647252211728,0.000000880599625274758
cbd,CBD distance,primary,1,sa1,SA1,1,house,House,1,none,No FE,1,full,629,-0.307035442305379,-0.307113407116803,-0.0000779648114238585
cbd,CBD distance,primary,1,sa1,SA1,1,house,House,1,none,No FE,1,full,630,-0.312937571253551,-0.312885074254611,0.0000524969989403323
cbd,CBD distance,primary,1,sa1,SA1,1,house,House,1,none,No FE,1,full,631,-0.306921239464268,-0.307012092513318,-0.0000908530490504877
cbd,CBD distance,primary,1,sa1,SA1,1,house,House,1,none,No FE,1,full,632,-0.306805665943615,-0.306887438442768,-0.0000817724991531987
cbd,CBD distance,primary,1,sa1,SA1,1,house,House,1,none,No FE,1,full,633,-0.308639389903138,-0.308596925948172,0.0000424639549659323
cbd,CBD distance,primary,1,sa1,SA1,1,house,House,1,none,No FE,1,full,634,-0.305826103681377,-0.305751484943004,0.0000746187383734442
cbd,CBD distance,primary,1,sa1,SA1,1,house,House,1,none,No FE,1,full,635,-0.314487663182033,-0.314550049830555,-0.0000623866485225944
cbd,CBD distance,primary,1,sa1,SA1,1,house,House,1,none,No FE,1,full,636,-0.303177307941377,-0.30323805320317,-0.000060745261793782
cbd,CBD distance,primary,1,sa1,SA1,1,house,House,1,none,No FE,1,full,637,-0.310337425984341,-0.310299897167386,0.0000375288169557342
cbd,CBD distance,primary,1,sa1,SA1,1,house,House,1,none,No FE,1,full,638,-0.307185939487855,-0.30712947030698,0.0000564691808748186
cbd,CBD distance,primary,1,sa1,SA1,1,house,House,1,none,No FE,1,full,639,-0.310307604496447,-0.310404905567536,-0.0000973010710889066
cbd,CBD distance,primary,1,sa1,SA1,1,house,House,1,none,No FE,1,full,640,-0.302938395476605,-0.302926039876013,0.000012355600591929
cbd,CBD distance,primary,1,sa1,SA1,1,house,House,1,none,No FE,1,full,641,-0.31070008024558,-0.310717719316471,-0.00001763907089114
cbd,CBD distance,primary,1,sa1,SA1,1,house,House,1,none,No FE,1,full,642,-0.306188173120664,-0.306147414206299,0.0000407589143645581
cbd,CBD distance,primary,1,sa1,SA1,1,house,House,1,none,No FE,1,full,643,-0.310208815500816,-0.31027092971877,-0.0000621142179537682
cbd,CBD distance,primary,1,sa1,SA1,1,house,House,1,none,No FE,1,full,644,-0.311109030699916,-0.311071814258342,0.0000372164415739507
cbd,CBD distance,primary,1,sa1,SA1,1,house,House,1,none,No FE,1,full,645,-0.304056808969738,-0.304122538067239,-0.0000657290975009106
cbd,CBD distance,primary,1,sa1,SA1,1,house,House,1,none,No FE,1,full,646,-0.306554123490125,-0.30650775986489,0.0000463636252346356
cbd,CBD distance,primary,1,sa1,SA1,1,house,House,1,none,No FE,1,full,647,-0.308502413813128,-0.30856030351836,-0.0000578897052323502
cbd,CBD distance,primary,1,sa1,SA1,1,house,House,1,none,No FE,1,full,648,-0.310514236883847,-0.310512073218462,0.00000216366538507984
cbd,CBD distance,primary,1,sa1,SA1,1,house,House,1,none,No FE,1,full,649,-0.305614127174955,-0.30567366267769,-0.0000595355027349087
cbd,CBD distance,primary,1,sa1,SA1,1,house,House,1,none,No FE,1,full,650,-0.304573182293315,-0.304623632661375,-0.000050450368059396
cbd,CBD distance,primary,1,sa1,SA1,1,house,House,1,none,No FE,1,full,651,-0.310741997696815,-0.31065126300145,0.0000907346953645249
cbd,CBD distance,primary,1,sa1,SA1,1,house,House,1,none,No FE,1,full,652,-0.306265745785441,-0.306348711350046,-0.0000829655646044647
cbd,CBD distance,primary,1,sa1,SA1,1,house,House,1,none,No FE,1,full,653,-0.311402435242276,-0.311504490559083,-0.000102055316806404
cbd,CBD distance,primary,1,sa1,SA1,1,house,House,1,none,No FE,1,full,654,-0.310583734811204,-0.310594910804183,-0.0000111759929797284
cbd,CBD distance,primary,1,sa1,SA1,1,house,House,1,none,No FE,1,full,655,-0.306541858177146,-0.306503685418855,0.000038172758290711
cbd,CBD distance,primary,1,sa1,SA1,1,house,House,1,none,No FE,1,full,656,-0.309370274592523,-0.309311958689766,0.0000583159027569558
cbd,CBD distance,primary,1,sa1,SA1,1,house,House,1,none,No FE,1,full,657,-0.305687982817816,-0.305642818140954,0.0000451646768619418
cbd,CBD distance,primary,1,sa1,SA1,1,house,House,1,none,No FE,1,full,658,-0.31339607705077,-0.313354630303255,0.0000414467475149394
cbd,CBD distance,primary,1,sa1,SA1,1,house,House,1,none,No FE,1,full,659,-0.306593712373176,-0.306664992889733,-0.0000712805165570263
cbd,CBD distance,primary,1,sa1,SA1,1,house,House,1,none,No FE,1,full,660,-0.30809336754577,-0.308025818477083,0.0000675490686869451
cbd,CBD distance,primary,1,sa1,SA1,1,house,House,1,none,No FE,1,full,661,-0.311294377086936,-0.311322985570961,-0.0000286084840250833
cbd,CBD distance,primary,1,sa1,SA1,1,house,House,1,none,No FE,1,full,662,-0.310622811979389,-0.310580842354074,0.0000419696253153301
cbd,CBD distance,primary,1,sa1,SA1,1,house,House,1,none,No FE,1,full,663,-0.309335158327229,-0.309281533327157,0.0000536250000715
cbd,CBD distance,primary,1,sa1,SA1,1,house,House,1,none,No FE,1,full,664,-0.311158403229261,-0.31118074506021,-0.0000223418309490131
cbd,CBD distance,primary,1,sa1,SA1,1,house,House,1,none,No FE,1,full,665,-0.304542166142024,-0.304523794937837,0.0000183712041868511
cbd,CBD distance,primary,1,sa1,SA1,1,house,House,1,none,No FE,1,full,666,-0.305040300285353,-0.305142098628541,-0.000101798343188297
cbd,CBD distance,primary,1,sa1,SA1,1,house,House,1,none,No FE,1,full,667,-0.3073410767134,-0.307341971738369,-0.00000089502496891658
cbd,CBD distance,primary,1,sa1,SA1,1,house,House,1,none,No FE,1,full,668,-0.302792308230417,-0.302770291183099,0.0000220170473181902
cbd,CBD distance,primary,1,sa1,SA1,1,house,House,1,none,No FE,1,full,669,-0.302374012142454,-0.302377528354801,-0.00000351621234689903
cbd,CBD distance,primary,1,sa1,SA1,1,house,House,1,none,No FE,1,full,670,-0.312758379075439,-0.312820823964938,-0.0000624448894994689
cbd,CBD distance,primary,1,sa1,SA1,1,house,House,1,none,No FE,1,full,671,-0.315204059952291,-0.315191513362005,0.0000125465902859889
cbd,CBD distance,primary,1,sa1,SA1,1,house,House,1,none,No FE,1,full,672,-0.310221269915869,-0.310154839948527,0.0000664299673420743
cbd,CBD distance,primary,1,sa1,SA1,1,house,House,1,none,No FE,1,full,673,-0.301901915549272,-0.302002527585083,-0.000100612035811687
cbd,CBD distance,primary,1,sa1,SA1,1,house,House,1,none,No FE,1,full,674,-0.307917761517789,-0.307859294455925,0.0000584670618635208
cbd,CBD distance,primary,1,sa1,SA1,1,house,House,1,none,No FE,1,full,675,-0.306143006547979,-0.306074918363542,0.0000680881844369319
cbd,CBD distance,primary,1,sa1,SA1,1,house,House,1,none,No FE,1,full,676,-0.308589636513971,-0.308567716839915,0.0000219196740569028
cbd,CBD distance,primary,1,sa1,SA1,1,house,House,1,none,No FE,1,full,677,-0.311375564025728,-0.311423304342812,-0.0000477403170848212
cbd,CBD distance,primary,1,sa1,SA1,1,house,House,1,none,No FE,1,full,678,-0.313641078887031,-0.313622430531834,0.0000186483551966044
cbd,CBD distance,primary,1,sa1,SA1,1,house,House,1,none,No FE,1,full,679,-0.307460659332022,-0.307403587967418,0.0000570713646047549
cbd,CBD distance,primary,1,sa1,SA1,1,house,House,1,none,No FE,1,full,680,-0.309230562126391,-0.309187633793082,0.0000429283333091002
cbd,CBD distance,primary,1,sa1,SA1,1,house,House,1,none,No FE,1,full,681,-0.307219251407431,-0.30717624805895,0.0000430033484811743
cbd,CBD distance,primary,1,sa1,SA1,1,house,House,1,none,No FE,1,full,682,-0.313206803959659,-0.313213955926984,-0.0000071519673249254
cbd,CBD distance,primary,1,sa1,SA1,1,house,House,1,none,No FE,1,full,683,-0.310627395092571,-0.310684879621887,-0.0000574845293154769
cbd,CBD distance,primary,1,sa1,SA1,1,house,House,1,none,No FE,1,full,684,-0.306098407274841,-0.30608395578772,0.0000144514871214807
cbd,CBD distance,primary,1,sa1,SA1,1,house,House,1,none,No FE,1,full,685,-0.31330951985033,-0.31336878213977,-0.0000592622894399764
cbd,CBD distance,primary,1,sa1,SA1,1,house,House,1,none,No FE,1,full,686,-0.302728853056982,-0.302814373246725,-0.0000855201897435043
cbd,CBD distance,primary,1,sa1,SA1,1,house,House,1,none,No FE,1,full,687,-0.313680137271445,-0.313607292074854,0.0000728451965905097
cbd,CBD distance,primary,1,sa1,SA1,1,house,House,1,none,No FE,1,full,688,-0.309868259034026,-0.309905343593789,-0.0000370845597630898
cbd,CBD distance,primary,1,sa1,SA1,1,house,House,1,none,No FE,1,full,689,-0.309206726333592,-0.309273135250054,-0.0000664089164627568
cbd,CBD distance,primary,1,sa1,SA1,1,house,House,1,none,No FE,1,full,690,-0.303302014691234,-0.303328199170808,-0.0000261844795740318
cbd,CBD distance,primary,1,sa1,SA1,1,house,House,1,none,No FE,1,full,691,-0.308957111856936,-0.308855957011971,0.000101154844964368
cbd,CBD distance,primary,1,sa1,SA1,1,house,House,1,none,No FE,1,full,692,-0.313238921507618,-0.313268107559226,-0.0000291860516080655
cbd,CBD distance,primary,1,sa1,SA1,1,house,House,1,none,No FE,1,full,693,-0.305815768993244,-0.30577563378453,0.0000401352087140427
cbd,CBD distance,primary,1,sa1,SA1,1,house,House,1,none,No FE,1,full,694,-0.309824117413672,-0.309808815782036,0.0000153016316357668
cbd,CBD distance,primary,1,sa1,SA1,1,house,House,1,none,No FE,1,full,695,-0.305653149520171,-0.305703829431946,-0.0000506799117748202
cbd,CBD distance,primary,1,sa1,SA1,1,house,House,1,none,No FE,1,full,696,-0.301170780217047,-0.301101104713784,0.000069675503262534
cbd,CBD distance,primary,1,sa1,SA1,1,house,House,1,none,No FE,1,full,697,-0.305516573736998,-0.305447289283909,0.0000692844530891246
cbd,CBD distance,primary,1,sa1,SA1,1,house,House,1,none,No FE,1,full,698,-0.306304540007833,-0.306296641592625,0.00000789841520759671
cbd,CBD distance,primary,1,sa1,SA1,1,house,House,1,none,No FE,1,full,699,-0.306766748503068,-0.306733242210118,0.0000335062929501251
cbd,CBD distance,primary,1,sa1,SA1,1,house,House,1,none,No FE,1,full,700,-0.309928455666332,-0.309892729007122,0.000035726659209312
cbd,CBD distance,primary,1,sa1,SA1,1,house,House,1,none,No FE,1,full,701,-0.313043651872607,-0.313125291497111,-0.0000816396245036377
cbd,CBD distance,primary,1,sa1,SA1,1,house,House,1,none,No FE,1,full,702,-0.30631606775524,-0.306371969463222,-0.0000559017079816981
cbd,CBD distance,primary,1,sa1,SA1,1,house,House,1,none,No FE,1,full,703,-0.306075521665155,-0.306113543758006,-0.0000380220928513642
cbd,CBD distance,primary,1,sa1,SA1,1,house,House,1,none,No FE,1,full,704,-0.309010557774127,-0.309077665511289,-0.0000671077371623974
cbd,CBD distance,primary,1,sa1,SA1,1,house,House,1,none,No FE,1,full,705,-0.315398235657143,-0.315469983233356,-0.0000717475762133657
cbd,CBD distance,primary,1,sa1,SA1,1,house,House,1,none,No FE,1,full,706,-0.308247382182072,-0.308291486919579,-0.0000441047375072112
cbd,CBD distance,primary,1,sa1,SA1,1,house,House,1,none,No FE,1,full,707,-0.312473103915478,-0.312490944662023,-0.0000178407465450392
cbd,CBD distance,primary,1,sa1,SA1,1,house,House,1,none,No FE,1,full,708,-0.304181104901789,-0.304207543969333,-0.0000264390675441262
cbd,CBD distance,primary,1,sa1,SA1,1,house,House,1,none,No FE,1,full,709,-0.30863581816672,-0.308612920645041,0.0000228975216787219
cbd,CBD distance,primary,1,sa1,SA1,1,house,House,1,none,No FE,1,full,710,-0.311004803349965,-0.311060430077632,-0.0000556267276673461
cbd,CBD distance,primary,1,sa1,SA1,1,house,House,1,none,No FE,1,full,711,-0.31017757501526,-0.310157454543751,0.0000201204715096215
cbd,CBD distance,primary,1,sa1,SA1,1,house,House,1,none,No FE,1,full,712,-0.308144054193141,-0.308221725043482,-0.0000776708503403834
cbd,CBD distance,primary,1,sa1,SA1,1,house,House,1,none,No FE,1,full,713,-0.309598008246941,-0.309632558791955,-0.0000345505450140005
cbd,CBD distance,primary,1,sa1,SA1,1,house,House,1,none,No FE,1,full,714,-0.306938599828748,-0.306863329387288,0.0000752704414593852
cbd,CBD distance,primary,1,sa1,SA1,1,house,House,1,none,No FE,1,full,715,-0.305143413174822,-0.305109774144004,0.0000336390308173784
cbd,CBD distance,primary,1,sa1,SA1,1,house,House,1,none,No FE,1,full,716,-0.308574858298244,-0.308660272231313,-0.0000854139330684345
cbd,CBD distance,primary,1,sa1,SA1,1,house,House,1,none,No FE,1,full,717,-0.308862233151043,-0.308955232596178,-0.0000929994451346339
cbd,CBD distance,primary,1,sa1,SA1,1,house,House,1,none,No FE,1,full,718,-0.317331951443783,-0.317290375458239,0.0000415759855434961
cbd,CBD distance,primary,1,sa1,SA1,1,house,House,1,none,No FE,1,full,719,-0.308482259913345,-0.308448957546409,0.0000333023669357724
cbd,CBD distance,primary,1,sa1,SA1,1,house,House,1,none,No FE,1,full,720,-0.30754821744337,-0.307584669455264,-0.000036452011894339
cbd,CBD distance,primary,1,sa1,SA1,1,house,House,1,none,No FE,1,full,721,-0.304377400587871,-0.304381863991947,-0.00000446340407617152
cbd,CBD distance,primary,1,sa1,SA1,1,house,House,1,none,No FE,1,full,722,-0.309507290664349,-0.3095734305004,-0.0000661398360516929
cbd,CBD distance,primary,1,sa1,SA1,1,house,House,1,none,No FE,1,full,723,-0.307842656404806,-0.307858127505277,-0.0000154711004701769
cbd,CBD distance,primary,1,sa1,SA1,1,house,House,1,none,No FE,1,full,724,-0.308844639499602,-0.308816136474805,0.0000285030247968443
cbd,CBD distance,primary,1,sa1,SA1,1,house,House,1,none,No FE,1,full,725,-0.309360108813272,-0.309469977425861,-0.000109868612588604
cbd,CBD distance,primary,1,sa1,SA1,1,house,House,1,none,No FE,1,full,726,-0.310161628941442,-0.310203308711507,-0.0000416797700646399
cbd,CBD distance,primary,1,sa1,SA1,1,house,House,1,none,No FE,1,full,727,-0.311943220972225,-0.311887996550621,0.0000552244216034947
cbd,CBD distance,primary,1,sa1,SA1,1,house,House,1,none,No FE,1,full,728,-0.309436695373935,-0.309360921014745,0.0000757743591895954
cbd,CBD distance,primary,1,sa1,SA1,1,house,House,1,none,No FE,1,full,729,-0.307191579117694,-0.307248008160871,-0.00005642904317682
cbd,CBD distance,primary,1,sa1,SA1,1,house,House,1,none,No FE,1,full,730,-0.306940257753497,-0.307020502236747,-0.0000802444832507243
cbd,CBD distance,primary,1,sa1,SA1,1,house,House,1,none,No FE,1,full,731,-0.313723485027276,-0.313674718968537,0.0000487660587390471
cbd,CBD distance,primary,1,sa1,SA1,1,house,House,1,none,No FE,1,full,732,-0.305885645284923,-0.305828947367821,0.000056697917102333
cbd,CBD distance,primary,1,sa1,SA1,1,house,House,1,none,No FE,1,full,733,-0.308353656145703,-0.308344979938298,0.00000867620740468977
cbd,CBD distance,primary,1,sa1,SA1,1,house,House,1,none,No FE,1,full,734,-0.309039001454174,-0.30913065313274,-0.0000916516785657295
cbd,CBD distance,primary,1,sa1,SA1,1,house,House,1,none,No FE,1,full,735,-0.305218755030142,-0.305304402927863,-0.0000856478977205866
cbd,CBD distance,primary,1,sa1,SA1,1,house,House,1,none,No FE,1,full,736,-0.309240989586207,-0.309209670215412,0.0000313193707955906
cbd,CBD distance,primary,1,sa1,SA1,1,house,House,1,none,No FE,1,full,737,-0.310451302133495,-0.310413674248988,0.0000376278845067302
cbd,CBD distance,primary,1,sa1,SA1,1,house,House,1,none,No FE,1,full,738,-0.310183703292793,-0.310227585199585,-0.0000438819067923313
cbd,CBD distance,primary,1,sa1,SA1,1,house,House,1,none,No FE,1,full,739,-0.311334798036616,-0.31130097553265,0.0000338225039667739
cbd,CBD distance,primary,1,sa1,SA1,1,house,House,1,none,No FE,1,full,740,-0.310609436270931,-0.31056680429562,0.0000426319753102922
cbd,CBD distance,primary,1,sa1,SA1,1,house,House,1,none,No FE,1,full,741,-0.304873463012978,-0.304822053157112,0.0000514098558664355
cbd,CBD distance,primary,1,sa1,SA1,1,house,House,1,none,No FE,1,full,742,-0.30788551541168,-0.30783283833755,0.0000526770741302585
cbd,CBD distance,primary,1,sa1,SA1,1,house,House,1,none,No FE,1,full,743,-0.308418657474774,-0.308367073338359,0.0000515841364145397
cbd,CBD distance,primary,1,sa1,SA1,1,house,House,1,none,No FE,1,full,744,-0.314164619289788,-0.314085513198228,0.0000791060915604214
cbd,CBD distance,primary,1,sa1,SA1,1,house,House,1,none,No FE,1,full,745,-0.298247606570936,-0.298298567862761,-0.0000509612918254687
cbd,CBD distance,primary,1,sa1,SA1,1,house,House,1,none,No FE,1,full,746,-0.305911556419146,-0.305891595864653,0.0000199605544925485
cbd,CBD distance,primary,1,sa1,SA1,1,house,House,1,none,No FE,1,full,747,-0.310445868473948,-0.310434017430885,0.0000118510430633378
cbd,CBD distance,primary,1,sa1,SA1,1,house,House,1,none,No FE,1,full,748,-0.309261928751154,-0.309201628848274,0.0000602999028798124
cbd,CBD distance,primary,1,sa1,SA1,1,house,House,1,none,No FE,1,full,749,-0.312079108072062,-0.312040662809762,0.0000384452623002907
cbd,CBD distance,primary,1,sa1,SA1,1,house,House,1,none,No FE,1,full,750,-0.311447266122511,-0.311388886465134,0.0000583796573768169
cbd,CBD distance,primary,1,sa1,SA1,1,house,House,1,none,No FE,1,full,751,-0.309633809855734,-0.309619135154205,0.0000146747015292714
cbd,CBD distance,primary,1,sa1,SA1,1,house,House,1,none,No FE,1,full,752,-0.299585905669388,-0.299631192884234,-0.0000452872148459238
cbd,CBD distance,primary,1,sa1,SA1,1,house,House,1,none,No FE,1,full,753,-0.31175102510456,-0.311809386538834,-0.000058361434274179
cbd,CBD distance,primary,1,sa1,SA1,1,house,House,1,none,No FE,1,full,754,-0.309573663925652,-0.30963213137105,-0.0000584674453974476
cbd,CBD distance,primary,1,sa1,SA1,1,house,House,1,none,No FE,1,full,755,-0.312081507365892,-0.312001717079954,0.0000797902859382416
cbd,CBD distance,primary,1,sa1,SA1,1,house,House,1,none,No FE,1,full,756,-0.315200330146443,-0.31529028902002,-0.00008995887357649
cbd,CBD distance,primary,1,sa1,SA1,1,house,House,1,none,No FE,1,full,757,-0.309649953381706,-0.309604436308093,0.0000455170736128885
cbd,CBD distance,primary,1,sa1,SA1,1,house,House,1,none,No FE,1,full,758,-0.31146077736078,-0.311501722320375,-0.0000409449595956124
cbd,CBD distance,primary,1,sa1,SA1,1,house,House,1,none,No FE,1,full,759,-0.305682957878714,-0.305758448639664,-0.0000754907609498701
cbd,CBD distance,primary,1,sa1,SA1,1,house,House,1,none,No FE,1,full,760,-0.297627982138187,-0.297676388287362,-0.0000484061491751175
cbd,CBD distance,primary,1,sa1,SA1,1,house,House,1,none,No FE,1,full,761,-0.312304543811646,-0.312340446490656,-0.0000359026790102135
cbd,CBD distance,primary,1,sa1,SA1,1,house,House,1,none,No FE,1,full,762,-0.311378832205864,-0.311322855077575,0.0000559771282889199
cbd,CBD distance,primary,1,sa1,SA1,1,house,House,1,none,No FE,1,full,763,-0.302505845178865,-0.302452384801284,0.0000534603775808606
cbd,CBD distance,primary,1,sa1,SA1,1,house,House,1,none,No FE,1,full,764,-0.304253579776937,-0.304218037861961,0.0000355419149763447
cbd,CBD distance,primary,1,sa1,SA1,1,house,House,1,none,No FE,1,full,765,-0.3078467438683,-0.307776046959466,0.0000706969088342113
cbd,CBD distance,primary,1,sa1,SA1,1,house,House,1,none,No FE,1,full,766,-0.305683409857402,-0.305672830879928,0.000010578977473974
cbd,CBD distance,primary,1,sa1,SA1,1,house,House,1,none,No FE,1,full,767,-0.307192802538722,-0.307217055489894,-0.0000242529511718659
cbd,CBD distance,primary,1,sa1,SA1,1,house,House,1,none,No FE,1,full,768,-0.309792302998766,-0.309825362905286,-0.0000330599065196391
cbd,CBD distance,primary,1,sa1,SA1,1,house,House,1,none,No FE,1,full,769,-0.307996812102402,-0.307937376333568,0.0000594357688345482
cbd,CBD distance,primary,1,sa1,SA1,1,house,House,1,none,No FE,1,full,770,-0.310936768664298,-0.311008061329515,-0.0000712926652169377
cbd,CBD distance,primary,1,sa1,SA1,1,house,House,1,none,No FE,1,full,771,-0.311693163473128,-0.311762235667171,-0.0000690721940427852
cbd,CBD distance,primary,1,sa1,SA1,1,house,House,1,none,No FE,1,full,772,-0.305326489081652,-0.305324393098243,0.00000209598340866757
cbd,CBD distance,primary,1,sa1,SA1,1,house,House,1,none,No FE,1,full,773,-0.308998820300421,-0.308941595116268,0.0000572251841521321
cbd,CBD distance,primary,1,sa1,SA1,1,house,House,1,none,No FE,1,full,774,-0.305459877810234,-0.305478823637474,-0.0000189458272401577
cbd,CBD distance,primary,1,sa1,SA1,1,house,House,1,none,No FE,1,full,775,-0.305196229755464,-0.305252518254092,-0.0000562884986274326
cbd,CBD distance,primary,1,sa1,SA1,1,house,House,1,none,No FE,1,full,776,-0.31786675056671,-0.317827603687194,0.00003914687951595
cbd,CBD distance,primary,1,sa1,SA1,1,house,House,1,none,No FE,1,full,777,-0.31176557471426,-0.311731924123385,0.0000336505908756779
cbd,CBD distance,primary,1,sa1,SA1,1,house,House,1,none,No FE,1,full,778,-0.310697291114555,-0.31064386004749,0.0000534310670644023
cbd,CBD distance,primary,1,sa1,SA1,1,house,House,1,none,No FE,1,full,779,-0.310720062551526,-0.3106832090507,0.0000368535008256066
cbd,CBD distance,primary,1,sa1,SA1,1,house,House,1,none,No FE,1,full,780,-0.305411952485374,-0.305463878492183,-0.0000519260068085337
cbd,CBD distance,primary,1,sa1,SA1,1,house,House,1,none,No FE,1,full,781,-0.304404578318858,-0.30448935425154,-0.0000847759326817466
cbd,CBD distance,primary,1,sa1,SA1,1,house,House,1,none,No FE,1,full,782,-0.310052955425745,-0.310100346334125,-0.0000473909083799629
cbd,CBD distance,primary,1,sa1,SA1,1,house,House,1,none,No FE,1,full,783,-0.311513942743044,-0.311448811461763,0.0000651312812807725
cbd,CBD distance,primary,1,sa1,SA1,1,house,House,1,none,No FE,1,full,784,-0.315633564100504,-0.315610904493404,0.0000226596070997398
cbd,CBD distance,primary,1,sa1,SA1,1,house,House,1,none,No FE,1,full,785,-0.308549533941783,-0.308573033776635,-0.0000234998348519477
cbd,CBD distance,primary,1,sa1,SA1,1,house,House,1,none,No FE,1,full,786,-0.305897878917947,-0.305828552817898,0.0000693261000490053
cbd,CBD distance,primary,1,sa1,SA1,1,house,House,1,none,No FE,1,full,787,-0.301191368686304,-0.301318689208046,-0.000127320521741636
cbd,CBD distance,primary,1,sa1,SA1,1,house,House,1,none,No FE,1,full,788,-0.309156082787336,-0.309217108770299,-0.0000610259829624815
cbd,CBD distance,primary,1,sa1,SA1,1,house,House,1,none,No FE,1,full,789,-0.308649536871142,-0.308639413390091,0.0000101234810513384
cbd,CBD distance,primary,1,sa1,SA1,1,house,House,1,none,No FE,1,full,790,-0.312292973461153,-0.312334812075186,-0.0000418386140332849
cbd,CBD distance,primary,1,sa1,SA1,1,house,House,1,none,No FE,1,full,791,-0.310693140979326,-0.310667812560614,0.000025328418711501
cbd,CBD distance,primary,1,sa1,SA1,1,house,House,1,none,No FE,1,full,792,-0.306605425321937,-0.306573749562901,0.000031675759035843
cbd,CBD distance,primary,1,sa1,SA1,1,house,House,1,none,No FE,1,full,793,-0.314019357771372,-0.313983447911341,0.000035909860030825
cbd,CBD distance,primary,1,sa1,SA1,1,house,House,1,none,No FE,1,full,794,-0.304982079625998,-0.305028383457699,-0.0000463038317011777
cbd,CBD distance,primary,1,sa1,SA1,1,house,House,1,none,No FE,1,full,795,-0.311227924360786,-0.311190305042426,0.0000376193183603268
cbd,CBD distance,primary,1,sa1,SA1,1,house,House,1,none,No FE,1,full,796,-0.311945563119839,-0.311901396001757,0.000044167118081806
cbd,CBD distance,primary,1,sa1,SA1,1,house,House,1,none,No FE,1,full,797,-0.304582423084425,-0.304531798015929,0.000050625068495902
cbd,CBD distance,primary,1,sa1,SA1,1,house,House,1,none,No FE,1,full,798,-0.31163535554131,-0.311685235997071,-0.000049880455760265
cbd,CBD distance,primary,1,sa1,SA1,1,house,House,1,none,No FE,1,full,799,-0.31314298915238,-0.313087018721012,0.0000559704313674581
cbd,CBD distance,primary,1,sa1,SA1,1,house,House,1,none,No FE,1,full,800,-0.305393857656013,-0.305348122359802,0.0000457352962110469
cbd,CBD distance,primary,1,sa1,SA1,1,house,House,1,none,No FE,1,full,801,-0.310177111998737,-0.310102956457119,0.0000741555416179929
cbd,CBD distance,primary,1,sa1,SA1,1,house,House,1,none,No FE,1,full,802,-0.304497078081439,-0.304465411689301,0.000031666392137697
cbd,CBD distance,primary,1,sa1,SA1,1,house,House,1,none,No FE,1,full,803,-0.308671465423322,-0.308741389135752,-0.0000699237124298646
cbd,CBD distance,primary,1,sa1,SA1,1,house,House,1,none,No FE,1,full,804,-0.309621643348486,-0.309569733043364,0.0000519103051218606
cbd,CBD distance,primary,1,sa1,SA1,1,house,House,1,none,No FE,1,full,805,-0.311727212468984,-0.31171402983599,0.0000131826329941576
cbd,CBD distance,primary,1,sa1,SA1,1,house,House,1,none,No FE,1,full,806,-0.306416356205638,-0.306388319188399,0.0000280370172393019
cbd,CBD distance,primary,1,sa1,SA1,1,house,House,1,none,No FE,1,full,807,-0.308567469666142,-0.308600338335265,-0.0000328686691235536
cbd,CBD distance,primary,1,sa1,SA1,1,house,House,1,none,No FE,1,full,808,-0.311778638212445,-0.311856149449664,-0.0000775112372195519
cbd,CBD distance,primary,1,sa1,SA1,1,house,House,1,none,No FE,1,full,809,-0.299586998937674,-0.299655501155651,-0.0000685022179772732
cbd,CBD distance,primary,1,sa1,SA1,1,house,House,1,none,No FE,1,full,810,-0.304790758832305,-0.304840723458873,-0.0000499646265680331
cbd,CBD distance,primary,1,sa1,SA1,1,house,House,1,none,No FE,1,full,811,-0.305034621875452,-0.305069458774008,-0.0000348368985566006
cbd,CBD distance,primary,1,sa1,SA1,1,house,House,1,none,No FE,1,full,812,-0.309597739625722,-0.309545491266429,0.0000522483592928502
cbd,CBD distance,primary,1,sa1,SA1,1,house,House,1,none,No FE,1,full,813,-0.304042873939672,-0.303997640808768,0.0000452331309039877
cbd,CBD distance,primary,1,sa1,SA1,1,house,House,1,none,No FE,1,full,814,-0.310876408864798,-0.310889884040564,-0.0000134751757656648
cbd,CBD distance,primary,1,sa1,SA1,1,house,House,1,none,No FE,1,full,815,-0.31086466101173,-0.31092751012995,-0.0000628491182201318
cbd,CBD distance,primary,1,sa1,SA1,1,house,House,1,none,No FE,1,full,816,-0.299534089847303,-0.299517014452191,0.0000170753951125313
cbd,CBD distance,primary,1,sa1,SA1,1,house,House,1,none,No FE,1,full,817,-0.307914916120474,-0.307851964688912,0.0000629514315618196
cbd,CBD distance,primary,1,sa1,SA1,1,house,House,1,none,No FE,1,full,818,-0.312892968106411,-0.31297095096816,-0.0000779828617490375
cbd,CBD distance,primary,1,sa1,SA1,1,house,House,1,none,No FE,1,full,819,-0.310390487637731,-0.310359187245345,0.0000313003923851363
cbd,CBD distance,primary,1,sa1,SA1,1,house,House,1,none,No FE,1,full,820,-0.303453070597868,-0.303504741321161,-0.0000516707232931513
cbd,CBD distance,primary,1,sa1,SA1,1,house,House,1,none,No FE,1,full,821,-0.305535866990826,-0.305543864939043,-0.00000799794821632061
cbd,CBD distance,primary,1,sa1,SA1,1,house,House,1,none,No FE,1,full,822,-0.308342549767022,-0.308434247363814,-0.0000916975967921174
cbd,CBD distance,primary,1,sa1,SA1,1,house,House,1,none,No FE,1,full,823,-0.309177748761857,-0.309217690102748,-0.0000399413408910809
cbd,CBD distance,primary,1,sa1,SA1,1,house,House,1,none,No FE,1,full,824,-0.31063225841859,-0.310704087535269,-0.0000718291166787455
cbd,CBD distance,primary,1,sa1,SA1,1,house,House,1,none,No FE,1,full,825,-0.314425383308774,-0.314486647375738,-0.0000612640669639397
cbd,CBD distance,primary,1,sa1,SA1,1,house,House,1,none,No FE,1,full,826,-0.309385668767833,-0.309344005078556,0.0000416636892771605
cbd,CBD distance,primary,1,sa1,SA1,1,house,House,1,none,No FE,1,full,827,-0.310874582100274,-0.310956984928002,-0.0000824028277284228
cbd,CBD distance,primary,1,sa1,SA1,1,house,House,1,none,No FE,1,full,828,-0.299762594279798,-0.299773688402896,-0.0000110941230975214
cbd,CBD distance,primary,1,sa1,SA1,1,house,House,1,none,No FE,1,full,829,-0.308553248237214,-0.308502126476854,0.0000511217603603176
cbd,CBD distance,primary,1,sa1,SA1,1,house,House,1,none,No FE,1,full,830,-0.311868186477113,-0.311964346126879,-0.0000961596497661699
cbd,CBD distance,primary,1,sa1,SA1,1,house,House,1,none,No FE,1,full,831,-0.309601643937548,-0.309663961692285,-0.0000623177547363074
cbd,CBD distance,primary,1,sa1,SA1,1,house,House,1,none,No FE,1,full,832,-0.307406947242497,-0.307470334118575,-0.0000633868760786527
cbd,CBD distance,primary,1,sa1,SA1,1,house,House,1,none,No FE,1,full,833,-0.303775826697146,-0.303823081731033,-0.0000472550338870281
cbd,CBD distance,primary,1,sa1,SA1,1,house,House,1,none,No FE,1,full,834,-0.310034563660476,-0.310036708032564,-0.00000214437208762019
cbd,CBD distance,primary,1,sa1,SA1,1,house,House,1,none,No FE,1,full,835,-0.308463720945169,-0.308546302911966,-0.0000825819667967243
cbd,CBD distance,primary,1,sa1,SA1,1,house,House,1,none,No FE,1,full,836,-0.30740233409744,-0.307501177440287,-0.0000988433428470437
cbd,CBD distance,primary,1,sa1,SA1,1,house,House,1,none,No FE,1,full,837,-0.308326644567198,-0.30842551515896,-0.0000988705917615573
cbd,CBD distance,primary,1,sa1,SA1,1,house,House,1,none,No FE,1,full,838,-0.308276977070971,-0.308323688935348,-0.000046711864376825
cbd,CBD distance,primary,1,sa1,SA1,1,house,House,1,none,No FE,1,full,839,-0.307796087674839,-0.307758917968819,0.0000371697060199683
cbd,CBD distance,primary,1,sa1,SA1,1,house,House,1,none,No FE,1,full,840,-0.302805749881778,-0.302866308750477,-0.0000605588686985459
cbd,CBD distance,primary,1,sa1,SA1,1,house,House,1,none,No FE,1,full,841,-0.30485110872271,-0.304874534597917,-0.0000234258752072614
cbd,CBD distance,primary,1,sa1,SA1,1,house,House,1,none,No FE,1,full,842,-0.305253163387618,-0.305231623441462,0.0000215399461553356
cbd,CBD distance,primary,1,sa1,SA1,1,house,House,1,none,No FE,1,full,843,-0.309406553235062,-0.309430087107041,-0.0000235338719791756
cbd,CBD distance,primary,1,sa1,SA1,1,house,House,1,none,No FE,1,full,844,-0.308050667528704,-0.30805220488895,-0.00000153736024638418
cbd,CBD distance,primary,1,sa1,SA1,1,house,House,1,none,No FE,1,full,845,-0.315343626344534,-0.315424788272311,-0.0000811619277774067
cbd,CBD distance,primary,1,sa1,SA1,1,house,House,1,none,No FE,1,full,846,-0.301525779141364,-0.301587523575692,-0.0000617444343287699
cbd,CBD distance,primary,1,sa1,SA1,1,house,House,1,none,No FE,1,full,847,-0.3090738101399,-0.309050874090337,0.0000229360495634379
cbd,CBD distance,primary,1,sa1,SA1,1,house,House,1,none,No FE,1,full,848,-0.311554826717241,-0.311662463866165,-0.000107637148924256
cbd,CBD distance,primary,1,sa1,SA1,1,house,House,1,none,No FE,1,full,849,-0.307499307766622,-0.307477016892729,0.000022290873893549
cbd,CBD distance,primary,1,sa1,SA1,1,house,House,1,none,No FE,1,full,850,-0.310427091884561,-0.310475099171192,-0.0000480072866317904
cbd,CBD distance,primary,1,sa1,SA1,1,house,House,1,none,No FE,1,full,851,-0.31114573444451,-0.311172310009328,-0.0000265755648177768
cbd,CBD distance,primary,1,sa1,SA1,1,house,House,1,none,No FE,1,full,852,-0.304230570729565,-0.304285719147631,-0.0000551484180665307
cbd,CBD distance,primary,1,sa1,SA1,1,house,House,1,none,No FE,1,full,853,-0.308672266389438,-0.308669498429788,0.00000276795965009624
cbd,CBD distance,primary,1,sa1,SA1,1,house,House,1,none,No FE,1,full,854,-0.302168530569758,-0.302232107483506,-0.000063576913748753
cbd,CBD distance,primary,1,sa1,SA1,1,house,House,1,none,No FE,1,full,855,-0.306692682793767,-0.306761446684237,-0.0000687638904706689
cbd,CBD distance,primary,1,sa1,SA1,1,house,House,1,none,No FE,1,full,856,-0.314339688415649,-0.314396913482214,-0.0000572250665648033
cbd,CBD distance,primary,1,sa1,SA1,1,house,House,1,none,No FE,1,full,857,-0.305256019936183,-0.305176101749566,0.0000799181866175114
cbd,CBD distance,primary,1,sa1,SA1,1,house,House,1,none,No FE,1,full,858,-0.306759969167075,-0.306704685450953,0.0000552837161225117
cbd,CBD distance,primary,1,sa1,SA1,1,house,House,1,none,No FE,1,full,859,-0.314603124555658,-0.31459082341856,0.0000123011370981585
cbd,CBD distance,primary,1,sa1,SA1,1,house,House,1,none,No FE,1,full,860,-0.313661554823726,-0.313650075419465,0.0000114794042613275
cbd,CBD distance,primary,1,sa1,SA1,1,house,House,1,none,No FE,1,full,861,-0.303623073239497,-0.303606582468518,0.0000164907709788165
cbd,CBD distance,primary,1,sa1,SA1,1,house,House,1,none,No FE,1,full,862,-0.307592216472071,-0.307685807122677,-0.0000935906506057682
cbd,CBD distance,primary,1,sa1,SA1,1,house,House,1,none,No FE,1,full,863,-0.309117673323095,-0.309069706589005,0.0000479667340900214
cbd,CBD distance,primary,1,sa1,SA1,1,house,House,1,none,No FE,1,full,864,-0.310100836359874,-0.310146043641348,-0.0000452072814741134
cbd,CBD distance,primary,1,sa1,SA1,1,house,House,1,none,No FE,1,full,865,-0.312159270246541,-0.312224430731165,-0.0000651604846240717
cbd,CBD distance,primary,1,sa1,SA1,1,house,House,1,none,No FE,1,full,866,-0.313598579981738,-0.313582133915476,0.0000164460662616106
cbd,CBD distance,primary,1,sa1,SA1,1,house,House,1,none,No FE,1,full,867,-0.305023410626951,-0.305103366186359,-0.0000799555594084289
cbd,CBD distance,primary,1,sa1,SA1,1,house,House,1,none,No FE,1,full,868,-0.305391709878134,-0.305355634956792,0.0000360749213418887
cbd,CBD distance,primary,1,sa1,SA1,1,house,House,1,none,No FE,1,full,869,-0.306949421582278,-0.306914228133916,0.0000351934483623917
cbd,CBD distance,primary,1,sa1,SA1,1,house,House,1,none,No FE,1,full,870,-0.306932661654429,-0.306894686252881,0.000037975401548096
cbd,CBD distance,primary,1,sa1,SA1,1,house,House,1,none,No FE,1,full,871,-0.310812820362176,-0.310875331114148,-0.0000625107519718893
cbd,CBD distance,primary,1,sa1,SA1,1,house,House,1,none,No FE,1,full,872,-0.29791632463153,-0.298007564960883,-0.0000912403293524267
cbd,CBD distance,primary,1,sa1,SA1,1,house,House,1,none,No FE,1,full,873,-0.312909950326702,-0.312866291180324,0.0000436591463784386
cbd,CBD distance,primary,1,sa1,SA1,1,house,House,1,none,No FE,1,full,874,-0.309565719465061,-0.309602417134266,-0.0000366976692045551
cbd,CBD distance,primary,1,sa1,SA1,1,house,House,1,none,No FE,1,full,875,-0.30928673280774,-0.309321221667648,-0.0000344888599076998
cbd,CBD distance,primary,1,sa1,SA1,1,house,House,1,none,No FE,1,full,876,-0.307636772501021,-0.307695552052276,-0.000058779551255439
cbd,CBD distance,primary,1,sa1,SA1,1,house,House,1,none,No FE,1,full,877,-0.309439679744086,-0.309500978614959,-0.0000612988708723616
cbd,CBD distance,primary,1,sa1,SA1,1,house,House,1,none,No FE,1,full,878,-0.308733056246141,-0.308734024264274,-0.000000968018132985193
cbd,CBD distance,primary,1,sa1,SA1,1,house,House,1,none,No FE,1,full,879,-0.315183277214961,-0.315128870956999,0.0000544062579619364
cbd,CBD distance,primary,1,sa1,SA1,1,house,House,1,none,No FE,1,full,880,-0.311120344442908,-0.311176903501667,-0.0000565590587595088
cbd,CBD distance,primary,1,sa1,SA1,1,house,House,1,none,No FE,1,full,881,-0.306936940054106,-0.306875108503765,0.0000618315503411737
cbd,CBD distance,primary,1,sa1,SA1,1,house,House,1,none,No FE,1,full,882,-0.307768894409991,-0.307802272659678,-0.0000333782496865775
cbd,CBD distance,primary,1,sa1,SA1,1,house,House,1,none,No FE,1,full,883,-0.307190089802291,-0.307248874271666,-0.0000587844693746287
cbd,CBD distance,primary,1,sa1,SA1,1,house,House,1,none,No FE,1,full,884,-0.303583457625641,-0.303606677162418,-0.000023219536777197
cbd,CBD distance,primary,1,sa1,SA1,1,house,House,1,none,No FE,1,full,885,-0.304303934847938,-0.304270028275976,0.0000339065719627829
cbd,CBD distance,primary,1,sa1,SA1,1,house,House,1,none,No FE,1,full,886,-0.308577576010392,-0.308601936857626,-0.0000243608472341728
cbd,CBD distance,primary,1,sa1,SA1,1,house,House,1,none,No FE,1,full,887,-0.310619913918784,-0.310708866175715,-0.0000889522569310075
cbd,CBD distance,primary,1,sa1,SA1,1,house,House,1,none,No FE,1,full,888,-0.310571054136495,-0.310563784223807,0.00000726991268801269
cbd,CBD distance,primary,1,sa1,SA1,1,house,House,1,none,No FE,1,full,889,-0.303889438641337,-0.303874978500387,0.0000144601409503564
cbd,CBD distance,primary,1,sa1,SA1,1,house,House,1,none,No FE,1,full,890,-0.309960019673086,-0.310027279684624,-0.0000672600115377842
cbd,CBD distance,primary,1,sa1,SA1,1,house,House,1,none,No FE,1,full,891,-0.308460913409957,-0.308520110275548,-0.0000591968655902497
cbd,CBD distance,primary,1,sa1,SA1,1,house,House,1,none,No FE,1,full,892,-0.307362321948555,-0.307351680130078,0.0000106418184770973
cbd,CBD distance,primary,1,sa1,SA1,1,house,House,1,none,No FE,1,full,893,-0.312738999920898,-0.312772733418808,-0.0000337334979100823
cbd,CBD distance,primary,1,sa1,SA1,1,house,House,1,none,No FE,1,full,894,-0.309791390606256,-0.309786279065785,0.0000051115404711144
cbd,CBD distance,primary,1,sa1,SA1,1,house,House,1,none,No FE,1,full,895,-0.307964732502796,-0.308012835773003,-0.000048103270206934
cbd,CBD distance,primary,1,sa1,SA1,1,house,House,1,none,No FE,1,full,896,-0.305858442354186,-0.305933981537427,-0.0000755391832413244
cbd,CBD distance,primary,1,sa1,SA1,1,house,House,1,none,No FE,1,full,897,-0.312514278133851,-0.31256691170104,-0.0000526335671888201
cbd,CBD distance,primary,1,sa1,SA1,1,house,House,1,none,No FE,1,full,898,-0.306315906789663,-0.306350540287177,-0.0000346334975135365
cbd,CBD distance,primary,1,sa1,SA1,1,house,House,1,none,No FE,1,full,899,-0.305659782191489,-0.305734425754818,-0.0000746435633287024
cbd,CBD distance,primary,1,sa1,SA1,1,house,House,1,none,No FE,1,full,900,-0.307512740248905,-0.307577084515595,-0.0000643442666896088
cbd,CBD distance,primary,1,sa1,SA1,1,house,House,1,none,No FE,1,full,901,-0.312020385226769,-0.312116126409681,-0.00009574118291239
cbd,CBD distance,primary,1,sa1,SA1,1,house,House,1,none,No FE,1,full,902,-0.306504226226845,-0.306540706365522,-0.0000364801386769642
cbd,CBD distance,primary,1,sa1,SA1,1,house,House,1,none,No FE,1,full,903,-0.308437782496153,-0.308455231206144,-0.0000174487099910414
cbd,CBD distance,primary,1,sa1,SA1,1,house,House,1,none,No FE,1,full,904,-0.307724566454867,-0.307797930265731,-0.0000733638108635915
cbd,CBD distance,primary,1,sa1,SA1,1,house,House,1,none,No FE,1,full,905,-0.312002839569015,-0.312042338814382,-0.0000394992453670584
cbd,CBD distance,primary,1,sa1,SA1,1,house,House,1,none,No FE,1,full,906,-0.308227031879426,-0.308317583823106,-0.0000905519436798508
cbd,CBD distance,primary,1,sa1,SA1,1,house,House,1,none,No FE,1,full,907,-0.307749698022912,-0.307690897518364,0.0000588005045479845
cbd,CBD distance,primary,1,sa1,SA1,1,house,House,1,none,No FE,1,full,908,-0.302614291511404,-0.302578109311545,0.0000361821998586809
cbd,CBD distance,primary,1,sa1,SA1,1,house,House,1,none,No FE,1,full,909,-0.305479427140321,-0.305462483842086,0.0000169432982352058
cbd,CBD distance,primary,1,sa1,SA1,1,house,House,1,none,No FE,1,full,910,-0.309432769694688,-0.309450663719809,-0.0000178940251207016
cbd,CBD distance,primary,1,sa1,SA1,1,house,House,1,none,No FE,1,full,911,-0.302940825734622,-0.303075098708531,-0.000134272973909555
cbd,CBD distance,primary,1,sa1,SA1,1,house,House,1,none,No FE,1,full,912,-0.307476733655958,-0.307544719467567,-0.0000679858116084953
cbd,CBD distance,primary,1,sa1,SA1,1,house,House,1,none,No FE,1,full,913,-0.305732539352095,-0.305763647092298,-0.0000311077402030402
cbd,CBD distance,primary,1,sa1,SA1,1,house,House,1,none,No FE,1,full,914,-0.30294525732639,-0.302856115048792,0.0000891422775976536
cbd,CBD distance,primary,1,sa1,SA1,1,house,House,1,none,No FE,1,full,915,-0.311076512489278,-0.311146820083144,-0.0000703075938667253
cbd,CBD distance,primary,1,sa1,SA1,1,house,House,1,none,No FE,1,full,916,-0.308516581923079,-0.308513092039505,0.00000348988357379287
cbd,CBD distance,primary,1,sa1,SA1,1,house,House,1,none,No FE,1,full,917,-0.310449369814375,-0.310493923452697,-0.0000445536383216205
cbd,CBD distance,primary,1,sa1,SA1,1,house,House,1,none,No FE,1,full,918,-0.304644240759406,-0.304716643364938,-0.0000724026055321514
cbd,CBD distance,primary,1,sa1,SA1,1,house,House,1,none,No FE,1,full,919,-0.313016755540002,-0.313068783389856,-0.0000520278498533644
cbd,CBD distance,primary,1,sa1,SA1,1,house,House,1,none,No FE,1,full,920,-0.308569123568216,-0.308618319927779,-0.0000491963595632416
cbd,CBD distance,primary,1,sa1,SA1,1,house,House,1,none,No FE,1,full,921,-0.312799789662876,-0.312769493651115,0.0000302960117610218
cbd,CBD distance,primary,1,sa1,SA1,1,house,House,1,none,No FE,1,full,922,-0.314315506555075,-0.314363986222035,-0.0000484796669595888
cbd,CBD distance,primary,1,sa1,SA1,1,house,House,1,none,No FE,1,full,923,-0.309663756278133,-0.30968844601731,-0.000024689739176853
cbd,CBD distance,primary,1,sa1,SA1,1,house,House,1,none,No FE,1,full,924,-0.307334570481446,-0.30729788708794,0.0000366833935062649
cbd,CBD distance,primary,1,sa1,SA1,1,house,House,1,none,No FE,1,full,925,-0.309001723897439,-0.30893615639556,0.0000655675018794155
cbd,CBD distance,primary,1,sa1,SA1,1,house,House,1,none,No FE,1,full,926,-0.307248529283004,-0.307281396306652,-0.0000328670236476869
cbd,CBD distance,primary,1,sa1,SA1,1,house,House,1,none,No FE,1,full,927,-0.316466433826086,-0.316505303668586,-0.000038869842499567
cbd,CBD distance,primary,1,sa1,SA1,1,house,House,1,none,No FE,1,full,928,-0.307065985204698,-0.307028412604411,0.000037572600287139
cbd,CBD distance,primary,1,sa1,SA1,1,house,House,1,none,No FE,1,full,929,-0.308617662147994,-0.308615777129658,0.00000188501833564558
cbd,CBD distance,primary,1,sa1,SA1,1,house,House,1,none,No FE,1,full,930,-0.308332557433395,-0.308414447648565,-0.0000818902151700773
cbd,CBD distance,primary,1,sa1,SA1,1,house,House,1,none,No FE,1,full,931,-0.304588791036663,-0.304507927212592,0.0000808638240709647
cbd,CBD distance,primary,1,sa1,SA1,1,house,House,1,none,No FE,1,full,932,-0.311543920621487,-0.311600036820987,-0.0000561161994993564
cbd,CBD distance,primary,1,sa1,SA1,1,house,House,1,none,No FE,1,full,933,-0.305730425776391,-0.305796329935982,-0.0000659041595909571
cbd,CBD distance,primary,1,sa1,SA1,1,house,House,1,none,No FE,1,full,934,-0.308061415982267,-0.308018791639956,0.000042624342311004
cbd,CBD distance,primary,1,sa1,SA1,1,house,House,1,none,No FE,1,full,935,-0.31367364151857,-0.313658857806738,0.0000147837118324445
cbd,CBD distance,primary,1,sa1,SA1,1,house,House,1,none,No FE,1,full,936,-0.310190083691344,-0.310259127563039,-0.0000690438716952069
cbd,CBD distance,primary,1,sa1,SA1,1,house,House,1,none,No FE,1,full,937,-0.308676990679224,-0.308651405072809,0.0000255856064151905
cbd,CBD distance,primary,1,sa1,SA1,1,house,House,1,none,No FE,1,full,938,-0.307009940680054,-0.306956089258809,0.000053851421245199
cbd,CBD distance,primary,1,sa1,SA1,1,house,House,1,none,No FE,1,full,939,-0.307897651552899,-0.307884689285047,0.0000129622678520791
cbd,CBD distance,primary,1,sa1,SA1,1,house,House,1,none,No FE,1,full,940,-0.303028892718361,-0.303107459812453,-0.0000785670940922079
cbd,CBD distance,primary,1,sa1,SA1,1,house,House,1,none,No FE,1,full,941,-0.304201293830389,-0.304154999090746,0.0000462947396435709
cbd,CBD distance,primary,1,sa1,SA1,1,house,House,1,none,No FE,1,full,942,-0.309396401481299,-0.309370418495344,0.0000259829859550753
cbd,CBD distance,primary,1,sa1,SA1,1,house,House,1,none,No FE,1,full,943,-0.307541910949762,-0.307555558177887,-0.0000136472281253019
cbd,CBD distance,primary,1,sa1,SA1,1,house,House,1,none,No FE,1,full,944,-0.311146320613635,-0.311241660478491,-0.0000953398648558812
cbd,CBD distance,primary,1,sa1,SA1,1,house,House,1,none,No FE,1,full,945,-0.308332334164558,-0.308383791069949,-0.0000514569053906011
cbd,CBD distance,primary,1,sa1,SA1,1,house,House,1,none,No FE,1,full,946,-0.307776413091491,-0.307720731304984,0.0000556817865071668
cbd,CBD distance,primary,1,sa1,SA1,1,house,House,1,none,No FE,1,full,947,-0.314745321942298,-0.314702558268279,0.0000427636740181203
cbd,CBD distance,primary,1,sa1,SA1,1,house,House,1,none,No FE,1,full,948,-0.309450161765844,-0.309468852666292,-0.0000186909004477598
cbd,CBD distance,primary,1,sa1,SA1,1,house,House,1,none,No FE,1,full,949,-0.30997833683453,-0.309954697277861,0.0000236395566696745
cbd,CBD distance,primary,1,sa1,SA1,1,house,House,1,none,No FE,1,full,950,-0.308831773270526,-0.308814656431084,0.0000171168394419996
cbd,CBD distance,primary,1,sa1,SA1,1,house,House,1,none,No FE,1,full,951,-0.310094817264387,-0.310114555166737,-0.0000197379023496036
cbd,CBD distance,primary,1,sa1,SA1,1,house,House,1,none,No FE,1,full,952,-0.303483828719067,-0.303551793885077,-0.0000679651660096536
cbd,CBD distance,primary,1,sa1,SA1,1,house,House,1,none,No FE,1,full,953,-0.313849420594267,-0.313868643431954,-0.0000192228376871273
cbd,CBD distance,primary,1,sa1,SA1,1,house,House,1,none,No FE,1,full,954,-0.304980651330433,-0.30494603038062,0.0000346209498126582
cbd,CBD distance,primary,1,sa1,SA1,1,house,House,1,none,No FE,1,full,955,-0.305145675628631,-0.30509460088342,0.0000510747452111549
cbd,CBD distance,primary,1,sa1,SA1,1,house,House,1,none,No FE,1,full,956,-0.3092604909801,-0.309196395276015,0.0000640957040857204
cbd,CBD distance,primary,1,sa1,SA1,1,house,House,1,none,No FE,1,full,957,-0.311090098980879,-0.311146408173948,-0.0000563091930687043
cbd,CBD distance,primary,1,sa1,SA1,1,house,House,1,none,No FE,1,full,958,-0.313148553561131,-0.313119322229491,0.0000292313316406778
cbd,CBD distance,primary,1,sa1,SA1,1,house,House,1,none,No FE,1,full,959,-0.311111686190059,-0.311101102958239,0.0000105832318198495
cbd,CBD distance,primary,1,sa1,SA1,1,house,House,1,none,No FE,1,full,960,-0.310010060665621,-0.310035373933983,-0.0000253132683620261
cbd,CBD distance,primary,1,sa1,SA1,1,house,House,1,none,No FE,1,full,961,-0.314533170640682,-0.3145800592405,-0.0000468885998182178
cbd,CBD distance,primary,1,sa1,SA1,1,house,House,1,none,No FE,1,full,962,-0.310165550532698,-0.310104874581375,0.0000606759513231414
cbd,CBD distance,primary,1,sa1,SA1,1,house,House,1,none,No FE,1,full,963,-0.305845012292093,-0.305857611570155,-0.0000125992780617978
cbd,CBD distance,primary,1,sa1,SA1,1,house,House,1,none,No FE,1,full,964,-0.308166405108659,-0.308110018285742,0.0000563868229166431
cbd,CBD distance,primary,1,sa1,SA1,1,house,House,1,none,No FE,1,full,965,-0.312322901473077,-0.312311233850406,0.0000116676226712409
cbd,CBD distance,primary,1,sa1,SA1,1,house,House,1,none,No FE,1,full,966,-0.31068101502801,-0.310656220972471,0.000024794055538957
cbd,CBD distance,primary,1,sa1,SA1,1,house,House,1,none,No FE,1,full,967,-0.309332482043949,-0.30927081463901,0.0000616674049389587
cbd,CBD distance,primary,1,sa1,SA1,1,house,House,1,none,No FE,1,full,968,-0.306765650226857,-0.306826960385068,-0.0000613101582111475
cbd,CBD distance,primary,1,sa1,SA1,1,house,House,1,none,No FE,1,full,969,-0.313266697837158,-0.313234060707834,0.0000326371293242755
cbd,CBD distance,primary,1,sa1,SA1,1,house,House,1,none,No FE,1,full,970,-0.307982457748901,-0.308048184054076,-0.0000657263051755952
cbd,CBD distance,primary,1,sa1,SA1,1,house,House,1,none,No FE,1,full,971,-0.307359299660861,-0.30736938801949,-0.000010088358628868
cbd,CBD distance,primary,1,sa1,SA1,1,house,House,1,none,No FE,1,full,972,-0.307420743358597,-0.307387672871996,0.0000330704866008391
cbd,CBD distance,primary,1,sa1,SA1,1,house,House,1,none,No FE,1,full,973,-0.302436985917091,-0.302398896003393,0.0000380899136981361
cbd,CBD distance,primary,1,sa1,SA1,1,house,House,1,none,No FE,1,full,974,-0.303952022584997,-0.304034712725499,-0.0000826901405024949
cbd,CBD distance,primary,1,sa1,SA1,1,house,House,1,none,No FE,1,full,975,-0.312544034481476,-0.312615598996262,-0.0000715645147856825
cbd,CBD distance,primary,1,sa1,SA1,1,house,House,1,none,No FE,1,full,976,-0.30444594922059,-0.304482724091847,-0.0000367748712568616
cbd,CBD distance,primary,1,sa1,SA1,1,house,House,1,none,No FE,1,full,977,-0.306919863545674,-0.30689016197903,0.0000297015666445022
cbd,CBD distance,primary,1,sa1,SA1,1,house,House,1,none,No FE,1,full,978,-0.306774577994471,-0.306847814188432,-0.0000732361939609905
cbd,CBD distance,primary,1,sa1,SA1,1,house,House,1,none,No FE,1,full,979,-0.311441316094239,-0.311399219327448,0.0000420967667911776
cbd,CBD distance,primary,1,sa1,SA1,1,house,House,1,none,No FE,1,full,980,-0.30719376432009,-0.307147611950621,0.0000461523694687549
cbd,CBD distance,primary,1,sa1,SA1,1,house,House,1,none,No FE,1,full,981,-0.307260373848233,-0.307322265259009,-0.0000618914107756718
cbd,CBD distance,primary,1,sa1,SA1,1,house,House,1,none,No FE,1,full,982,-0.310095285649095,-0.3101637399068,-0.0000684542577050751
cbd,CBD distance,primary,1,sa1,SA1,1,house,House,1,none,No FE,1,full,983,-0.30573315971965,-0.305656657076084,0.0000765026435661231
cbd,CBD distance,primary,1,sa1,SA1,1,house,House,1,none,No FE,1,full,984,-0.311339675615581,-0.311421947445466,-0.0000822718298847391
cbd,CBD distance,primary,1,sa1,SA1,1,house,House,1,none,No FE,1,full,985,-0.308486252355599,-0.308474641541756,0.0000116108138434323
cbd,CBD distance,primary,1,sa1,SA1,1,house,House,1,none,No FE,1,full,986,-0.316930663084257,-0.316842673879131,0.0000879892051262599
cbd,CBD distance,primary,1,sa1,SA1,1,house,House,1,none,No FE,1,full,987,-0.314872492734043,-0.314849701302172,0.0000227914318718381
cbd,CBD distance,primary,1,sa1,SA1,1,house,House,1,none,No FE,1,full,988,-0.307031178359323,-0.306987453568901,0.0000437247904217508
cbd,CBD distance,primary,1,sa1,SA1,1,house,House,1,none,No FE,1,full,989,-0.304999719953677,-0.304991753015215,0.00000796693846188967
cbd,CBD distance,primary,1,sa1,SA1,1,house,House,1,none,No FE,1,full,990,-0.309732425926355,-0.309737322550367,-0.00000489662401137458
cbd,CBD distance,primary,1,sa1,SA1,1,house,House,1,none,No FE,1,full,991,-0.314785209376073,-0.314867387442523,-0.0000821780664498895
cbd,CBD distance,primary,1,sa1,SA1,1,house,House,1,none,No FE,1,full,992,-0.309511362195215,-0.309464720642132,0.0000466415530829267
cbd,CBD distance,primary,1,sa1,SA1,1,house,House,1,none,No FE,1,full,993,-0.307524547962417,-0.307505357730048,0.0000191902323685156
cbd,CBD distance,primary,1,sa1,SA1,1,house,House,1,none,No FE,1,full,994,-0.30895538253814,-0.308999220730088,-0.0000438381919481978
cbd,CBD distance,primary,1,sa1,SA1,1,house,House,1,none,No FE,1,full,995,-0.303922650167478,-0.303999034773247,-0.0000763846057683093
cbd,CBD distance,primary,1,sa1,SA1,1,house,House,1,none,No FE,1,full,996,-0.309503733564967,-0.309495360481826,0.00000837308314088903
cbd,CBD distance,primary,1,sa1,SA1,1,house,House,1,none,No FE,1,full,997,-0.310059807762128,-0.310111734636027,-0.0000519268738992107
cbd,CBD distance,primary,1,sa1,SA1,1,house,House,1,none,No FE,1,full,998,-0.313888146122167,-0.313810809565186,0.0000773365569808893
cbd,CBD distance,primary,1,sa1,SA1,1,house,House,1,none,No FE,1,full,999,-0.311478176133111,-0.31151157009357,-0.0000333939604587052
cbd,CBD distance,primary,1,poa,Postcode,3,apartment,Apartment,2,sa4,SA4,3,full,1,-0.24103002802525,-0.116354914284798,0.124675113740452
cbd,CBD distance,primary,1,poa,Postcode,3,apartment,Apartment,2,sa4,SA4,3,full,2,-0.243545021462214,-0.106034885253564,0.13751013620865
cbd,CBD distance,primary,1,poa,Postcode,3,apartment,Apartment,2,sa4,SA4,3,full,3,-0.298115742408746,-0.213134531801386,0.0849812106073603
cbd,CBD distance,primary,1,poa,Postcode,3,apartment,Apartment,2,sa4,SA4,3,full,4,-0.254443885927047,-0.126118421783936,0.128325464143111
cbd,CBD distance,primary,1,poa,Postcode,3,apartment,Apartment,2,sa4,SA4,3,full,5,-0.264410730394335,-0.195091800512013,0.069318929882322
cbd,CBD distance,primary,1,poa,Postcode,3,apartment,Apartment,2,sa4,SA4,3,full,6,-0.28505297625049,-0.13165884057039,0.1533941356801
cbd,CBD distance,primary,1,poa,Postcode,3,apartment,Apartment,2,sa4,SA4,3,full,7,-0.301114952663069,-0.224499131631976,0.0766158210310925
cbd,CBD distance,primary,1,poa,Postcode,3,apartment,Apartment,2,sa4,SA4,3,full,8,-0.295719941770577,-0.127918265941604,0.167801675828974
cbd,CBD distance,primary,1,poa,Postcode,3,apartment,Apartment,2,sa4,SA4,3,full,9,-0.226584644679545,-0.188597727151933,0.0379869175276119
cbd,CBD distance,primary,1,poa,Postcode,3,apartment,Apartment,2,sa4,SA4,3,full,10,-0.303600889493341,-0.216224692519062,0.0873761969742786
cbd,CBD distance,primary,1,poa,Postcode,3,apartment,Apartment,2,sa4,SA4,3,full,11,-0.26225415912037,-0.199619838829585,0.0626343202907847
cbd,CBD distance,primary,1,poa,Postcode,3,apartment,Apartment,2,sa4,SA4,3,full,12,-0.269698419777072,-0.203638991322835,0.0660594284542371
cbd,CBD distance,primary,1,poa,Postcode,3,apartment,Apartment,2,sa4,SA4,3,full,13,-0.243137460845398,-0.181835556864239,0.0613019039811589
cbd,CBD distance,primary,1,poa,Postcode,3,apartment,Apartment,2,sa4,SA4,3,full,14,-0.230679544459343,-0.105770926103144,0.124908618356199
cbd,CBD distance,primary,1,poa,Postcode,3,apartment,Apartment,2,sa4,SA4,3,full,15,-0.264648867013367,-0.186308997320905,0.0783398696924613
cbd,CBD distance,primary,1,poa,Postcode,3,apartment,Apartment,2,sa4,SA4,3,full,16,-0.260114379606326,-0.116969272889466,0.143145106716859
cbd,CBD distance,primary,1,poa,Postcode,3,apartment,Apartment,2,sa4,SA4,3,full,17,-0.311669775864048,-0.21819627042148,0.0934735054425674
cbd,CBD distance,primary,1,poa,Postcode,3,apartment,Apartment,2,sa4,SA4,3,full,18,-0.244876403022425,-0.184802282464904,0.0600741205575215
cbd,CBD distance,primary,1,poa,Postcode,3,apartment,Apartment,2,sa4,SA4,3,full,19,-0.292724398904321,-0.202219215295595,0.0905051836087256
cbd,CBD distance,primary,1,poa,Postcode,3,apartment,Apartment,2,sa4,SA4,3,full,20,-0.237537054666958,-0.195419347972503,0.0421177066944553
cbd,CBD distance,primary,1,poa,Postcode,3,apartment,Apartment,2,sa4,SA4,3,full,21,-0.274859742746789,-0.205237490868834,0.069622251877955
cbd,CBD distance,primary,1,poa,Postcode,3,apartment,Apartment,2,sa4,SA4,3,full,22,-0.293826284600647,-0.22067439458902,0.0731518900116269
cbd,CBD distance,primary,1,poa,Postcode,3,apartment,Apartment,2,sa4,SA4,3,full,23,-0.293202068138781,-0.128222346806678,0.164979721332103
cbd,CBD distance,primary,1,poa,Postcode,3,apartment,Apartment,2,sa4,SA4,3,full,24,-0.310049101949171,-0.225289694111529,0.0847594078376416
cbd,CBD distance,primary,1,poa,Postcode,3,apartment,Apartment,2,sa4,SA4,3,full,25,-0.302118366139835,-0.132079358060634,0.1700390080792
cbd,CBD distance,primary,1,poa,Postcode,3,apartment,Apartment,2,sa4,SA4,3,full,26,-0.290111488644272,-0.216985363144367,0.073126125499905
cbd,CBD distance,primary,1,poa,Postcode,3,apartment,Apartment,2,sa4,SA4,3,full,27,-0.251709617229417,-0.131246210236613,0.120463406992804
cbd,CBD distance,primary,1,poa,Postcode,3,apartment,Apartment,2,sa4,SA4,3,full,28,-0.309841247128647,-0.221659249622407,0.0881819975062395
cbd,CBD distance,primary,1,poa,Postcode,3,apartment,Apartment,2,sa4,SA4,3,full,29,-0.230111698948814,-0.194201923741571,0.0359097752072424
cbd,CBD distance,primary,1,poa,Postcode,3,apartment,Apartment,2,sa4,SA4,3,full,30,-0.24407539838064,-0.190525899767214,0.0535494986134266
cbd,CBD distance,primary,1,poa,Postcode,3,apartment,Apartment,2,sa4,SA4,3,full,31,-0.28187702016387,-0.131494121817862,0.150382898346008
cbd,CBD distance,primary,1,poa,Postcode,3,apartment,Apartment,2,sa4,SA4,3,full,32,-0.311479343154045,-0.220703597507984,0.0907757456460607
cbd,CBD distance,primary,1,poa,Postcode,3,apartment,Apartment,2,sa4,SA4,3,full,33,-0.292464593634738,-0.142848198176012,0.149616395458726
cbd,CBD distance,primary,1,poa,Postcode,3,apartment,Apartment,2,sa4,SA4,3,full,34,-0.261235657005004,-0.115390926782302,0.145844730222702
cbd,CBD distance,primary,1,poa,Postcode,3,apartment,Apartment,2,sa4,SA4,3,full,35,-0.257213567468361,-0.107620198841025,0.149593368627336
cbd,CBD distance,primary,1,poa,Postcode,3,apartment,Apartment,2,sa4,SA4,3,full,36,-0.250003007438867,-0.188833758177306,0.0611692492615611
cbd,CBD distance,primary,1,poa,Postcode,3,apartment,Apartment,2,sa4,SA4,3,full,37,-0.331437653341625,-0.235043541366315,0.0963941119753094
cbd,CBD distance,primary,1,poa,Postcode,3,apartment,Apartment,2,sa4,SA4,3,full,38,-0.269006468840731,-0.117487986781259,0.151518482059471
cbd,CBD distance,primary,1,poa,Postcode,3,apartment,Apartment,2,sa4,SA4,3,full,39,-0.28810122088407,-0.129583641848033,0.158517579036037
cbd,CBD distance,primary,1,poa,Postcode,3,apartment,Apartment,2,sa4,SA4,3,full,40,-0.290357877186263,-0.201699701680384,0.0886581755058786
cbd,CBD distance,primary,1,poa,Postcode,3,apartment,Apartment,2,sa4,SA4,3,full,41,-0.275854563642684,-0.210454100242447,0.0654004634002367
cbd,CBD distance,primary,1,poa,Postcode,3,apartment,Apartment,2,sa4,SA4,3,full,42,-0.25363985942046,-0.191816246730289,0.0618236126901704
cbd,CBD distance,primary,1,poa,Postcode,3,apartment,Apartment,2,sa4,SA4,3,full,43,-0.211265919962363,-0.10116821393665,0.110097706025713
cbd,CBD distance,primary,1,poa,Postcode,3,apartment,Apartment,2,sa4,SA4,3,full,44,-0.264661967813859,-0.126856647506179,0.13780532030768
cbd,CBD distance,primary,1,poa,Postcode,3,apartment,Apartment,2,sa4,SA4,3,full,45,-0.239439399905359,-0.169593889805413,0.0698455100999452
cbd,CBD distance,primary,1,poa,Postcode,3,apartment,Apartment,2,sa4,SA4,3,full,46,-0.244260007092732,-0.176704232161565,0.0675557749311664
cbd,CBD distance,primary,1,poa,Postcode,3,apartment,Apartment,2,sa4,SA4,3,full,47,-0.215033328939408,-0.177166882284191,0.0378664466552167
cbd,CBD distance,primary,1,poa,Postcode,3,apartment,Apartment,2,sa4,SA4,3,full,48,-0.321565119254033,-0.142403042527583,0.179162076726451
cbd,CBD distance,primary,1,poa,Postcode,3,apartment,Apartment,2,sa4,SA4,3,full,49,-0.226462773790197,-0.176493966507771,0.049968807282426
cbd,CBD distance,primary,1,poa,Postcode,3,apartment,Apartment,2,sa4,SA4,3,full,50,-0.264231030286752,-0.121494064593306,0.142736965693445
cbd,CBD distance,primary,1,poa,Postcode,3,apartment,Apartment,2,sa4,SA4,3,full,51,-0.251170843254867,-0.183721301745033,0.0674495415098344
cbd,CBD distance,primary,1,poa,Postcode,3,apartment,Apartment,2,sa4,SA4,3,full,52,-0.267825230010438,-0.136673847091988,0.131151382918451
cbd,CBD distance,primary,1,poa,Postcode,3,apartment,Apartment,2,sa4,SA4,3,full,53,-0.270977892568214,-0.203599992527224,0.0673779000409902
cbd,CBD distance,primary,1,poa,Postcode,3,apartment,Apartment,2,sa4,SA4,3,full,54,-0.269475027408157,-0.209135294583922,0.0603397328242341
cbd,CBD distance,primary,1,poa,Postcode,3,apartment,Apartment,2,sa4,SA4,3,full,55,-0.249592285780009,-0.110655131676675,0.138937154103333
cbd,CBD distance,primary,1,poa,Postcode,3,apartment,Apartment,2,sa4,SA4,3,full,56,-0.232202326611814,-0.099627248667644,0.13257507794417
cbd,CBD distance,primary,1,poa,Postcode,3,apartment,Apartment,2,sa4,SA4,3,full,57,-0.262931595787854,-0.192497530512797,0.0704340652750571
cbd,CBD distance,primary,1,poa,Postcode,3,apartment,Apartment,2,sa4,SA4,3,full,58,-0.264435869705262,-0.184921745164639,0.0795141245406235
cbd,CBD distance,primary,1,poa,Postcode,3,apartment,Apartment,2,sa4,SA4,3,full,59,-0.237837639136109,-0.179236877208095,0.0586007619280143
cbd,CBD distance,primary,1,poa,Postcode,3,apartment,Apartment,2,sa4,SA4,3,full,60,-0.280094191302946,-0.124878834664163,0.155215356638783
cbd,CBD distance,primary,1,poa,Postcode,3,apartment,Apartment,2,sa4,SA4,3,full,61,-0.26017877175814,-0.202153358706929,0.0580254130512111
cbd,CBD distance,primary,1,poa,Postcode,3,apartment,Apartment,2,sa4,SA4,3,full,62,-0.252776393103292,-0.112184166920303,0.140592226182989
cbd,CBD distance,primary,1,poa,Postcode,3,apartment,Apartment,2,sa4,SA4,3,full,63,-0.23236356849623,-0.179430864642936,0.0529327038532946
cbd,CBD distance,primary,1,poa,Postcode,3,apartment,Apartment,2,sa4,SA4,3,full,64,-0.254563856089048,-0.187766317978889,0.0667975381101595
cbd,CBD distance,primary,1,poa,Postcode,3,apartment,Apartment,2,sa4,SA4,3,full,65,-0.240162927291227,-0.185856490099835,0.0543064371913927
cbd,CBD distance,primary,1,poa,Postcode,3,apartment,Apartment,2,sa4,SA4,3,full,66,-0.311776001432834,-0.223514097201041,0.0882619042317931
cbd,CBD distance,primary,1,poa,Postcode,3,apartment,Apartment,2,sa4,SA4,3,full,67,-0.28370043548245,-0.138240506177602,0.145459929304848
cbd,CBD distance,primary,1,poa,Postcode,3,apartment,Apartment,2,sa4,SA4,3,full,68,-0.32904903508089,-0.237168265367422,0.0918807697134678
cbd,CBD distance,primary,1,poa,Postcode,3,apartment,Apartment,2,sa4,SA4,3,full,69,-0.247528926823039,-0.120649539748444,0.126879387074595
cbd,CBD distance,primary,1,poa,Postcode,3,apartment,Apartment,2,sa4,SA4,3,full,70,-0.292163698747834,-0.136316532509245,0.15584716623859
cbd,CBD distance,primary,1,poa,Postcode,3,apartment,Apartment,2,sa4,SA4,3,full,71,-0.23823936294556,-0.185590304733216,0.0526490582123441
cbd,CBD distance,primary,1,poa,Postcode,3,apartment,Apartment,2,sa4,SA4,3,full,72,-0.319912751752215,-0.225928881024982,0.0939838707272328
cbd,CBD distance,primary,1,poa,Postcode,3,apartment,Apartment,2,sa4,SA4,3,full,73,-0.269022016329471,-0.12157690954044,0.147445106789031
cbd,CBD distance,primary,1,poa,Postcode,3,apartment,Apartment,2,sa4,SA4,3,full,74,-0.253604287044985,-0.115873016251579,0.137731270793406
cbd,CBD distance,primary,1,poa,Postcode,3,apartment,Apartment,2,sa4,SA4,3,full,75,-0.270574207505956,-0.192241953951165,0.0783322535547914
cbd,CBD distance,primary,1,poa,Postcode,3,apartment,Apartment,2,sa4,SA4,3,full,76,-0.311534444421298,-0.144164970711318,0.167369473709981
cbd,CBD distance,primary,1,poa,Postcode,3,apartment,Apartment,2,sa4,SA4,3,full,77,-0.265938440440355,-0.124017953757232,0.141920486683123
cbd,CBD distance,primary,1,poa,Postcode,3,apartment,Apartment,2,sa4,SA4,3,full,78,-0.254034873870324,-0.107491448419551,0.146543425450773
cbd,CBD distance,primary,1,poa,Postcode,3,apartment,Apartment,2,sa4,SA4,3,full,79,-0.236483145272821,-0.191040894276052,0.0454422509967687
cbd,CBD distance,primary,1,poa,Postcode,3,apartment,Apartment,2,sa4,SA4,3,full,80,-0.242279252125468,-0.181552691270883,0.0607265608545847
cbd,CBD distance,primary,1,poa,Postcode,3,apartment,Apartment,2,sa4,SA4,3,full,81,-0.25845873392485,-0.128285938150238,0.130172795774611
cbd,CBD distance,primary,1,poa,Postcode,3,apartment,Apartment,2,sa4,SA4,3,full,82,-0.303348033380314,-0.130602449293191,0.172745584087122
cbd,CBD distance,primary,1,poa,Postcode,3,apartment,Apartment,2,sa4,SA4,3,full,83,-0.290609948302016,-0.202658307349254,0.0879516409527622
cbd,CBD distance,primary,1,poa,Postcode,3,apartment,Apartment,2,sa4,SA4,3,full,84,-0.259164758451134,-0.124618941633085,0.13454581681805
cbd,CBD distance,primary,1,poa,Postcode,3,apartment,Apartment,2,sa4,SA4,3,full,85,-0.290485705368339,-0.227102791966176,0.0633829134021632
cbd,CBD distance,primary,1,poa,Postcode,3,apartment,Apartment,2,sa4,SA4,3,full,86,-0.308560580391156,-0.20769978424905,0.100860796142106
cbd,CBD distance,primary,1,poa,Postcode,3,apartment,Apartment,2,sa4,SA4,3,full,87,-0.291801455332371,-0.132325164904829,0.159476290427542
cbd,CBD distance,primary,1,poa,Postcode,3,apartment,Apartment,2,sa4,SA4,3,full,88,-0.33785710267229,-0.155084801445245,0.182772301227045
cbd,CBD distance,primary,1,poa,Postcode,3,apartment,Apartment,2,sa4,SA4,3,full,89,-0.273470978790563,-0.116443042530237,0.157027936260327
cbd,CBD distance,primary,1,poa,Postcode,3,apartment,Apartment,2,sa4,SA4,3,full,90,-0.302914733147342,-0.14309288893837,0.159821844208972
cbd,CBD distance,primary,1,poa,Postcode,3,apartment,Apartment,2,sa4,SA4,3,full,91,-0.237263248733599,-0.171700295175131,0.0655629535584685
cbd,CBD distance,primary,1,poa,Postcode,3,apartment,Apartment,2,sa4,SA4,3,full,92,-0.280751897152608,-0.212925406090398,0.0678264910622098
cbd,CBD distance,primary,1,poa,Postcode,3,apartment,Apartment,2,sa4,SA4,3,full,93,-0.32751624309639,-0.153040367704107,0.174475875392283
cbd,CBD distance,primary,1,poa,Postcode,3,apartment,Apartment,2,sa4,SA4,3,full,94,-0.309322929573697,-0.136692982593307,0.17262994698039
cbd,CBD distance,primary,1,poa,Postcode,3,apartment,Apartment,2,sa4,SA4,3,full,95,-0.25486478248239,-0.190462190166817,0.0644025923155739
cbd,CBD distance,primary,1,poa,Postcode,3,apartment,Apartment,2,sa4,SA4,3,full,96,-0.275824408588256,-0.196734356177634,0.0790900524106227
cbd,CBD distance,primary,1,poa,Postcode,3,apartment,Apartment,2,sa4,SA4,3,full,97,-0.283838992422013,-0.212573536430372,0.0712654559916409
cbd,CBD distance,primary,1,poa,Postcode,3,apartment,Apartment,2,sa4,SA4,3,full,98,-0.255425344950117,-0.107071246587202,0.148354098362915
cbd,CBD distance,primary,1,poa,Postcode,3,apartment,Apartment,2,sa4,SA4,3,full,99,-0.240277811220839,-0.116492020343926,0.123785790876913
cbd,CBD distance,primary,1,poa,Postcode,3,apartment,Apartment,2,sa4,SA4,3,full,100,-0.31817059846866,-0.222110808742362,0.0960597897262984
cbd,CBD distance,primary,1,poa,Postcode,3,apartment,Apartment,2,sa4,SA4,3,full,101,-0.282106833405141,-0.206084160826275,0.0760226725788659
cbd,CBD distance,primary,1,poa,Postcode,3,apartment,Apartment,2,sa4,SA4,3,full,102,-0.236214180469724,-0.104058579965021,0.132155600504703
cbd,CBD distance,primary,1,poa,Postcode,3,apartment,Apartment,2,sa4,SA4,3,full,103,-0.316978447307743,-0.22292308095114,0.0940553663566027
cbd,CBD distance,primary,1,poa,Postcode,3,apartment,Apartment,2,sa4,SA4,3,full,104,-0.282059658219682,-0.135892650654481,0.1461670075652
cbd,CBD distance,primary,1,poa,Postcode,3,apartment,Apartment,2,sa4,SA4,3,full,105,-0.255995242757432,-0.187671523699995,0.0683237190574373
cbd,CBD distance,primary,1,poa,Postcode,3,apartment,Apartment,2,sa4,SA4,3,full,106,-0.251967973375976,-0.195191340207448,0.0567766331685276
cbd,CBD distance,primary,1,poa,Postcode,3,apartment,Apartment,2,sa4,SA4,3,full,107,-0.3089644334872,-0.131202905467247,0.177761528019953
cbd,CBD distance,primary,1,poa,Postcode,3,apartment,Apartment,2,sa4,SA4,3,full,108,-0.282168627973236,-0.205328167989025,0.0768404599842112
cbd,CBD distance,primary,1,poa,Postcode,3,apartment,Apartment,2,sa4,SA4,3,full,109,-0.255806816166658,-0.119878852861119,0.135927963305538
cbd,CBD distance,primary,1,poa,Postcode,3,apartment,Apartment,2,sa4,SA4,3,full,110,-0.306273636578941,-0.143129685037328,0.163143951541613
cbd,CBD distance,primary,1,poa,Postcode,3,apartment,Apartment,2,sa4,SA4,3,full,111,-0.242443954645086,-0.108344749954973,0.134099204690113
cbd,CBD distance,primary,1,poa,Postcode,3,apartment,Apartment,2,sa4,SA4,3,full,112,-0.24701977727269,-0.202202615819163,0.0448171614535276
cbd,CBD distance,primary,1,poa,Postcode,3,apartment,Apartment,2,sa4,SA4,3,full,113,-0.27332224372494,-0.195089798293649,0.0782324454312909
cbd,CBD distance,primary,1,poa,Postcode,3,apartment,Apartment,2,sa4,SA4,3,full,114,-0.292116715091363,-0.13389919397859,0.158217521112773
cbd,CBD distance,primary,1,poa,Postcode,3,apartment,Apartment,2,sa4,SA4,3,full,115,-0.341753413429578,-0.147823348983647,0.193930064445931
cbd,CBD distance,primary,1,poa,Postcode,3,apartment,Apartment,2,sa4,SA4,3,full,116,-0.283083996206756,-0.136124797445048,0.146959198761707
cbd,CBD distance,primary,1,poa,Postcode,3,apartment,Apartment,2,sa4,SA4,3,full,117,-0.248657990389195,-0.195621165825134,0.0530368245640608
cbd,CBD distance,primary,1,poa,Postcode,3,apartment,Apartment,2,sa4,SA4,3,full,118,-0.272113228357221,-0.202316519006051,0.0697967093511703
cbd,CBD distance,primary,1,poa,Postcode,3,apartment,Apartment,2,sa4,SA4,3,full,119,-0.253915853165501,-0.124024807499532,0.129891045665969
cbd,CBD distance,primary,1,poa,Postcode,3,apartment,Apartment,2,sa4,SA4,3,full,120,-0.231040594659342,-0.0996547127992353,0.131385881860107
cbd,CBD distance,primary,1,poa,Postcode,3,apartment,Apartment,2,sa4,SA4,3,full,121,-0.246192487446093,-0.204891300765792,0.0413011866803014
cbd,CBD distance,primary,1,poa,Postcode,3,apartment,Apartment,2,sa4,SA4,3,full,122,-0.246920289657838,-0.194494465457732,0.052425824200106
cbd,CBD distance,primary,1,poa,Postcode,3,apartment,Apartment,2,sa4,SA4,3,full,123,-0.293788190997974,-0.138141848168505,0.155646342829468
cbd,CBD distance,primary,1,poa,Postcode,3,apartment,Apartment,2,sa4,SA4,3,full,124,-0.268108176303299,-0.191277975448652,0.0768302008546474
cbd,CBD distance,primary,1,poa,Postcode,3,apartment,Apartment,2,sa4,SA4,3,full,125,-0.297070883605097,-0.136839548315176,0.160231335289921
cbd,CBD distance,primary,1,poa,Postcode,3,apartment,Apartment,2,sa4,SA4,3,full,126,-0.259528834101674,-0.196983949230931,0.0625448848707434
cbd,CBD distance,primary,1,poa,Postcode,3,apartment,Apartment,2,sa4,SA4,3,full,127,-0.288975124246399,-0.13555660142334,0.153418522823059
cbd,CBD distance,primary,1,poa,Postcode,3,apartment,Apartment,2,sa4,SA4,3,full,128,-0.281459472900122,-0.117864132552196,0.163595340347927
cbd,CBD distance,primary,1,poa,Postcode,3,apartment,Apartment,2,sa4,SA4,3,full,129,-0.295654341936805,-0.132385151883859,0.163269190052947
cbd,CBD distance,primary,1,poa,Postcode,3,apartment,Apartment,2,sa4,SA4,3,full,130,-0.259100461571171,-0.178948860654503,0.0801516009166681
cbd,CBD distance,primary,1,poa,Postcode,3,apartment,Apartment,2,sa4,SA4,3,full,131,-0.266631156315141,-0.121666730848581,0.14496442546656
cbd,CBD distance,primary,1,poa,Postcode,3,apartment,Apartment,2,sa4,SA4,3,full,132,-0.272814777549158,-0.109758697306787,0.163056080242371
cbd,CBD distance,primary,1,poa,Postcode,3,apartment,Apartment,2,sa4,SA4,3,full,133,-0.250796660742497,-0.185161232966427,0.0656354277760692
cbd,CBD distance,primary,1,poa,Postcode,3,apartment,Apartment,2,sa4,SA4,3,full,134,-0.290199176661778,-0.129827672067305,0.160371504594473
cbd,CBD distance,primary,1,poa,Postcode,3,apartment,Apartment,2,sa4,SA4,3,full,135,-0.287389174694143,-0.128839017248478,0.158550157445665
cbd,CBD distance,primary,1,poa,Postcode,3,apartment,Apartment,2,sa4,SA4,3,full,136,-0.296958655514427,-0.136192285049318,0.160766370465109
cbd,CBD distance,primary,1,poa,Postcode,3,apartment,Apartment,2,sa4,SA4,3,full,137,-0.253431222127209,-0.200885918902652,0.0525453032245569
cbd,CBD distance,primary,1,poa,Postcode,3,apartment,Apartment,2,sa4,SA4,3,full,138,-0.271946620371031,-0.20226370893427,0.0696829114367615
cbd,CBD distance,primary,1,poa,Postcode,3,apartment,Apartment,2,sa4,SA4,3,full,139,-0.292863597938032,-0.135114289292229,0.157749308645803
cbd,CBD distance,primary,1,poa,Postcode,3,apartment,Apartment,2,sa4,SA4,3,full,140,-0.276775476421182,-0.208525151373118,0.068250325048064
cbd,CBD distance,primary,1,poa,Postcode,3,apartment,Apartment,2,sa4,SA4,3,full,141,-0.276350296690506,-0.131905373664589,0.144444923025918
cbd,CBD distance,primary,1,poa,Postcode,3,apartment,Apartment,2,sa4,SA4,3,full,142,-0.346930539885096,-0.161859292921368,0.185071246963728
cbd,CBD distance,primary,1,poa,Postcode,3,apartment,Apartment,2,sa4,SA4,3,full,143,-0.296244603469793,-0.211668391009981,0.084576212459812
cbd,CBD distance,primary,1,poa,Postcode,3,apartment,Apartment,2,sa4,SA4,3,full,144,-0.286436740930945,-0.142101985403345,0.144334755527599
cbd,CBD distance,primary,1,poa,Postcode,3,apartment,Apartment,2,sa4,SA4,3,full,145,-0.257665403118407,-0.127785094741516,0.129880308376891
cbd,CBD distance,primary,1,poa,Postcode,3,apartment,Apartment,2,sa4,SA4,3,full,146,-0.244182861820561,-0.111094143422566,0.133088718397996
cbd,CBD distance,primary,1,poa,Postcode,3,apartment,Apartment,2,sa4,SA4,3,full,147,-0.275685228201442,-0.21619547356667,0.0594897546347714
cbd,CBD distance,primary,1,poa,Postcode,3,apartment,Apartment,2,sa4,SA4,3,full,148,-0.249470362583163,-0.116656557592899,0.132813804990264
cbd,CBD distance,primary,1,poa,Postcode,3,apartment,Apartment,2,sa4,SA4,3,full,149,-0.262132804031993,-0.188829143891926,0.0733036601400671
cbd,CBD distance,primary,1,poa,Postcode,3,apartment,Apartment,2,sa4,SA4,3,full,150,-0.255933521620829,-0.12317692527393,0.132756596346899
cbd,CBD distance,primary,1,poa,Postcode,3,apartment,Apartment,2,sa4,SA4,3,full,151,-0.311930288114412,-0.216058352540607,0.0958719355738053
cbd,CBD distance,primary,1,poa,Postcode,3,apartment,Apartment,2,sa4,SA4,3,full,152,-0.275658624486638,-0.196583211897731,0.0790754125889077
cbd,CBD distance,primary,1,poa,Postcode,3,apartment,Apartment,2,sa4,SA4,3,full,153,-0.224679748009281,-0.189573984151414,0.0351057638578664
cbd,CBD distance,primary,1,poa,Postcode,3,apartment,Apartment,2,sa4,SA4,3,full,154,-0.308888898455691,-0.213552909437926,0.095335989017765
cbd,CBD distance,primary,1,poa,Postcode,3,apartment,Apartment,2,sa4,SA4,3,full,155,-0.24347315391824,-0.20044063777501,0.0430325161432295
cbd,CBD distance,primary,1,poa,Postcode,3,apartment,Apartment,2,sa4,SA4,3,full,156,-0.278912281211521,-0.198394058742017,0.0805182224695043
cbd,CBD distance,primary,1,poa,Postcode,3,apartment,Apartment,2,sa4,SA4,3,full,157,-0.29452526033684,-0.142544610650559,0.15198064968628
cbd,CBD distance,primary,1,poa,Postcode,3,apartment,Apartment,2,sa4,SA4,3,full,158,-0.292639247822981,-0.142544481132019,0.150094766690962
cbd,CBD distance,primary,1,poa,Postcode,3,apartment,Apartment,2,sa4,SA4,3,full,159,-0.302414558516212,-0.138758080947036,0.163656477569176
cbd,CBD distance,primary,1,poa,Postcode,3,apartment,Apartment,2,sa4,SA4,3,full,160,-0.24376111114109,-0.102270386474618,0.141490724666472
cbd,CBD distance,primary,1,poa,Postcode,3,apartment,Apartment,2,sa4,SA4,3,full,161,-0.281190343262349,-0.200323709224171,0.0808666340381773
cbd,CBD distance,primary,1,poa,Postcode,3,apartment,Apartment,2,sa4,SA4,3,full,162,-0.280155643274234,-0.195606190979158,0.0845494522950759
cbd,CBD distance,primary,1,poa,Postcode,3,apartment,Apartment,2,sa4,SA4,3,full,163,-0.249691909951248,-0.104680247544974,0.145011662406274
cbd,CBD distance,primary,1,poa,Postcode,3,apartment,Apartment,2,sa4,SA4,3,full,164,-0.26691466237048,-0.199490639292623,0.0674240230778574
cbd,CBD distance,primary,1,poa,Postcode,3,apartment,Apartment,2,sa4,SA4,3,full,165,-0.219099933802627,-0.164133717404045,0.0549662163985821
cbd,CBD distance,primary,1,poa,Postcode,3,apartment,Apartment,2,sa4,SA4,3,full,166,-0.279188622776257,-0.12128045950139,0.157908163274867
cbd,CBD distance,primary,1,poa,Postcode,3,apartment,Apartment,2,sa4,SA4,3,full,167,-0.245163330606399,-0.182693164835619,0.0624701657707798
cbd,CBD distance,primary,1,poa,Postcode,3,apartment,Apartment,2,sa4,SA4,3,full,168,-0.278347198787484,-0.130972093520723,0.147375105266762
cbd,CBD distance,primary,1,poa,Postcode,3,apartment,Apartment,2,sa4,SA4,3,full,169,-0.268850577164962,-0.190567614142116,0.0782829630228457
cbd,CBD distance,primary,1,poa,Postcode,3,apartment,Apartment,2,sa4,SA4,3,full,170,-0.285620583221765,-0.14155857406832,0.144062009153445
cbd,CBD distance,primary,1,poa,Postcode,3,apartment,Apartment,2,sa4,SA4,3,full,171,-0.268996749638422,-0.127996630161812,0.14100011947661
cbd,CBD distance,primary,1,poa,Postcode,3,apartment,Apartment,2,sa4,SA4,3,full,172,-0.306800184070352,-0.227722821782797,0.0790773622875554
cbd,CBD distance,primary,1,poa,Postcode,3,apartment,Apartment,2,sa4,SA4,3,full,173,-0.283145767146742,-0.14186985880026,0.141275908346482
cbd,CBD distance,primary,1,poa,Postcode,3,apartment,Apartment,2,sa4,SA4,3,full,174,-0.288883946759216,-0.209320831225032,0.0795631155341839
cbd,CBD distance,primary,1,poa,Postcode,3,apartment,Apartment,2,sa4,SA4,3,full,175,-0.263179348027825,-0.205088930230792,0.0580904177970329
cbd,CBD distance,primary,1,poa,Postcode,3,apartment,Apartment,2,sa4,SA4,3,full,176,-0.291188199592828,-0.215172723178882,0.0760154764139466
cbd,CBD distance,primary,1,poa,Postcode,3,apartment,Apartment,2,sa4,SA4,3,full,177,-0.284314632742259,-0.211273266510539,0.0730413662317203
cbd,CBD distance,primary,1,poa,Postcode,3,apartment,Apartment,2,sa4,SA4,3,full,178,-0.26934039676595,-0.131708407951276,0.137631988814674
cbd,CBD distance,primary,1,poa,Postcode,3,apartment,Apartment,2,sa4,SA4,3,full,179,-0.250818785956266,-0.11297602498763,0.137842760968637
cbd,CBD distance,primary,1,poa,Postcode,3,apartment,Apartment,2,sa4,SA4,3,full,180,-0.301590594122101,-0.135020108224573,0.166570485897528
cbd,CBD distance,primary,1,poa,Postcode,3,apartment,Apartment,2,sa4,SA4,3,full,181,-0.240519882802254,-0.194591501833604,0.0459283809686498
cbd,CBD distance,primary,1,poa,Postcode,3,apartment,Apartment,2,sa4,SA4,3,full,182,-0.294977767152907,-0.144428428192863,0.150549338960045
cbd,CBD distance,primary,1,poa,Postcode,3,apartment,Apartment,2,sa4,SA4,3,full,183,-0.199058074747914,-0.095639280571099,0.103418794176815
cbd,CBD distance,primary,1,poa,Postcode,3,apartment,Apartment,2,sa4,SA4,3,full,184,-0.253451513208967,-0.107066554605544,0.146384958603423
cbd,CBD distance,primary,1,poa,Postcode,3,apartment,Apartment,2,sa4,SA4,3,full,185,-0.301909099125067,-0.138929157480615,0.162979941644452
cbd,CBD distance,primary,1,poa,Postcode,3,apartment,Apartment,2,sa4,SA4,3,full,186,-0.28106215053381,-0.217666607809864,0.0633955427239463
cbd,CBD distance,primary,1,poa,Postcode,3,apartment,Apartment,2,sa4,SA4,3,full,187,-0.284198731638258,-0.20615142415006,0.0780473074881976
cbd,CBD distance,primary,1,poa,Postcode,3,apartment,Apartment,2,sa4,SA4,3,full,188,-0.238244594284728,-0.100796084974956,0.137448509309772
cbd,CBD distance,primary,1,poa,Postcode,3,apartment,Apartment,2,sa4,SA4,3,full,189,-0.278322171859466,-0.128378952512385,0.14994321934708
cbd,CBD distance,primary,1,poa,Postcode,3,apartment,Apartment,2,sa4,SA4,3,full,190,-0.236668568696599,-0.172775994524612,0.0638925741719874
cbd,CBD distance,primary,1,poa,Postcode,3,apartment,Apartment,2,sa4,SA4,3,full,191,-0.303201156201067,-0.224063137579554,0.0791380186215127
cbd,CBD distance,primary,1,poa,Postcode,3,apartment,Apartment,2,sa4,SA4,3,full,192,-0.230510084111554,-0.183575620858212,0.0469344632533421
cbd,CBD distance,primary,1,poa,Postcode,3,apartment,Apartment,2,sa4,SA4,3,full,193,-0.305964165132807,-0.222200949958054,0.0837632151747527
cbd,CBD distance,primary,1,poa,Postcode,3,apartment,Apartment,2,sa4,SA4,3,full,194,-0.305157628246858,-0.204320739039891,0.100836889206966
cbd,CBD distance,primary,1,poa,Postcode,3,apartment,Apartment,2,sa4,SA4,3,full,195,-0.284760003094898,-0.208877617330304,0.0758823857645949
cbd,CBD distance,primary,1,poa,Postcode,3,apartment,Apartment,2,sa4,SA4,3,full,196,-0.255239158177192,-0.119794880481217,0.135444277695974
cbd,CBD distance,primary,1,poa,Postcode,3,apartment,Apartment,2,sa4,SA4,3,full,197,-0.274508088759391,-0.134888799555479,0.139619289203912
cbd,CBD distance,primary,1,poa,Postcode,3,apartment,Apartment,2,sa4,SA4,3,full,198,-0.238619913006136,-0.18524155203749,0.0533783609686462
cbd,CBD distance,primary,1,poa,Postcode,3,apartment,Apartment,2,sa4,SA4,3,full,199,-0.187351727975316,-0.163683309781479,0.0236684181938366
cbd,CBD distance,primary,1,poa,Postcode,3,apartment,Apartment,2,sa4,SA4,3,full,200,-0.319444805507006,-0.157807053201784,0.161637752305222
cbd,CBD distance,primary,1,poa,Postcode,3,apartment,Apartment,2,sa4,SA4,3,full,201,-0.300257250366202,-0.143848717934955,0.156408532431247
cbd,CBD distance,primary,1,poa,Postcode,3,apartment,Apartment,2,sa4,SA4,3,full,202,-0.245575718934277,-0.116554213189337,0.12902150574494
cbd,CBD distance,primary,1,poa,Postcode,3,apartment,Apartment,2,sa4,SA4,3,full,203,-0.305974016880591,-0.143026150635639,0.162947866244952
cbd,CBD distance,primary,1,poa,Postcode,3,apartment,Apartment,2,sa4,SA4,3,full,204,-0.295958103460911,-0.220186854662012,0.0757712487988986
cbd,CBD distance,primary,1,poa,Postcode,3,apartment,Apartment,2,sa4,SA4,3,full,205,-0.291455699607508,-0.200168400081586,0.0912872995259223
cbd,CBD distance,primary,1,poa,Postcode,3,apartment,Apartment,2,sa4,SA4,3,full,206,-0.263082163784438,-0.118224000652766,0.144858163131672
cbd,CBD distance,primary,1,poa,Postcode,3,apartment,Apartment,2,sa4,SA4,3,full,207,-0.29866246408732,-0.130473385704843,0.168189078382477
cbd,CBD distance,primary,1,poa,Postcode,3,apartment,Apartment,2,sa4,SA4,3,full,208,-0.298873789205714,-0.143936502354005,0.154937286851709
cbd,CBD distance,primary,1,poa,Postcode,3,apartment,Apartment,2,sa4,SA4,3,full,209,-0.268584825757097,-0.131254667864417,0.137330157892681
cbd,CBD distance,primary,1,poa,Postcode,3,apartment,Apartment,2,sa4,SA4,3,full,210,-0.303286590963501,-0.221554198263163,0.0817323927003389
cbd,CBD distance,primary,1,poa,Postcode,3,apartment,Apartment,2,sa4,SA4,3,full,211,-0.266283875863592,-0.182346491202022,0.08393738466157
cbd,CBD distance,primary,1,poa,Postcode,3,apartment,Apartment,2,sa4,SA4,3,full,212,-0.271756911231576,-0.208701241012879,0.0630556702186967
cbd,CBD distance,primary,1,poa,Postcode,3,apartment,Apartment,2,sa4,SA4,3,full,213,-0.285039615710719,-0.221243907744463,0.0637957079662559
cbd,CBD distance,primary,1,poa,Postcode,3,apartment,Apartment,2,sa4,SA4,3,full,214,-0.286578796910668,-0.204807148977099,0.0817716479335689
cbd,CBD distance,primary,1,poa,Postcode,3,apartment,Apartment,2,sa4,SA4,3,full,215,-0.251063460211217,-0.183532974417636,0.0675304857935805
cbd,CBD distance,primary,1,poa,Postcode,3,apartment,Apartment,2,sa4,SA4,3,full,216,-0.281118345108443,-0.2038898707539,0.0772284743545422
cbd,CBD distance,primary,1,poa,Postcode,3,apartment,Apartment,2,sa4,SA4,3,full,217,-0.3205239531247,-0.152100369888982,0.168423583235719
cbd,CBD distance,primary,1,poa,Postcode,3,apartment,Apartment,2,sa4,SA4,3,full,218,-0.301118051338241,-0.218533633770613,0.0825844175676275
cbd,CBD distance,primary,1,poa,Postcode,3,apartment,Apartment,2,sa4,SA4,3,full,219,-0.324322132495725,-0.215158102846244,0.109164029649482
cbd,CBD distance,primary,1,poa,Postcode,3,apartment,Apartment,2,sa4,SA4,3,full,220,-0.291149986464908,-0.130880884080934,0.160269102383973
cbd,CBD distance,primary,1,poa,Postcode,3,apartment,Apartment,2,sa4,SA4,3,full,221,-0.275385053976566,-0.207339672544268,0.0680453814322973
cbd,CBD distance,primary,1,poa,Postcode,3,apartment,Apartment,2,sa4,SA4,3,full,222,-0.266683667198397,-0.196163280487738,0.0705203867106592
cbd,CBD distance,primary,1,poa,Postcode,3,apartment,Apartment,2,sa4,SA4,3,full,223,-0.260816607283062,-0.201071762722939,0.0597448445601224
cbd,CBD distance,primary,1,poa,Postcode,3,apartment,Apartment,2,sa4,SA4,3,full,224,-0.287179533079953,-0.128625669675324,0.158553863404629
cbd,CBD distance,primary,1,poa,Postcode,3,apartment,Apartment,2,sa4,SA4,3,full,225,-0.251007604423089,-0.104858795327079,0.14614880909601
cbd,CBD distance,primary,1,poa,Postcode,3,apartment,Apartment,2,sa4,SA4,3,full,226,-0.278682027366241,-0.207383489885668,0.0712985374805724
cbd,CBD distance,primary,1,poa,Postcode,3,apartment,Apartment,2,sa4,SA4,3,full,227,-0.293637128753466,-0.127511423201381,0.166125705552085
cbd,CBD distance,primary,1,poa,Postcode,3,apartment,Apartment,2,sa4,SA4,3,full,228,-0.277626920638613,-0.189311914466814,0.0883150061717989
cbd,CBD distance,primary,1,poa,Postcode,3,apartment,Apartment,2,sa4,SA4,3,full,229,-0.23998144500108,-0.185045177907639,0.0549362670934415
cbd,CBD distance,primary,1,poa,Postcode,3,apartment,Apartment,2,sa4,SA4,3,full,230,-0.221957524954804,-0.109023025421886,0.112934499532918
cbd,CBD distance,primary,1,poa,Postcode,3,apartment,Apartment,2,sa4,SA4,3,full,231,-0.288758689928477,-0.218966900368021,0.0697917895604559
cbd,CBD distance,primary,1,poa,Postcode,3,apartment,Apartment,2,sa4,SA4,3,full,232,-0.26475132276832,-0.204192401661629,0.0605589211066916
cbd,CBD distance,primary,1,poa,Postcode,3,apartment,Apartment,2,sa4,SA4,3,full,233,-0.318196038073779,-0.22420527886038,0.0939907592133981
cbd,CBD distance,primary,1,poa,Postcode,3,apartment,Apartment,2,sa4,SA4,3,full,234,-0.28274409559304,-0.138829988523657,0.143914107069383
cbd,CBD distance,primary,1,poa,Postcode,3,apartment,Apartment,2,sa4,SA4,3,full,235,-0.302442253216443,-0.229086593196963,0.0733556600194807
cbd,CBD distance,primary,1,poa,Postcode,3,apartment,Apartment,2,sa4,SA4,3,full,236,-0.233942911859734,-0.167727288729558,0.0662156231301765
cbd,CBD distance,primary,1,poa,Postcode,3,apartment,Apartment,2,sa4,SA4,3,full,237,-0.283684231889791,-0.198883085245479,0.0848011466443116
cbd,CBD distance,primary,1,poa,Postcode,3,apartment,Apartment,2,sa4,SA4,3,full,238,-0.263399624374449,-0.19711019686296,0.0662894275114895
cbd,CBD distance,primary,1,poa,Postcode,3,apartment,Apartment,2,sa4,SA4,3,full,239,-0.288281669407576,-0.122634207503757,0.165647461903819
cbd,CBD distance,primary,1,poa,Postcode,3,apartment,Apartment,2,sa4,SA4,3,full,240,-0.250030653054571,-0.111201828656548,0.138828824398023
cbd,CBD distance,primary,1,poa,Postcode,3,apartment,Apartment,2,sa4,SA4,3,full,241,-0.286301463162552,-0.206988600255232,0.0793128629073197
cbd,CBD distance,primary,1,poa,Postcode,3,apartment,Apartment,2,sa4,SA4,3,full,242,-0.261538094675212,-0.188488630066329,0.0730494646088836
cbd,CBD distance,primary,1,poa,Postcode,3,apartment,Apartment,2,sa4,SA4,3,full,243,-0.294605116800312,-0.216086767574989,0.0785183492253225
cbd,CBD distance,primary,1,poa,Postcode,3,apartment,Apartment,2,sa4,SA4,3,full,244,-0.271631706452671,-0.117332714343838,0.154298992108832
cbd,CBD distance,primary,1,poa,Postcode,3,apartment,Apartment,2,sa4,SA4,3,full,245,-0.242642324538323,-0.189532874751285,0.0531094497870383
cbd,CBD distance,primary,1,poa,Postcode,3,apartment,Apartment,2,sa4,SA4,3,full,246,-0.300016360571357,-0.134757940003114,0.165258420568242
cbd,CBD distance,primary,1,poa,Postcode,3,apartment,Apartment,2,sa4,SA4,3,full,247,-0.283179974866306,-0.133248157631914,0.149931817234392
cbd,CBD distance,primary,1,poa,Postcode,3,apartment,Apartment,2,sa4,SA4,3,full,248,-0.238606342827599,-0.186706078256112,0.051900264571487
cbd,CBD distance,primary,1,poa,Postcode,3,apartment,Apartment,2,sa4,SA4,3,full,249,-0.339392879401562,-0.147231762646408,0.192161116755154
cbd,CBD distance,primary,1,poa,Postcode,3,apartment,Apartment,2,sa4,SA4,3,full,250,-0.232749530867415,-0.105028704157525,0.12772082670989
cbd,CBD distance,primary,1,poa,Postcode,3,apartment,Apartment,2,sa4,SA4,3,full,251,-0.293617062331221,-0.217024110617028,0.0765929517141931
cbd,CBD distance,primary,1,poa,Postcode,3,apartment,Apartment,2,sa4,SA4,3,full,252,-0.278178386120084,-0.209962205247184,0.0682161808729005
cbd,CBD distance,primary,1,poa,Postcode,3,apartment,Apartment,2,sa4,SA4,3,full,253,-0.285363842092976,-0.216168051769481,0.0691957903234943
cbd,CBD distance,primary,1,poa,Postcode,3,apartment,Apartment,2,sa4,SA4,3,full,254,-0.289172220910464,-0.141176776243839,0.147995444666625
cbd,CBD distance,primary,1,poa,Postcode,3,apartment,Apartment,2,sa4,SA4,3,full,255,-0.282064640740967,-0.127823705913368,0.154240934827599
cbd,CBD distance,primary,1,poa,Postcode,3,apartment,Apartment,2,sa4,SA4,3,full,256,-0.281345423234423,-0.206243989498869,0.0751014337355543
cbd,CBD distance,primary,1,poa,Postcode,3,apartment,Apartment,2,sa4,SA4,3,full,257,-0.280795856069504,-0.191117210225551,0.0896786458439523
cbd,CBD distance,primary,1,poa,Postcode,3,apartment,Apartment,2,sa4,SA4,3,full,258,-0.31408497157464,-0.221683910802133,0.0924010607725076
cbd,CBD distance,primary,1,poa,Postcode,3,apartment,Apartment,2,sa4,SA4,3,full,259,-0.278119034598644,-0.201727837946638,0.0763911966520056
cbd,CBD distance,primary,1,poa,Postcode,3,apartment,Apartment,2,sa4,SA4,3,full,260,-0.240178628987596,-0.195084475768746,0.0450941532188497
cbd,CBD distance,primary,1,poa,Postcode,3,apartment,Apartment,2,sa4,SA4,3,full,261,-0.252729427899934,-0.118691100548413,0.134038327351521
cbd,CBD distance,primary,1,poa,Postcode,3,apartment,Apartment,2,sa4,SA4,3,full,262,-0.262285526694946,-0.195544972122133,0.0667405545728127
cbd,CBD distance,primary,1,poa,Postcode,3,apartment,Apartment,2,sa4,SA4,3,full,263,-0.297650189532448,-0.139954471061566,0.157695718470882
cbd,CBD distance,primary,1,poa,Postcode,3,apartment,Apartment,2,sa4,SA4,3,full,264,-0.261333812486499,-0.202809706194596,0.0585241062919031
cbd,CBD distance,primary,1,poa,Postcode,3,apartment,Apartment,2,sa4,SA4,3,full,265,-0.317763656466347,-0.142667900523698,0.175095755942649
cbd,CBD distance,primary,1,poa,Postcode,3,apartment,Apartment,2,sa4,SA4,3,full,266,-0.246811764607009,-0.200139948934244,0.0466718156727643
cbd,CBD distance,primary,1,poa,Postcode,3,apartment,Apartment,2,sa4,SA4,3,full,267,-0.295083556686234,-0.228161052977574,0.0669225037086603
cbd,CBD distance,primary,1,poa,Postcode,3,apartment,Apartment,2,sa4,SA4,3,full,268,-0.24654278482525,-0.195569979856901,0.0509728049683487
cbd,CBD distance,primary,1,poa,Postcode,3,apartment,Apartment,2,sa4,SA4,3,full,269,-0.285496164967004,-0.127393152304311,0.158103012662693
cbd,CBD distance,primary,1,poa,Postcode,3,apartment,Apartment,2,sa4,SA4,3,full,270,-0.282623883448221,-0.126113812175458,0.156510071272763
cbd,CBD distance,primary,1,poa,Postcode,3,apartment,Apartment,2,sa4,SA4,3,full,271,-0.311897565431129,-0.150438396184649,0.161459169246481
cbd,CBD distance,primary,1,poa,Postcode,3,apartment,Apartment,2,sa4,SA4,3,full,272,-0.302316738768648,-0.151470328325269,0.15084641044338
cbd,CBD distance,primary,1,poa,Postcode,3,apartment,Apartment,2,sa4,SA4,3,full,273,-0.269658491419745,-0.198259345576083,0.071399145843662
cbd,CBD distance,primary,1,poa,Postcode,3,apartment,Apartment,2,sa4,SA4,3,full,274,-0.26712445639222,-0.205993568702074,0.0611308876901458
cbd,CBD distance,primary,1,poa,Postcode,3,apartment,Apartment,2,sa4,SA4,3,full,275,-0.238616040736171,-0.18225646271383,0.0563595780223405
cbd,CBD distance,primary,1,poa,Postcode,3,apartment,Apartment,2,sa4,SA4,3,full,276,-0.290037761783279,-0.203936750908592,0.086101010874687
cbd,CBD distance,primary,1,poa,Postcode,3,apartment,Apartment,2,sa4,SA4,3,full,277,-0.234132537958367,-0.0998572116629999,0.134275326295367
cbd,CBD distance,primary,1,poa,Postcode,3,apartment,Apartment,2,sa4,SA4,3,full,278,-0.264274058882267,-0.208719030840708,0.0555550280415584
cbd,CBD distance,primary,1,poa,Postcode,3,apartment,Apartment,2,sa4,SA4,3,full,279,-0.340046087045313,-0.163578567712327,0.176467519332986
cbd,CBD distance,primary,1,poa,Postcode,3,apartment,Apartment,2,sa4,SA4,3,full,280,-0.305033712736868,-0.220891326289441,0.0841423864474267
cbd,CBD distance,primary,1,poa,Postcode,3,apartment,Apartment,2,sa4,SA4,3,full,281,-0.241248100073981,-0.186413553501352,0.0548345465726282
cbd,CBD distance,primary,1,poa,Postcode,3,apartment,Apartment,2,sa4,SA4,3,full,282,-0.322392869628979,-0.137080862391051,0.185312007237929
cbd,CBD distance,primary,1,poa,Postcode,3,apartment,Apartment,2,sa4,SA4,3,full,283,-0.275607394138929,-0.206047238704326,0.069560155434603
cbd,CBD distance,primary,1,poa,Postcode,3,apartment,Apartment,2,sa4,SA4,3,full,284,-0.298351003472457,-0.141955170967236,0.156395832505221
cbd,CBD distance,primary,1,poa,Postcode,3,apartment,Apartment,2,sa4,SA4,3,full,285,-0.301377632039001,-0.138150067321152,0.163227564717849
cbd,CBD distance,primary,1,poa,Postcode,3,apartment,Apartment,2,sa4,SA4,3,full,286,-0.303032111304659,-0.217942883232927,0.0850892280717321
cbd,CBD distance,primary,1,poa,Postcode,3,apartment,Apartment,2,sa4,SA4,3,full,287,-0.268681578489592,-0.19041956500541,0.0782620134841819
cbd,CBD distance,primary,1,poa,Postcode,3,apartment,Apartment,2,sa4,SA4,3,full,288,-0.259091149574355,-0.197942206841267,0.0611489427330883
cbd,CBD distance,primary,1,poa,Postcode,3,apartment,Apartment,2,sa4,SA4,3,full,289,-0.302070223136663,-0.211671555773118,0.0903986673635451
cbd,CBD distance,primary,1,poa,Postcode,3,apartment,Apartment,2,sa4,SA4,3,full,290,-0.244814142201465,-0.120652117019311,0.124162025182154
cbd,CBD distance,primary,1,poa,Postcode,3,apartment,Apartment,2,sa4,SA4,3,full,291,-0.275653198379329,-0.119711987061639,0.15594121131769
cbd,CBD distance,primary,1,poa,Postcode,3,apartment,Apartment,2,sa4,SA4,3,full,292,-0.214388931431056,-0.0949537598569905,0.119435171574065
cbd,CBD distance,primary,1,poa,Postcode,3,apartment,Apartment,2,sa4,SA4,3,full,293,-0.228334680997323,-0.188915634587345,0.0394190464099779
cbd,CBD distance,primary,1,poa,Postcode,3,apartment,Apartment,2,sa4,SA4,3,full,294,-0.270362274433562,-0.123618239754631,0.146744034678931
cbd,CBD distance,primary,1,poa,Postcode,3,apartment,Apartment,2,sa4,SA4,3,full,295,-0.314073277067215,-0.220019266597477,0.0940540104697383
cbd,CBD distance,primary,1,poa,Postcode,3,apartment,Apartment,2,sa4,SA4,3,full,296,-0.250906604177792,-0.183494978851456,0.0674116253263363
cbd,CBD distance,primary,1,poa,Postcode,3,apartment,Apartment,2,sa4,SA4,3,full,297,-0.194694227463278,-0.155772305561979,0.0389219219012995
cbd,CBD distance,primary,1,poa,Postcode,3,apartment,Apartment,2,sa4,SA4,3,full,298,-0.240754748655985,-0.186837167520795,0.0539175811351905
cbd,CBD distance,primary,1,poa,Postcode,3,apartment,Apartment,2,sa4,SA4,3,full,299,-0.207672317289156,-0.105688830303201,0.101983486985955
cbd,CBD distance,primary,1,poa,Postcode,3,apartment,Apartment,2,sa4,SA4,3,full,300,-0.31012042669424,-0.223052824955937,0.0870676017383022
cbd,CBD distance,primary,1,poa,Postcode,3,apartment,Apartment,2,sa4,SA4,3,full,301,-0.30310560600335,-0.219682896243651,0.083422709759699
cbd,CBD distance,primary,1,poa,Postcode,3,apartment,Apartment,2,sa4,SA4,3,full,302,-0.280414322276904,-0.207614607770797,0.072799714506107
cbd,CBD distance,primary,1,poa,Postcode,3,apartment,Apartment,2,sa4,SA4,3,full,303,-0.289344102455225,-0.1327675965647,0.156576505890525
cbd,CBD distance,primary,1,poa,Postcode,3,apartment,Apartment,2,sa4,SA4,3,full,304,-0.279173548655503,-0.188729687479226,0.0904438611762775
cbd,CBD distance,primary,1,poa,Postcode,3,apartment,Apartment,2,sa4,SA4,3,full,305,-0.248088240334333,-0.122234647942007,0.125853592392326
cbd,CBD distance,primary,1,poa,Postcode,3,apartment,Apartment,2,sa4,SA4,3,full,306,-0.230880981925511,-0.104360963954076,0.126520017971435
cbd,CBD distance,primary,1,poa,Postcode,3,apartment,Apartment,2,sa4,SA4,3,full,307,-0.277813096604615,-0.128680793213407,0.149132303391208
cbd,CBD distance,primary,1,poa,Postcode,3,apartment,Apartment,2,sa4,SA4,3,full,308,-0.255175262423448,-0.112626755242691,0.142548507180757
cbd,CBD distance,primary,1,poa,Postcode,3,apartment,Apartment,2,sa4,SA4,3,full,309,-0.220182498461047,-0.17363871686886,0.0465437815921862
cbd,CBD distance,primary,1,poa,Postcode,3,apartment,Apartment,2,sa4,SA4,3,full,310,-0.26531696036601,-0.118312999033412,0.147003961332598
cbd,CBD distance,primary,1,poa,Postcode,3,apartment,Apartment,2,sa4,SA4,3,full,311,-0.249793535408192,-0.116069828584656,0.133723706823536
cbd,CBD distance,primary,1,poa,Postcode,3,apartment,Apartment,2,sa4,SA4,3,full,312,-0.265404648272325,-0.124395190227657,0.141009458044668
cbd,CBD distance,primary,1,poa,Postcode,3,apartment,Apartment,2,sa4,SA4,3,full,313,-0.269779410411124,-0.113727336133356,0.156052074277768
cbd,CBD distance,primary,1,poa,Postcode,3,apartment,Apartment,2,sa4,SA4,3,full,314,-0.254386292676425,-0.120224511858855,0.13416178081757
cbd,CBD distance,primary,1,poa,Postcode,3,apartment,Apartment,2,sa4,SA4,3,full,315,-0.23397017549163,-0.0989327892721783,0.135037386219452
cbd,CBD distance,primary,1,poa,Postcode,3,apartment,Apartment,2,sa4,SA4,3,full,316,-0.257117728339613,-0.1879957506394,0.0691219777002129
cbd,CBD distance,primary,1,poa,Postcode,3,apartment,Apartment,2,sa4,SA4,3,full,317,-0.215955936076276,-0.184742771843615,0.0312131642326605
cbd,CBD distance,primary,1,poa,Postcode,3,apartment,Apartment,2,sa4,SA4,3,full,318,-0.240747821058265,-0.0984513561194065,0.142296464938859
cbd,CBD distance,primary,1,poa,Postcode,3,apartment,Apartment,2,sa4,SA4,3,full,319,-0.225566516540095,-0.101668930101124,0.123897586438971
cbd,CBD distance,primary,1,poa,Postcode,3,apartment,Apartment,2,sa4,SA4,3,full,320,-0.285760589509329,-0.122621445205061,0.163139144304268
cbd,CBD distance,primary,1,poa,Postcode,3,apartment,Apartment,2,sa4,SA4,3,full,321,-0.248888835638404,-0.101355962118709,0.147532873519695
cbd,CBD distance,primary,1,poa,Postcode,3,apartment,Apartment,2,sa4,SA4,3,full,322,-0.325185008603849,-0.218004567502587,0.107180441101263
cbd,CBD distance,primary,1,poa,Postcode,3,apartment,Apartment,2,sa4,SA4,3,full,323,-0.252440842501287,-0.124205279857199,0.128235562644087
cbd,CBD distance,primary,1,poa,Postcode,3,apartment,Apartment,2,sa4,SA4,3,full,324,-0.265089535120878,-0.18457064040486,0.0805188947160181
cbd,CBD distance,primary,1,poa,Postcode,3,apartment,Apartment,2,sa4,SA4,3,full,325,-0.249380585676917,-0.120059668175896,0.129320917501021
cbd,CBD distance,primary,1,poa,Postcode,3,apartment,Apartment,2,sa4,SA4,3,full,326,-0.274278330871533,-0.119214085532372,0.155064245339161
cbd,CBD distance,primary,1,poa,Postcode,3,apartment,Apartment,2,sa4,SA4,3,full,327,-0.22537972790167,-0.181057869654728,0.0443218582469417
cbd,CBD distance,primary,1,poa,Postcode,3,apartment,Apartment,2,sa4,SA4,3,full,328,-0.314781662178423,-0.211703160002544,0.103078502175879
cbd,CBD distance,primary,1,poa,Postcode,3,apartment,Apartment,2,sa4,SA4,3,full,329,-0.256597942879833,-0.191625903508437,0.0649720393713961
cbd,CBD distance,primary,1,poa,Postcode,3,apartment,Apartment,2,sa4,SA4,3,full,330,-0.277179140810468,-0.116535950861324,0.160643189949144
cbd,CBD distance,primary,1,poa,Postcode,3,apartment,Apartment,2,sa4,SA4,3,full,331,-0.287893333724125,-0.135297856301434,0.152595477422691
cbd,CBD distance,primary,1,poa,Postcode,3,apartment,Apartment,2,sa4,SA4,3,full,332,-0.241020447958747,-0.111188927650617,0.129831520308131
cbd,CBD distance,primary,1,poa,Postcode,3,apartment,Apartment,2,sa4,SA4,3,full,333,-0.300269938122014,-0.213458009283771,0.0868119288382431
cbd,CBD distance,primary,1,poa,Postcode,3,apartment,Apartment,2,sa4,SA4,3,full,334,-0.290610791778796,-0.11869103679705,0.171919754981746
cbd,CBD distance,primary,1,poa,Postcode,3,apartment,Apartment,2,sa4,SA4,3,full,335,-0.316305588782582,-0.227908804495409,0.0883967842871733
cbd,CBD distance,primary,1,poa,Postcode,3,apartment,Apartment,2,sa4,SA4,3,full,336,-0.273709880291823,-0.113802073769587,0.159907806522236
cbd,CBD distance,primary,1,poa,Postcode,3,apartment,Apartment,2,sa4,SA4,3,full,337,-0.28131769960753,-0.128082336645997,0.153235362961533
cbd,CBD distance,primary,1,poa,Postcode,3,apartment,Apartment,2,sa4,SA4,3,full,338,-0.244912545256751,-0.18781215355395,0.0571003917028013
cbd,CBD distance,primary,1,poa,Postcode,3,apartment,Apartment,2,sa4,SA4,3,full,339,-0.221530301737014,-0.166011921319454,0.0555183804175603
cbd,CBD distance,primary,1,poa,Postcode,3,apartment,Apartment,2,sa4,SA4,3,full,340,-0.264907749062258,-0.207532572505097,0.0573751765571608
cbd,CBD distance,primary,1,poa,Postcode,3,apartment,Apartment,2,sa4,SA4,3,full,341,-0.235497857331986,-0.17778856059518,0.0577092967368061
cbd,CBD distance,primary,1,poa,Postcode,3,apartment,Apartment,2,sa4,SA4,3,full,342,-0.324060080470132,-0.159895881536365,0.164164198933766
cbd,CBD distance,primary,1,poa,Postcode,3,apartment,Apartment,2,sa4,SA4,3,full,343,-0.245598544932206,-0.183570534756256,0.0620280101759503
cbd,CBD distance,primary,1,poa,Postcode,3,apartment,Apartment,2,sa4,SA4,3,full,344,-0.227025238495856,-0.180144933608926,0.0468803048869306
cbd,CBD distance,primary,1,poa,Postcode,3,apartment,Apartment,2,sa4,SA4,3,full,345,-0.28995808668734,-0.212196625494109,0.0777614611932311
cbd,CBD distance,primary,1,poa,Postcode,3,apartment,Apartment,2,sa4,SA4,3,full,346,-0.268050519851922,-0.187559065530872,0.0804914543210504
cbd,CBD distance,primary,1,poa,Postcode,3,apartment,Apartment,2,sa4,SA4,3,full,347,-0.246267269561352,-0.190972199946773,0.0552950696145787
cbd,CBD distance,primary,1,poa,Postcode,3,apartment,Apartment,2,sa4,SA4,3,full,348,-0.282068997113207,-0.220269024215733,0.0617999728974737
cbd,CBD distance,primary,1,poa,Postcode,3,apartment,Apartment,2,sa4,SA4,3,full,349,-0.252507474241469,-0.175775209894644,0.0767322643468256
cbd,CBD distance,primary,1,poa,Postcode,3,apartment,Apartment,2,sa4,SA4,3,full,350,-0.252548502949082,-0.118163893593363,0.134384609355719
cbd,CBD distance,primary,1,poa,Postcode,3,apartment,Apartment,2,sa4,SA4,3,full,351,-0.22550946532844,-0.100937871283856,0.124571594044584
cbd,CBD distance,primary,1,poa,Postcode,3,apartment,Apartment,2,sa4,SA4,3,full,352,-0.248872829105913,-0.187426273431905,0.061446555674008
cbd,CBD distance,primary,1,poa,Postcode,3,apartment,Apartment,2,sa4,SA4,3,full,353,-0.247602060055761,-0.186562417163631,0.0610396428921299
cbd,CBD distance,primary,1,poa,Postcode,3,apartment,Apartment,2,sa4,SA4,3,full,354,-0.245641950935001,-0.113898513952959,0.131743436982042
cbd,CBD distance,primary,1,poa,Postcode,3,apartment,Apartment,2,sa4,SA4,3,full,355,-0.273175833141781,-0.130354252003072,0.142821581138709
cbd,CBD distance,primary,1,poa,Postcode,3,apartment,Apartment,2,sa4,SA4,3,full,356,-0.34561645339804,-0.243002981428724,0.102613471969315
cbd,CBD distance,primary,1,poa,Postcode,3,apartment,Apartment,2,sa4,SA4,3,full,357,-0.251846882427773,-0.115636583958065,0.136210298469708
cbd,CBD distance,primary,1,poa,Postcode,3,apartment,Apartment,2,sa4,SA4,3,full,358,-0.218302481275007,-0.102319326272702,0.115983155002305
cbd,CBD distance,primary,1,poa,Postcode,3,apartment,Apartment,2,sa4,SA4,3,full,359,-0.301823090873517,-0.127382848932358,0.174440241941159
cbd,CBD distance,primary,1,poa,Postcode,3,apartment,Apartment,2,sa4,SA4,3,full,360,-0.247280847919163,-0.110034928625324,0.137245919293839
cbd,CBD distance,primary,1,poa,Postcode,3,apartment,Apartment,2,sa4,SA4,3,full,361,-0.267219267071857,-0.194278927822815,0.0729403392490426
cbd,CBD distance,primary,1,poa,Postcode,3,apartment,Apartment,2,sa4,SA4,3,full,362,-0.248195463281055,-0.122267085184684,0.125928378096371
cbd,CBD distance,primary,1,poa,Postcode,3,apartment,Apartment,2,sa4,SA4,3,full,363,-0.272108361364626,-0.210344521669495,0.0617638396951309
cbd,CBD distance,primary,1,poa,Postcode,3,apartment,Apartment,2,sa4,SA4,3,full,364,-0.267186015888042,-0.19995744161522,0.0672285742728218
cbd,CBD distance,primary,1,poa,Postcode,3,apartment,Apartment,2,sa4,SA4,3,full,365,-0.256627146783766,-0.113125829536846,0.14350131724692
cbd,CBD distance,primary,1,poa,Postcode,3,apartment,Apartment,2,sa4,SA4,3,full,366,-0.273604411817673,-0.125381260909763,0.14822315090791
cbd,CBD distance,primary,1,poa,Postcode,3,apartment,Apartment,2,sa4,SA4,3,full,367,-0.310461468891087,-0.146667325431963,0.163794143459125
cbd,CBD distance,primary,1,poa,Postcode,3,apartment,Apartment,2,sa4,SA4,3,full,368,-0.222244323102494,-0.182719150210053,0.039525172892441
cbd,CBD distance,primary,1,poa,Postcode,3,apartment,Apartment,2,sa4,SA4,3,full,369,-0.26730366072714,-0.20678284846149,0.06052081226565
cbd,CBD distance,primary,1,poa,Postcode,3,apartment,Apartment,2,sa4,SA4,3,full,370,-0.319863007276527,-0.150046629874721,0.169816377401807
cbd,CBD distance,primary,1,poa,Postcode,3,apartment,Apartment,2,sa4,SA4,3,full,371,-0.264553242460036,-0.114108239402566,0.15044500305747
cbd,CBD distance,primary,1,poa,Postcode,3,apartment,Apartment,2,sa4,SA4,3,full,372,-0.266336214344846,-0.200203857110053,0.0661323572347926
cbd,CBD distance,primary,1,poa,Postcode,3,apartment,Apartment,2,sa4,SA4,3,full,373,-0.327663273061573,-0.160959198797437,0.166704074264136
cbd,CBD distance,primary,1,poa,Postcode,3,apartment,Apartment,2,sa4,SA4,3,full,374,-0.23499654531114,-0.185729367983779,0.0492671773273608
cbd,CBD distance,primary,1,poa,Postcode,3,apartment,Apartment,2,sa4,SA4,3,full,375,-0.276162088420767,-0.118603293972982,0.157558794447785
cbd,CBD distance,primary,1,poa,Postcode,3,apartment,Apartment,2,sa4,SA4,3,full,376,-0.307615591410081,-0.222363057557069,0.0852525338530119
cbd,CBD distance,primary,1,poa,Postcode,3,apartment,Apartment,2,sa4,SA4,3,full,377,-0.216545881604511,-0.179349641706699,0.0371962398978125
cbd,CBD distance,primary,1,poa,Postcode,3,apartment,Apartment,2,sa4,SA4,3,full,378,-0.288576589194254,-0.127648812812752,0.160927776381502
cbd,CBD distance,primary,1,poa,Postcode,3,apartment,Apartment,2,sa4,SA4,3,full,379,-0.280376139426885,-0.213961614497652,0.0664145249292332
cbd,CBD distance,primary,1,poa,Postcode,3,apartment,Apartment,2,sa4,SA4,3,full,380,-0.305933337059436,-0.148550602116171,0.157382734943265
cbd,CBD distance,primary,1,poa,Postcode,3,apartment,Apartment,2,sa4,SA4,3,full,381,-0.27706222961317,-0.206343697725487,0.0707185318876826
cbd,CBD distance,primary,1,poa,Postcode,3,apartment,Apartment,2,sa4,SA4,3,full,382,-0.312832237835833,-0.132694262406482,0.180137975429351
cbd,CBD distance,primary,1,poa,Postcode,3,apartment,Apartment,2,sa4,SA4,3,full,383,-0.221538014613217,-0.105882986451298,0.115655028161919
cbd,CBD distance,primary,1,poa,Postcode,3,apartment,Apartment,2,sa4,SA4,3,full,384,-0.297019745669358,-0.223982473248395,0.0730372724209623
cbd,CBD distance,primary,1,poa,Postcode,3,apartment,Apartment,2,sa4,SA4,3,full,385,-0.269468233263863,-0.202287838858384,0.0671803944054784
cbd,CBD distance,primary,1,poa,Postcode,3,apartment,Apartment,2,sa4,SA4,3,full,386,-0.314495352418951,-0.147426579720558,0.167068772698393
cbd,CBD distance,primary,1,poa,Postcode,3,apartment,Apartment,2,sa4,SA4,3,full,387,-0.243759588433698,-0.207188378862208,0.0365712095714892
cbd,CBD distance,primary,1,poa,Postcode,3,apartment,Apartment,2,sa4,SA4,3,full,388,-0.251098953127011,-0.122135017148428,0.128963935978583
cbd,CBD distance,primary,1,poa,Postcode,3,apartment,Apartment,2,sa4,SA4,3,full,389,-0.315950748703611,-0.149786544714967,0.166164203988644
cbd,CBD distance,primary,1,poa,Postcode,3,apartment,Apartment,2,sa4,SA4,3,full,390,-0.290489290567351,-0.133217679200914,0.157271611366437
cbd,CBD distance,primary,1,poa,Postcode,3,apartment,Apartment,2,sa4,SA4,3,full,391,-0.271050437272034,-0.202778119786095,0.0682723174859389
cbd,CBD distance,primary,1,poa,Postcode,3,apartment,Apartment,2,sa4,SA4,3,full,392,-0.277313238955662,-0.127605050184546,0.149708188771117
cbd,CBD distance,primary,1,poa,Postcode,3,apartment,Apartment,2,sa4,SA4,3,full,393,-0.308137773404304,-0.131149649023784,0.17698812438052
cbd,CBD distance,primary,1,poa,Postcode,3,apartment,Apartment,2,sa4,SA4,3,full,394,-0.248222372422094,-0.123910939720311,0.124311432701784
cbd,CBD distance,primary,1,poa,Postcode,3,apartment,Apartment,2,sa4,SA4,3,full,395,-0.301037773681391,-0.211800987485466,0.0892367861959247
cbd,CBD distance,primary,1,poa,Postcode,3,apartment,Apartment,2,sa4,SA4,3,full,396,-0.336837046353367,-0.158848856618657,0.17798818973471
cbd,CBD distance,primary,1,poa,Postcode,3,apartment,Apartment,2,sa4,SA4,3,full,397,-0.270827249284622,-0.116287232003692,0.15454001728093
cbd,CBD distance,primary,1,poa,Postcode,3,apartment,Apartment,2,sa4,SA4,3,full,398,-0.258971634583338,-0.203543991206335,0.0554276433770033
cbd,CBD distance,primary,1,poa,Postcode,3,apartment,Apartment,2,sa4,SA4,3,full,399,-0.326684219897308,-0.14776000714274,0.178924212754568
cbd,CBD distance,primary,1,poa,Postcode,3,apartment,Apartment,2,sa4,SA4,3,full,400,-0.254816342820981,-0.185169763500063,0.0696465793209179
cbd,CBD distance,primary,1,poa,Postcode,3,apartment,Apartment,2,sa4,SA4,3,full,401,-0.253393520534377,-0.131219747701312,0.122173772833065
cbd,CBD distance,primary,1,poa,Postcode,3,apartment,Apartment,2,sa4,SA4,3,full,402,-0.323824373400408,-0.15023481104819,0.173589562352218
cbd,CBD distance,primary,1,poa,Postcode,3,apartment,Apartment,2,sa4,SA4,3,full,403,-0.256664042740223,-0.186257183885333,0.0704068588548903
cbd,CBD distance,primary,1,poa,Postcode,3,apartment,Apartment,2,sa4,SA4,3,full,404,-0.241735392699096,-0.175646895961861,0.0660884967372344
cbd,CBD distance,primary,1,poa,Postcode,3,apartment,Apartment,2,sa4,SA4,3,full,405,-0.250381872621549,-0.189618964358901,0.0607629082626472
cbd,CBD distance,primary,1,poa,Postcode,3,apartment,Apartment,2,sa4,SA4,3,full,406,-0.262429293624016,-0.198274817569149,0.0641544760548672
cbd,CBD distance,primary,1,poa,Postcode,3,apartment,Apartment,2,sa4,SA4,3,full,407,-0.340427657148704,-0.16108993903004,0.179337718118664
cbd,CBD distance,primary,1,poa,Postcode,3,apartment,Apartment,2,sa4,SA4,3,full,408,-0.333653163852434,-0.231483679941119,0.102169483911314
cbd,CBD distance,primary,1,poa,Postcode,3,apartment,Apartment,2,sa4,SA4,3,full,409,-0.293064237471492,-0.20930566193676,0.0837585755347315
cbd,CBD distance,primary,1,poa,Postcode,3,apartment,Apartment,2,sa4,SA4,3,full,410,-0.274953495334549,-0.197864989576349,0.0770885057581996
cbd,CBD distance,primary,1,poa,Postcode,3,apartment,Apartment,2,sa4,SA4,3,full,411,-0.261250140804594,-0.206544080878078,0.0547060599265168
cbd,CBD distance,primary,1,poa,Postcode,3,apartment,Apartment,2,sa4,SA4,3,full,412,-0.230225552319201,-0.188324353239194,0.0419011990800069
cbd,CBD distance,primary,1,poa,Postcode,3,apartment,Apartment,2,sa4,SA4,3,full,413,-0.310141836885579,-0.220622266216317,0.089519570669262
cbd,CBD distance,primary,1,poa,Postcode,3,apartment,Apartment,2,sa4,SA4,3,full,414,-0.291660623162949,-0.224079250162787,0.0675813730001622
cbd,CBD distance,primary,1,poa,Postcode,3,apartment,Apartment,2,sa4,SA4,3,full,415,-0.229766789439396,-0.113233728925764,0.116533060513632
cbd,CBD distance,primary,1,poa,Postcode,3,apartment,Apartment,2,sa4,SA4,3,full,416,-0.284141310806059,-0.131677766356322,0.152463544449737
cbd,CBD distance,primary,1,poa,Postcode,3,apartment,Apartment,2,sa4,SA4,3,full,417,-0.245388605679761,-0.192156267046987,0.0532323386327739
cbd,CBD distance,primary,1,poa,Postcode,3,apartment,Apartment,2,sa4,SA4,3,full,418,-0.254862118437027,-0.104480969111283,0.150381149325744
cbd,CBD distance,primary,1,poa,Postcode,3,apartment,Apartment,2,sa4,SA4,3,full,419,-0.264678237148517,-0.211740748932177,0.0529374882163399
cbd,CBD distance,primary,1,poa,Postcode,3,apartment,Apartment,2,sa4,SA4,3,full,420,-0.305596452588922,-0.216380694863372,0.0892157577255496
cbd,CBD distance,primary,1,poa,Postcode,3,apartment,Apartment,2,sa4,SA4,3,full,421,-0.321649132241789,-0.222465490781675,0.0991836414601134
cbd,CBD distance,primary,1,poa,Postcode,3,apartment,Apartment,2,sa4,SA4,3,full,422,-0.285841305299745,-0.129869492938684,0.15597181236106
cbd,CBD distance,primary,1,poa,Postcode,3,apartment,Apartment,2,sa4,SA4,3,full,423,-0.240540863350636,-0.186508488437655,0.0540323749129812
cbd,CBD distance,primary,1,poa,Postcode,3,apartment,Apartment,2,sa4,SA4,3,full,424,-0.279573201906173,-0.121802346964641,0.157770854941532
cbd,CBD distance,primary,1,poa,Postcode,3,apartment,Apartment,2,sa4,SA4,3,full,425,-0.246946866958485,-0.103224165744854,0.143722701213631
cbd,CBD distance,primary,1,poa,Postcode,3,apartment,Apartment,2,sa4,SA4,3,full,426,-0.302452242791573,-0.151280729748145,0.151171513043428
cbd,CBD distance,primary,1,poa,Postcode,3,apartment,Apartment,2,sa4,SA4,3,full,427,-0.251548966775129,-0.184731775580067,0.0668171911950624
cbd,CBD distance,primary,1,poa,Postcode,3,apartment,Apartment,2,sa4,SA4,3,full,428,-0.27906809096705,-0.145726800252353,0.133341290714697
cbd,CBD distance,primary,1,poa,Postcode,3,apartment,Apartment,2,sa4,SA4,3,full,429,-0.249097964210744,-0.177973846799795,0.0711241174109494
cbd,CBD distance,primary,1,poa,Postcode,3,apartment,Apartment,2,sa4,SA4,3,full,430,-0.324929150713163,-0.160597432169362,0.164331718543801
cbd,CBD distance,primary,1,poa,Postcode,3,apartment,Apartment,2,sa4,SA4,3,full,431,-0.249092160472439,-0.169921496961397,0.0791706635110422
cbd,CBD distance,primary,1,poa,Postcode,3,apartment,Apartment,2,sa4,SA4,3,full,432,-0.262420376225767,-0.191739687089397,0.0706806891363694
cbd,CBD distance,primary,1,poa,Postcode,3,apartment,Apartment,2,sa4,SA4,3,full,433,-0.279893797225219,-0.189947406151563,0.0899463910736563
cbd,CBD distance,primary,1,poa,Postcode,3,apartment,Apartment,2,sa4,SA4,3,full,434,-0.252389375538527,-0.11903277645444,0.133356599084087
cbd,CBD distance,primary,1,poa,Postcode,3,apartment,Apartment,2,sa4,SA4,3,full,435,-0.312996086002479,-0.149517119640457,0.163478966362022
cbd,CBD distance,primary,1,poa,Postcode,3,apartment,Apartment,2,sa4,SA4,3,full,436,-0.303672188995436,-0.230386313110545,0.073285875884891
cbd,CBD distance,primary,1,poa,Postcode,3,apartment,Apartment,2,sa4,SA4,3,full,437,-0.232304255471969,-0.0967379943800667,0.135566261091902
cbd,CBD distance,primary,1,poa,Postcode,3,apartment,Apartment,2,sa4,SA4,3,full,438,-0.293574508361508,-0.222401722678333,0.071172785683175
cbd,CBD distance,primary,1,poa,Postcode,3,apartment,Apartment,2,sa4,SA4,3,full,439,-0.255535764005419,-0.111637684288355,0.143898079717064
cbd,CBD distance,primary,1,poa,Postcode,3,apartment,Apartment,2,sa4,SA4,3,full,440,-0.298796034284109,-0.145679082188952,0.153116952095157
cbd,CBD distance,primary,1,poa,Postcode,3,apartment,Apartment,2,sa4,SA4,3,full,441,-0.278251922766126,-0.199839846687865,0.0784120760782611
cbd,CBD distance,primary,1,poa,Postcode,3,apartment,Apartment,2,sa4,SA4,3,full,442,-0.290154013242684,-0.217957981747463,0.0721960314952212
cbd,CBD distance,primary,1,poa,Postcode,3,apartment,Apartment,2,sa4,SA4,3,full,443,-0.251185589104507,-0.123969067604536,0.127216521499971
cbd,CBD distance,primary,1,poa,Postcode,3,apartment,Apartment,2,sa4,SA4,3,full,444,-0.249931558293046,-0.19498656054982,0.0549449977432259
cbd,CBD distance,primary,1,poa,Postcode,3,apartment,Apartment,2,sa4,SA4,3,full,445,-0.20605047836371,-0.0994187921398544,0.106631686223856
cbd,CBD distance,primary,1,poa,Postcode,3,apartment,Apartment,2,sa4,SA4,3,full,446,-0.244782436800209,-0.195266597857845,0.0495158389423647
cbd,CBD distance,primary,1,poa,Postcode,3,apartment,Apartment,2,sa4,SA4,3,full,447,-0.294388134806662,-0.12155647524524,0.172831659561422
cbd,CBD distance,primary,1,poa,Postcode,3,apartment,Apartment,2,sa4,SA4,3,full,448,-0.259628937360435,-0.198480287099525,0.0611486502609094
cbd,CBD distance,primary,1,poa,Postcode,3,apartment,Apartment,2,sa4,SA4,3,full,449,-0.270776609825684,-0.126984368843418,0.143792240982266
cbd,CBD distance,primary,1,poa,Postcode,3,apartment,Apartment,2,sa4,SA4,3,full,450,-0.254619714657111,-0.112895044106345,0.141724670550766
cbd,CBD distance,primary,1,poa,Postcode,3,apartment,Apartment,2,sa4,SA4,3,full,451,-0.302929870146355,-0.147876148279693,0.155053721866663
cbd,CBD distance,primary,1,poa,Postcode,3,apartment,Apartment,2,sa4,SA4,3,full,452,-0.273760555715868,-0.213900498256192,0.0598600574596754
cbd,CBD distance,primary,1,poa,Postcode,3,apartment,Apartment,2,sa4,SA4,3,full,453,-0.274302778988309,-0.202764414017332,0.0715383649709767
cbd,CBD distance,primary,1,poa,Postcode,3,apartment,Apartment,2,sa4,SA4,3,full,454,-0.299696017507802,-0.213620327861107,0.0860756896466958
cbd,CBD distance,primary,1,poa,Postcode,3,apartment,Apartment,2,sa4,SA4,3,full,455,-0.290012161032465,-0.21026817052788,0.0797439905045856
cbd,CBD distance,primary,1,poa,Postcode,3,apartment,Apartment,2,sa4,SA4,3,full,456,-0.215079714521895,-0.0929197382270248,0.12215997629487
cbd,CBD distance,primary,1,poa,Postcode,3,apartment,Apartment,2,sa4,SA4,3,full,457,-0.305480540789548,-0.150281366572649,0.1551991742169
cbd,CBD distance,primary,1,poa,Postcode,3,apartment,Apartment,2,sa4,SA4,3,full,458,-0.262828445688124,-0.192468340936397,0.0703601047517272
cbd,CBD distance,primary,1,poa,Postcode,3,apartment,Apartment,2,sa4,SA4,3,full,459,-0.24283252744668,-0.0992013411285269,0.143631186318153
cbd,CBD distance,primary,1,poa,Postcode,3,apartment,Apartment,2,sa4,SA4,3,full,460,-0.235658841949938,-0.111864646316775,0.123794195633163
cbd,CBD distance,primary,1,poa,Postcode,3,apartment,Apartment,2,sa4,SA4,3,full,461,-0.27532466749921,-0.13276786245128,0.14255680504793
cbd,CBD distance,primary,1,poa,Postcode,3,apartment,Apartment,2,sa4,SA4,3,full,462,-0.274261891329398,-0.136155552061404,0.138106339267993
cbd,CBD distance,primary,1,poa,Postcode,3,apartment,Apartment,2,sa4,SA4,3,full,463,-0.260990156992128,-0.119231680369109,0.141758476623019
cbd,CBD distance,primary,1,poa,Postcode,3,apartment,Apartment,2,sa4,SA4,3,full,464,-0.280502542305913,-0.210089250661411,0.0704132916445015
cbd,CBD distance,primary,1,poa,Postcode,3,apartment,Apartment,2,sa4,SA4,3,full,465,-0.252685886988211,-0.192719589091549,0.059966297896662
cbd,CBD distance,primary,1,poa,Postcode,3,apartment,Apartment,2,sa4,SA4,3,full,466,-0.203076250815807,-0.165465178678083,0.0376110721377236
cbd,CBD distance,primary,1,poa,Postcode,3,apartment,Apartment,2,sa4,SA4,3,full,467,-0.308814208424953,-0.13517871947526,0.173635488949693
cbd,CBD distance,primary,1,poa,Postcode,3,apartment,Apartment,2,sa4,SA4,3,full,468,-0.2634049293803,-0.198152025247484,0.0652529041328162
cbd,CBD distance,primary,1,poa,Postcode,3,apartment,Apartment,2,sa4,SA4,3,full,469,-0.296348925253039,-0.130679007923569,0.16566991732947
cbd,CBD distance,primary,1,poa,Postcode,3,apartment,Apartment,2,sa4,SA4,3,full,470,-0.283530761432976,-0.209280807755559,0.0742499536774169
cbd,CBD distance,primary,1,poa,Postcode,3,apartment,Apartment,2,sa4,SA4,3,full,471,-0.274875384969026,-0.119329095426178,0.155546289542849
cbd,CBD distance,primary,1,poa,Postcode,3,apartment,Apartment,2,sa4,SA4,3,full,472,-0.258710975326452,-0.132614722146578,0.126096253179873
cbd,CBD distance,primary,1,poa,Postcode,3,apartment,Apartment,2,sa4,SA4,3,full,473,-0.249606153061693,-0.174119505456284,0.0754866476054089
cbd,CBD distance,primary,1,poa,Postcode,3,apartment,Apartment,2,sa4,SA4,3,full,474,-0.294987210243011,-0.222111853370964,0.0728753568720471
cbd,CBD distance,primary,1,poa,Postcode,3,apartment,Apartment,2,sa4,SA4,3,full,475,-0.246344198899175,-0.189472156210444,0.0568720426887306
cbd,CBD distance,primary,1,poa,Postcode,3,apartment,Apartment,2,sa4,SA4,3,full,476,-0.281919326677737,-0.13557653585247,0.146342790825267
cbd,CBD distance,primary,1,poa,Postcode,3,apartment,Apartment,2,sa4,SA4,3,full,477,-0.245005147454113,-0.191227501015307,0.0537776464388068
cbd,CBD distance,primary,1,poa,Postcode,3,apartment,Apartment,2,sa4,SA4,3,full,478,-0.27046606404561,-0.127597503085918,0.142868560959692
cbd,CBD distance,primary,1,poa,Postcode,3,apartment,Apartment,2,sa4,SA4,3,full,479,-0.309073083057501,-0.135710185607705,0.173362897449795
cbd,CBD distance,primary,1,poa,Postcode,3,apartment,Apartment,2,sa4,SA4,3,full,480,-0.288371356066548,-0.208458778052244,0.0799125780143041
cbd,CBD distance,primary,1,poa,Postcode,3,apartment,Apartment,2,sa4,SA4,3,full,481,-0.213809016732553,-0.0976940379704731,0.116114978762079
cbd,CBD distance,primary,1,poa,Postcode,3,apartment,Apartment,2,sa4,SA4,3,full,482,-0.264240640699816,-0.192836023860457,0.0714046168393584
cbd,CBD distance,primary,1,poa,Postcode,3,apartment,Apartment,2,sa4,SA4,3,full,483,-0.271331986834141,-0.120476525077547,0.150855461756594
cbd,CBD distance,primary,1,poa,Postcode,3,apartment,Apartment,2,sa4,SA4,3,full,484,-0.26255017212126,-0.132370621693276,0.130179550427984
cbd,CBD distance,primary,1,poa,Postcode,3,apartment,Apartment,2,sa4,SA4,3,full,485,-0.291426964884385,-0.133480971191556,0.157945993692829
cbd,CBD distance,primary,1,poa,Postcode,3,apartment,Apartment,2,sa4,SA4,3,full,486,-0.265864644047154,-0.191421638953844,0.0744430050933095
cbd,CBD distance,primary,1,poa,Postcode,3,apartment,Apartment,2,sa4,SA4,3,full,487,-0.269919355684552,-0.198228996648034,0.0716903590365177
cbd,CBD distance,primary,1,poa,Postcode,3,apartment,Apartment,2,sa4,SA4,3,full,488,-0.257507953417011,-0.190304535219146,0.0672034181978649
cbd,CBD distance,primary,1,poa,Postcode,3,apartment,Apartment,2,sa4,SA4,3,full,489,-0.295392746863832,-0.136609171301401,0.158783575562431
cbd,CBD distance,primary,1,poa,Postcode,3,apartment,Apartment,2,sa4,SA4,3,full,490,-0.289373814585251,-0.218463243414709,0.0709105711705418
cbd,CBD distance,primary,1,poa,Postcode,3,apartment,Apartment,2,sa4,SA4,3,full,491,-0.284874825239991,-0.215074561267762,0.0698002639722289
cbd,CBD distance,primary,1,poa,Postcode,3,apartment,Apartment,2,sa4,SA4,3,full,492,-0.228193433483158,-0.174414809765726,0.0537786237174314
cbd,CBD distance,primary,1,poa,Postcode,3,apartment,Apartment,2,sa4,SA4,3,full,493,-0.257535459279872,-0.121702878318572,0.1358325809613
cbd,CBD distance,primary,1,poa,Postcode,3,apartment,Apartment,2,sa4,SA4,3,full,494,-0.282943556148875,-0.131834716435583,0.151108839713292
cbd,CBD distance,primary,1,poa,Postcode,3,apartment,Apartment,2,sa4,SA4,3,full,495,-0.320000972742546,-0.235801789964427,0.0841991827781185
cbd,CBD distance,primary,1,poa,Postcode,3,apartment,Apartment,2,sa4,SA4,3,full,496,-0.213994221580965,-0.181573970571076,0.0324202510098892
cbd,CBD distance,primary,1,poa,Postcode,3,apartment,Apartment,2,sa4,SA4,3,full,497,-0.281636498160207,-0.118627186097705,0.163009312062502
cbd,CBD distance,primary,1,poa,Postcode,3,apartment,Apartment,2,sa4,SA4,3,full,498,-0.267605549966026,-0.119753296811179,0.147852253154846
cbd,CBD distance,primary,1,poa,Postcode,3,apartment,Apartment,2,sa4,SA4,3,full,499,-0.284184049561786,-0.215482982719277,0.0687010668425085
cbd,CBD distance,primary,1,poa,Postcode,3,apartment,Apartment,2,sa4,SA4,3,full,500,-0.30820210438793,-0.216268192323439,0.0919339120644912
cbd,CBD distance,primary,1,poa,Postcode,3,apartment,Apartment,2,sa4,SA4,3,full,501,-0.273035043601709,-0.210129602798813,0.0629054408028958
cbd,CBD distance,primary,1,poa,Postcode,3,apartment,Apartment,2,sa4,SA4,3,full,502,-0.236982145839991,-0.172962650560359,0.0640194952796318
cbd,CBD distance,primary,1,poa,Postcode,3,apartment,Apartment,2,sa4,SA4,3,full,503,-0.273869420993434,-0.12503267685965,0.148836744133784
cbd,CBD distance,primary,1,poa,Postcode,3,apartment,Apartment,2,sa4,SA4,3,full,504,-0.291612816001702,-0.211899877484383,0.0797129385173189
cbd,CBD distance,primary,1,poa,Postcode,3,apartment,Apartment,2,sa4,SA4,3,full,505,-0.283269861217081,-0.211334497579453,0.0719353636376273
cbd,CBD distance,primary,1,poa,Postcode,3,apartment,Apartment,2,sa4,SA4,3,full,506,-0.216626708581626,-0.0908500894056134,0.125776619176013
cbd,CBD distance,primary,1,poa,Postcode,3,apartment,Apartment,2,sa4,SA4,3,full,507,-0.203954823384797,-0.08923805434911,0.114716769035687
cbd,CBD distance,primary,1,poa,Postcode,3,apartment,Apartment,2,sa4,SA4,3,full,508,-0.269894715024457,-0.191791954973965,0.0781027600504915
cbd,CBD distance,primary,1,poa,Postcode,3,apartment,Apartment,2,sa4,SA4,3,full,509,-0.301747709089101,-0.131290234987133,0.170457474101968
cbd,CBD distance,primary,1,poa,Postcode,3,apartment,Apartment,2,sa4,SA4,3,full,510,-0.295177614984943,-0.135119622304636,0.160057992680307
cbd,CBD distance,primary,1,poa,Postcode,3,apartment,Apartment,2,sa4,SA4,3,full,511,-0.273580126905555,-0.211852039952445,0.0617280869531096
cbd,CBD distance,primary,1,poa,Postcode,3,apartment,Apartment,2,sa4,SA4,3,full,512,-0.287989638094926,-0.139712176886077,0.148277461208848
cbd,CBD distance,primary,1,poa,Postcode,3,apartment,Apartment,2,sa4,SA4,3,full,513,-0.281927410442193,-0.133663499606148,0.148263910836044
cbd,CBD distance,primary,1,poa,Postcode,3,apartment,Apartment,2,sa4,SA4,3,full,514,-0.306442065752248,-0.139116465209642,0.167325600542607
cbd,CBD distance,primary,1,poa,Postcode,3,apartment,Apartment,2,sa4,SA4,3,full,515,-0.285747574790653,-0.196901537422602,0.0888460373680511
cbd,CBD distance,primary,1,poa,Postcode,3,apartment,Apartment,2,sa4,SA4,3,full,516,-0.282132989777903,-0.146055851733872,0.136077138044031
cbd,CBD distance,primary,1,poa,Postcode,3,apartment,Apartment,2,sa4,SA4,3,full,517,-0.278422925833711,-0.212578212924002,0.0658447129097081
cbd,CBD distance,primary,1,poa,Postcode,3,apartment,Apartment,2,sa4,SA4,3,full,518,-0.348431796770779,-0.16226101465811,0.186170782112669
cbd,CBD distance,primary,1,poa,Postcode,3,apartment,Apartment,2,sa4,SA4,3,full,519,-0.274630300922717,-0.216751059667689,0.0578792412550279
cbd,CBD distance,primary,1,poa,Postcode,3,apartment,Apartment,2,sa4,SA4,3,full,520,-0.307671209564314,-0.149324082580306,0.158347126984008
cbd,CBD distance,primary,1,poa,Postcode,3,apartment,Apartment,2,sa4,SA4,3,full,521,-0.289622984773168,-0.198247308752192,0.0913756760209764
cbd,CBD distance,primary,1,poa,Postcode,3,apartment,Apartment,2,sa4,SA4,3,full,522,-0.295854036066126,-0.146609958490606,0.14924407757552
cbd,CBD distance,primary,1,poa,Postcode,3,apartment,Apartment,2,sa4,SA4,3,full,523,-0.202027595875681,-0.162428777629076,0.0395988182466047
cbd,CBD distance,primary,1,poa,Postcode,3,apartment,Apartment,2,sa4,SA4,3,full,524,-0.287910034077696,-0.198870206361273,0.0890398277164229
cbd,CBD distance,primary,1,poa,Postcode,3,apartment,Apartment,2,sa4,SA4,3,full,525,-0.319953656362867,-0.226556929040567,0.0933967273223006
cbd,CBD distance,primary,1,poa,Postcode,3,apartment,Apartment,2,sa4,SA4,3,full,526,-0.307104717906159,-0.220544060168378,0.0865606577377804
cbd,CBD distance,primary,1,poa,Postcode,3,apartment,Apartment,2,sa4,SA4,3,full,527,-0.271281147710247,-0.198293825688928,0.072987322021319
cbd,CBD distance,primary,1,poa,Postcode,3,apartment,Apartment,2,sa4,SA4,3,full,528,-0.23622112946067,-0.103810714772358,0.132410414688312
cbd,CBD distance,primary,1,poa,Postcode,3,apartment,Apartment,2,sa4,SA4,3,full,529,-0.242912076565713,-0.175821671014584,0.067090405551129
cbd,CBD distance,primary,1,poa,Postcode,3,apartment,Apartment,2,sa4,SA4,3,full,530,-0.248837301413167,-0.194680993763019,0.054156307650148
cbd,CBD distance,primary,1,poa,Postcode,3,apartment,Apartment,2,sa4,SA4,3,full,531,-0.268032024045821,-0.186220606206554,0.0818114178392666
cbd,CBD distance,primary,1,poa,Postcode,3,apartment,Apartment,2,sa4,SA4,3,full,532,-0.301395977814597,-0.141236319719322,0.160159658095275
cbd,CBD distance,primary,1,poa,Postcode,3,apartment,Apartment,2,sa4,SA4,3,full,533,-0.269543489881068,-0.200050627641473,0.0694928622395954
cbd,CBD distance,primary,1,poa,Postcode,3,apartment,Apartment,2,sa4,SA4,3,full,534,-0.301242349563641,-0.128905144504721,0.17233720505892
cbd,CBD distance,primary,1,poa,Postcode,3,apartment,Apartment,2,sa4,SA4,3,full,535,-0.212040466699974,-0.181278687939945,0.0307617787600291
cbd,CBD distance,primary,1,poa,Postcode,3,apartment,Apartment,2,sa4,SA4,3,full,536,-0.314547616018141,-0.148105645891956,0.166441970126186
cbd,CBD distance,primary,1,poa,Postcode,3,apartment,Apartment,2,sa4,SA4,3,full,537,-0.255946880190836,-0.193012449270862,0.0629344309199744
cbd,CBD distance,primary,1,poa,Postcode,3,apartment,Apartment,2,sa4,SA4,3,full,538,-0.254815053037481,-0.108676262403676,0.146138790633805
cbd,CBD distance,primary,1,poa,Postcode,3,apartment,Apartment,2,sa4,SA4,3,full,539,-0.27048013419781,-0.120719106821297,0.149761027376513
cbd,CBD distance,primary,1,poa,Postcode,3,apartment,Apartment,2,sa4,SA4,3,full,540,-0.302749018141197,-0.213396858503345,0.0893521596378525
cbd,CBD distance,primary,1,poa,Postcode,3,apartment,Apartment,2,sa4,SA4,3,full,541,-0.298907745838823,-0.142991274322832,0.155916471515991
cbd,CBD distance,primary,1,poa,Postcode,3,apartment,Apartment,2,sa4,SA4,3,full,542,-0.253258982602505,-0.197786171287278,0.0554728113152267
cbd,CBD distance,primary,1,poa,Postcode,3,apartment,Apartment,2,sa4,SA4,3,full,543,-0.293399255440628,-0.140138316570035,0.153260938870593
cbd,CBD distance,primary,1,poa,Postcode,3,apartment,Apartment,2,sa4,SA4,3,full,544,-0.273904613476575,-0.198111534316279,0.0757930791602961
cbd,CBD distance,primary,1,poa,Postcode,3,apartment,Apartment,2,sa4,SA4,3,full,545,-0.259860352780586,-0.208077452707316,0.0517829000732699
cbd,CBD distance,primary,1,poa,Postcode,3,apartment,Apartment,2,sa4,SA4,3,full,546,-0.247503864992869,-0.198495002352616,0.0490088626402527
cbd,CBD distance,primary,1,poa,Postcode,3,apartment,Apartment,2,sa4,SA4,3,full,547,-0.269257545082994,-0.116137012078686,0.153120533004308
cbd,CBD distance,primary,1,poa,Postcode,3,apartment,Apartment,2,sa4,SA4,3,full,548,-0.330970366968189,-0.221783679730815,0.109186687237374
cbd,CBD distance,primary,1,poa,Postcode,3,apartment,Apartment,2,sa4,SA4,3,full,549,-0.225300275439628,-0.0965737403993524,0.128726535040275
cbd,CBD distance,primary,1,poa,Postcode,3,apartment,Apartment,2,sa4,SA4,3,full,550,-0.289498391201874,-0.204760529892794,0.0847378613090804
cbd,CBD distance,primary,1,poa,Postcode,3,apartment,Apartment,2,sa4,SA4,3,full,551,-0.265764443929881,-0.111961241866807,0.153803202063074
cbd,CBD distance,primary,1,poa,Postcode,3,apartment,Apartment,2,sa4,SA4,3,full,552,-0.228800614744259,-0.0989375261445581,0.129863088599701
cbd,CBD distance,primary,1,poa,Postcode,3,apartment,Apartment,2,sa4,SA4,3,full,553,-0.270550522746772,-0.194814879412253,0.0757356433345195
cbd,CBD distance,primary,1,poa,Postcode,3,apartment,Apartment,2,sa4,SA4,3,full,554,-0.240923027166909,-0.189306991056718,0.0516160361101913
cbd,CBD distance,primary,1,poa,Postcode,3,apartment,Apartment,2,sa4,SA4,3,full,555,-0.237527912006429,-0.107483346081935,0.130044565924494
cbd,CBD distance,primary,1,poa,Postcode,3,apartment,Apartment,2,sa4,SA4,3,full,556,-0.293503745092223,-0.149892369919217,0.143611375173005
cbd,CBD distance,primary,1,poa,Postcode,3,apartment,Apartment,2,sa4,SA4,3,full,557,-0.276743874327397,-0.205809040883977,0.0709348334434196
cbd,CBD distance,primary,1,poa,Postcode,3,apartment,Apartment,2,sa4,SA4,3,full,558,-0.283637291407592,-0.127332993554115,0.156304297853477
cbd,CBD distance,primary,1,poa,Postcode,3,apartment,Apartment,2,sa4,SA4,3,full,559,-0.266407747170099,-0.185098487523601,0.0813092596464985
cbd,CBD distance,primary,1,poa,Postcode,3,apartment,Apartment,2,sa4,SA4,3,full,560,-0.315840571526269,-0.1517212652355,0.164119306290769
cbd,CBD distance,primary,1,poa,Postcode,3,apartment,Apartment,2,sa4,SA4,3,full,561,-0.234572652187685,-0.113257238745588,0.121315413442097
cbd,CBD distance,primary,1,poa,Postcode,3,apartment,Apartment,2,sa4,SA4,3,full,562,-0.246881949466215,-0.102489281861374,0.144392667604841
cbd,CBD distance,primary,1,poa,Postcode,3,apartment,Apartment,2,sa4,SA4,3,full,563,-0.294757756226839,-0.196940449107081,0.0978173071197578
cbd,CBD distance,primary,1,poa,Postcode,3,apartment,Apartment,2,sa4,SA4,3,full,564,-0.257463646754567,-0.116383005200718,0.141080641553848
cbd,CBD distance,primary,1,poa,Postcode,3,apartment,Apartment,2,sa4,SA4,3,full,565,-0.285086951969659,-0.141102963490078,0.14398398847958
cbd,CBD distance,primary,1,poa,Postcode,3,apartment,Apartment,2,sa4,SA4,3,full,566,-0.243588115894428,-0.203122699009114,0.0404654168853141
cbd,CBD distance,primary,1,poa,Postcode,3,apartment,Apartment,2,sa4,SA4,3,full,567,-0.273428465605052,-0.122245245045352,0.151183220559699
cbd,CBD distance,primary,1,poa,Postcode,3,apartment,Apartment,2,sa4,SA4,3,full,568,-0.219401281690603,-0.17587787489229,0.0435234067983136
cbd,CBD distance,primary,1,poa,Postcode,3,apartment,Apartment,2,sa4,SA4,3,full,569,-0.255103700376188,-0.197781189479989,0.057322510896199
cbd,CBD distance,primary,1,poa,Postcode,3,apartment,Apartment,2,sa4,SA4,3,full,570,-0.281498435285089,-0.201772052303148,0.0797263829819411
cbd,CBD distance,primary,1,poa,Postcode,3,apartment,Apartment,2,sa4,SA4,3,full,571,-0.249300360063025,-0.17439543279967,0.0749049272633555
cbd,CBD distance,primary,1,poa,Postcode,3,apartment,Apartment,2,sa4,SA4,3,full,572,-0.26119880357457,-0.125246723862416,0.135952079712154
cbd,CBD distance,primary,1,poa,Postcode,3,apartment,Apartment,2,sa4,SA4,3,full,573,-0.296278122405455,-0.216086083310796,0.0801920390946588
cbd,CBD distance,primary,1,poa,Postcode,3,apartment,Apartment,2,sa4,SA4,3,full,574,-0.231052052891932,-0.185469623918582,0.0455824289733502
cbd,CBD distance,primary,1,poa,Postcode,3,apartment,Apartment,2,sa4,SA4,3,full,575,-0.299384258648174,-0.216776994928315,0.0826072637198587
cbd,CBD distance,primary,1,poa,Postcode,3,apartment,Apartment,2,sa4,SA4,3,full,576,-0.284802127529267,-0.193417055927184,0.0913850716020828
cbd,CBD distance,primary,1,poa,Postcode,3,apartment,Apartment,2,sa4,SA4,3,full,577,-0.271388839357317,-0.142038749313005,0.129350090044312
cbd,CBD distance,primary,1,poa,Postcode,3,apartment,Apartment,2,sa4,SA4,3,full,578,-0.255559990578124,-0.204694523596063,0.0508654669820607
cbd,CBD distance,primary,1,poa,Postcode,3,apartment,Apartment,2,sa4,SA4,3,full,579,-0.250049973677105,-0.111109057383551,0.138940916293554
cbd,CBD distance,primary,1,poa,Postcode,3,apartment,Apartment,2,sa4,SA4,3,full,580,-0.312419624781673,-0.151410054420391,0.161009570361282
cbd,CBD distance,primary,1,poa,Postcode,3,apartment,Apartment,2,sa4,SA4,3,full,581,-0.288072269975168,-0.146490916185062,0.141581353790107
cbd,CBD distance,primary,1,poa,Postcode,3,apartment,Apartment,2,sa4,SA4,3,full,582,-0.250488327799697,-0.108762266359436,0.141726061440261
cbd,CBD distance,primary,1,poa,Postcode,3,apartment,Apartment,2,sa4,SA4,3,full,583,-0.298660816417882,-0.213739447264343,0.0849213691535388
cbd,CBD distance,primary,1,poa,Postcode,3,apartment,Apartment,2,sa4,SA4,3,full,584,-0.248966879583705,-0.112492879865562,0.136473999718144
cbd,CBD distance,primary,1,poa,Postcode,3,apartment,Apartment,2,sa4,SA4,3,full,585,-0.249680438415227,-0.115036665445721,0.134643772969506
cbd,CBD distance,primary,1,poa,Postcode,3,apartment,Apartment,2,sa4,SA4,3,full,586,-0.272330563654397,-0.208919924626501,0.0634106390278964
cbd,CBD distance,primary,1,poa,Postcode,3,apartment,Apartment,2,sa4,SA4,3,full,587,-0.285251288501711,-0.137471816051566,0.147779472450145
cbd,CBD distance,primary,1,poa,Postcode,3,apartment,Apartment,2,sa4,SA4,3,full,588,-0.263845608023564,-0.114857177785968,0.148988430237596
cbd,CBD distance,primary,1,poa,Postcode,3,apartment,Apartment,2,sa4,SA4,3,full,589,-0.302693778590357,-0.207314360145375,0.0953794184449821
cbd,CBD distance,primary,1,poa,Postcode,3,apartment,Apartment,2,sa4,SA4,3,full,590,-0.254798460987961,-0.118212105246474,0.136586355741487
cbd,CBD distance,primary,1,poa,Postcode,3,apartment,Apartment,2,sa4,SA4,3,full,591,-0.266921400458283,-0.114608941298997,0.152312459159286
cbd,CBD distance,primary,1,poa,Postcode,3,apartment,Apartment,2,sa4,SA4,3,full,592,-0.273881455839477,-0.205553454106112,0.0683280017333654
cbd,CBD distance,primary,1,poa,Postcode,3,apartment,Apartment,2,sa4,SA4,3,full,593,-0.240827567655059,-0.10412268771538,0.136704879939679
cbd,CBD distance,primary,1,poa,Postcode,3,apartment,Apartment,2,sa4,SA4,3,full,594,-0.292220752610013,-0.124268291834484,0.167952460775529
cbd,CBD distance,primary,1,poa,Postcode,3,apartment,Apartment,2,sa4,SA4,3,full,595,-0.291304033391705,-0.20758820837332,0.0837158250183844
cbd,CBD distance,primary,1,poa,Postcode,3,apartment,Apartment,2,sa4,SA4,3,full,596,-0.294321713076245,-0.137337418969777,0.156984294106467
cbd,CBD distance,primary,1,poa,Postcode,3,apartment,Apartment,2,sa4,SA4,3,full,597,-0.272236012434732,-0.210173153266033,0.0620628591686994
cbd,CBD distance,primary,1,poa,Postcode,3,apartment,Apartment,2,sa4,SA4,3,full,598,-0.2908982124335,-0.217325011536821,0.0735732008966786
cbd,CBD distance,primary,1,poa,Postcode,3,apartment,Apartment,2,sa4,SA4,3,full,599,-0.27108986659347,-0.206354691400848,0.0647351751926223
cbd,CBD distance,primary,1,poa,Postcode,3,apartment,Apartment,2,sa4,SA4,3,full,600,-0.284506043320446,-0.196286245129536,0.0882197981909098
cbd,CBD distance,primary,1,poa,Postcode,3,apartment,Apartment,2,sa4,SA4,3,full,601,-0.298220794470401,-0.130620424823515,0.167600369646886
cbd,CBD distance,primary,1,poa,Postcode,3,apartment,Apartment,2,sa4,SA4,3,full,602,-0.273559020819539,-0.207304327866827,0.0662546929527117
cbd,CBD distance,primary,1,poa,Postcode,3,apartment,Apartment,2,sa4,SA4,3,full,603,-0.214683908961743,-0.171816166520028,0.0428677424417157
cbd,CBD distance,primary,1,poa,Postcode,3,apartment,Apartment,2,sa4,SA4,3,full,604,-0.278129930820817,-0.130089925280321,0.148040005540496
cbd,CBD distance,primary,1,poa,Postcode,3,apartment,Apartment,2,sa4,SA4,3,full,605,-0.259153671419809,-0.119123360322376,0.140030311097432
cbd,CBD distance,primary,1,poa,Postcode,3,apartment,Apartment,2,sa4,SA4,3,full,606,-0.274124030185111,-0.205455239310123,0.0686687908749882
cbd,CBD distance,primary,1,poa,Postcode,3,apartment,Apartment,2,sa4,SA4,3,full,607,-0.312473620260758,-0.138084649166541,0.174388971094217
cbd,CBD distance,primary,1,poa,Postcode,3,apartment,Apartment,2,sa4,SA4,3,full,608,-0.269901846321077,-0.126284841008721,0.143617005312356
cbd,CBD distance,primary,1,poa,Postcode,3,apartment,Apartment,2,sa4,SA4,3,full,609,-0.282668957515444,-0.129583176523858,0.153085780991586
cbd,CBD distance,primary,1,poa,Postcode,3,apartment,Apartment,2,sa4,SA4,3,full,610,-0.247372685841487,-0.193597227961131,0.0537754578803564
cbd,CBD distance,primary,1,poa,Postcode,3,apartment,Apartment,2,sa4,SA4,3,full,611,-0.253619473851547,-0.122533550007641,0.131085923843906
cbd,CBD distance,primary,1,poa,Postcode,3,apartment,Apartment,2,sa4,SA4,3,full,612,-0.253531099626408,-0.200674391957566,0.0528567076688424
cbd,CBD distance,primary,1,poa,Postcode,3,apartment,Apartment,2,sa4,SA4,3,full,613,-0.279689645945877,-0.196427738150415,0.0832619077954614
cbd,CBD distance,primary,1,poa,Postcode,3,apartment,Apartment,2,sa4,SA4,3,full,614,-0.26551799931098,-0.113091293269083,0.152426706041897
cbd,CBD distance,primary,1,poa,Postcode,3,apartment,Apartment,2,sa4,SA4,3,full,615,-0.261939179461399,-0.183155847722215,0.0787833317391836
cbd,CBD distance,primary,1,poa,Postcode,3,apartment,Apartment,2,sa4,SA4,3,full,616,-0.240532424868565,-0.103400042441862,0.137132382426703
cbd,CBD distance,primary,1,poa,Postcode,3,apartment,Apartment,2,sa4,SA4,3,full,617,-0.211863050472112,-0.102936222030185,0.108926828441928
cbd,CBD distance,primary,1,poa,Postcode,3,apartment,Apartment,2,sa4,SA4,3,full,618,-0.268139331611771,-0.206973124414914,0.0611662071968564
cbd,CBD distance,primary,1,poa,Postcode,3,apartment,Apartment,2,sa4,SA4,3,full,619,-0.305380911021003,-0.133274658784538,0.172106252236466
cbd,CBD distance,primary,1,poa,Postcode,3,apartment,Apartment,2,sa4,SA4,3,full,620,-0.244857755547195,-0.185304467364864,0.0595532881823306
cbd,CBD distance,primary,1,poa,Postcode,3,apartment,Apartment,2,sa4,SA4,3,full,621,-0.306229482857769,-0.221361195263313,0.0848682875944565
cbd,CBD distance,primary,1,poa,Postcode,3,apartment,Apartment,2,sa4,SA4,3,full,622,-0.243240802444465,-0.190556680311442,0.0526841221330234
cbd,CBD distance,primary,1,poa,Postcode,3,apartment,Apartment,2,sa4,SA4,3,full,623,-0.248012279488047,-0.188070280157022,0.0599419993310255
cbd,CBD distance,primary,1,poa,Postcode,3,apartment,Apartment,2,sa4,SA4,3,full,624,-0.303557155834604,-0.138407268823359,0.165149887011245
cbd,CBD distance,primary,1,poa,Postcode,3,apartment,Apartment,2,sa4,SA4,3,full,625,-0.241851996084303,-0.189469191329793,0.0523828047545103
cbd,CBD distance,primary,1,poa,Postcode,3,apartment,Apartment,2,sa4,SA4,3,full,626,-0.294972069578214,-0.212252731166469,0.0827193384117448
cbd,CBD distance,primary,1,poa,Postcode,3,apartment,Apartment,2,sa4,SA4,3,full,627,-0.261029268392528,-0.195553684582834,0.065475583809694
cbd,CBD distance,primary,1,poa,Postcode,3,apartment,Apartment,2,sa4,SA4,3,full,628,-0.254036813656102,-0.203479447021487,0.0505573666346152
cbd,CBD distance,primary,1,poa,Postcode,3,apartment,Apartment,2,sa4,SA4,3,full,629,-0.264294413750478,-0.189686593140973,0.0746078206095057
cbd,CBD distance,primary,1,poa,Postcode,3,apartment,Apartment,2,sa4,SA4,3,full,630,-0.295433100142017,-0.146948310117777,0.14848479002424
cbd,CBD distance,primary,1,poa,Postcode,3,apartment,Apartment,2,sa4,SA4,3,full,631,-0.229973636160466,-0.18442149429843,0.0455521418620362
cbd,CBD distance,primary,1,poa,Postcode,3,apartment,Apartment,2,sa4,SA4,3,full,632,-0.275050000562594,-0.204938229810849,0.0701117707517452
cbd,CBD distance,primary,1,poa,Postcode,3,apartment,Apartment,2,sa4,SA4,3,full,633,-0.284768457111085,-0.134913791319059,0.149854665792025
cbd,CBD distance,primary,1,poa,Postcode,3,apartment,Apartment,2,sa4,SA4,3,full,634,-0.302327649473311,-0.214867306089401,0.0874603433839098
cbd,CBD distance,primary,1,poa,Postcode,3,apartment,Apartment,2,sa4,SA4,3,full,635,-0.293992913663612,-0.221870090520962,0.0721228231426503
cbd,CBD distance,primary,1,poa,Postcode,3,apartment,Apartment,2,sa4,SA4,3,full,636,-0.271503294871153,-0.196450125368298,0.0750531695028559
cbd,CBD distance,primary,1,poa,Postcode,3,apartment,Apartment,2,sa4,SA4,3,full,637,-0.261750121163275,-0.123306703839951,0.138443417323324
cbd,CBD distance,primary,1,poa,Postcode,3,apartment,Apartment,2,sa4,SA4,3,full,638,-0.278991559145226,-0.20316316590609,0.0758283932391354
cbd,CBD distance,primary,1,poa,Postcode,3,apartment,Apartment,2,sa4,SA4,3,full,639,-0.255182976761785,-0.121216621843782,0.133966354918003
cbd,CBD distance,primary,1,poa,Postcode,3,apartment,Apartment,2,sa4,SA4,3,full,640,-0.267288159294866,-0.128036392189462,0.139251767105404
cbd,CBD distance,primary,1,poa,Postcode,3,apartment,Apartment,2,sa4,SA4,3,full,641,-0.229598968872651,-0.0855387740121359,0.144060194860515
cbd,CBD distance,primary,1,poa,Postcode,3,apartment,Apartment,2,sa4,SA4,3,full,642,-0.284079925313515,-0.129326756964473,0.154753168349042
cbd,CBD distance,primary,1,poa,Postcode,3,apartment,Apartment,2,sa4,SA4,3,full,643,-0.310100526515611,-0.154858625990799,0.155241900524813
cbd,CBD distance,primary,1,poa,Postcode,3,apartment,Apartment,2,sa4,SA4,3,full,644,-0.269297996728531,-0.118752518083963,0.150545478644569
cbd,CBD distance,primary,1,poa,Postcode,3,apartment,Apartment,2,sa4,SA4,3,full,645,-0.290450794578821,-0.137554272109076,0.152896522469745
cbd,CBD distance,primary,1,poa,Postcode,3,apartment,Apartment,2,sa4,SA4,3,full,646,-0.308177240540252,-0.21472244583846,0.0934547947017926
cbd,CBD distance,primary,1,poa,Postcode,3,apartment,Apartment,2,sa4,SA4,3,full,647,-0.228987065080531,-0.100043304195276,0.128943760885254
cbd,CBD distance,primary,1,poa,Postcode,3,apartment,Apartment,2,sa4,SA4,3,full,648,-0.247212306937716,-0.116694818513357,0.130517488424359
cbd,CBD distance,primary,1,poa,Postcode,3,apartment,Apartment,2,sa4,SA4,3,full,649,-0.262269979385207,-0.195894310475972,0.0663756689092349
cbd,CBD distance,primary,1,poa,Postcode,3,apartment,Apartment,2,sa4,SA4,3,full,650,-0.236918828826651,-0.176385107628509,0.0605337211981422
cbd,CBD distance,primary,1,poa,Postcode,3,apartment,Apartment,2,sa4,SA4,3,full,651,-0.280634127771633,-0.129224991282054,0.151409136489579
cbd,CBD distance,primary,1,poa,Postcode,3,apartment,Apartment,2,sa4,SA4,3,full,652,-0.241000995871791,-0.122029336371372,0.118971659500419
cbd,CBD distance,primary,1,poa,Postcode,3,apartment,Apartment,2,sa4,SA4,3,full,653,-0.306480828406426,-0.21183995558825,0.0946408728181768
cbd,CBD distance,primary,1,poa,Postcode,3,apartment,Apartment,2,sa4,SA4,3,full,654,-0.287295958558237,-0.150993685037879,0.136302273520358
cbd,CBD distance,primary,1,poa,Postcode,3,apartment,Apartment,2,sa4,SA4,3,full,655,-0.272075550394955,-0.210262936323649,0.0618126140713055
cbd,CBD distance,primary,1,poa,Postcode,3,apartment,Apartment,2,sa4,SA4,3,full,656,-0.234517317366413,-0.103792807068338,0.130724510298075
cbd,CBD distance,primary,1,poa,Postcode,3,apartment,Apartment,2,sa4,SA4,3,full,657,-0.278861777935495,-0.134343010611736,0.144518767323759
cbd,CBD distance,primary,1,poa,Postcode,3,apartment,Apartment,2,sa4,SA4,3,full,658,-0.260205019116697,-0.101134291741847,0.15907072737485
cbd,CBD distance,primary,1,poa,Postcode,3,apartment,Apartment,2,sa4,SA4,3,full,659,-0.298484712569594,-0.207016101866012,0.091468610703582
cbd,CBD distance,primary,1,poa,Postcode,3,apartment,Apartment,2,sa4,SA4,3,full,660,-0.284604213451995,-0.207031215216,0.0775729982359952
cbd,CBD distance,primary,1,poa,Postcode,3,apartment,Apartment,2,sa4,SA4,3,full,661,-0.262639456301135,-0.11636897000922,0.146270486291915
cbd,CBD distance,primary,1,poa,Postcode,3,apartment,Apartment,2,sa4,SA4,3,full,662,-0.278497070724858,-0.192636457452196,0.0858606132726619
cbd,CBD distance,primary,1,poa,Postcode,3,apartment,Apartment,2,sa4,SA4,3,full,663,-0.242600914885804,-0.191106258747125,0.0514946561386792
cbd,CBD distance,primary,1,poa,Postcode,3,apartment,Apartment,2,sa4,SA4,3,full,664,-0.221160539757472,-0.173622201848801,0.0475383379086711
cbd,CBD distance,primary,1,poa,Postcode,3,apartment,Apartment,2,sa4,SA4,3,full,665,-0.299362069698311,-0.209556129594142,0.0898059401041696
cbd,CBD distance,primary,1,poa,Postcode,3,apartment,Apartment,2,sa4,SA4,3,full,666,-0.31386538564398,-0.144233367311335,0.169632018332645
cbd,CBD distance,primary,1,poa,Postcode,3,apartment,Apartment,2,sa4,SA4,3,full,667,-0.247807810080271,-0.115998388218001,0.13180942186227
cbd,CBD distance,primary,1,poa,Postcode,3,apartment,Apartment,2,sa4,SA4,3,full,668,-0.24200348739546,-0.114647143323278,0.127356344072182
cbd,CBD distance,primary,1,poa,Postcode,3,apartment,Apartment,2,sa4,SA4,3,full,669,-0.259326428837829,-0.126367948404673,0.132958480433156
cbd,CBD distance,primary,1,poa,Postcode,3,apartment,Apartment,2,sa4,SA4,3,full,670,-0.294619833583325,-0.212226550649985,0.0823932829333403
cbd,CBD distance,primary,1,poa,Postcode,3,apartment,Apartment,2,sa4,SA4,3,full,671,-0.281416316996446,-0.215167451250859,0.0662488657455871
cbd,CBD distance,primary,1,poa,Postcode,3,apartment,Apartment,2,sa4,SA4,3,full,672,-0.286247440062022,-0.134671720873593,0.151575719188429
cbd,CBD distance,primary,1,poa,Postcode,3,apartment,Apartment,2,sa4,SA4,3,full,673,-0.309530998739265,-0.230398822625283,0.0791321761139812
cbd,CBD distance,primary,1,poa,Postcode,3,apartment,Apartment,2,sa4,SA4,3,full,674,-0.246540669489984,-0.187653820686348,0.058886848803636
cbd,CBD distance,primary,1,poa,Postcode,3,apartment,Apartment,2,sa4,SA4,3,full,675,-0.251874691523039,-0.182152639936719,0.0697220515863202
cbd,CBD distance,primary,1,poa,Postcode,3,apartment,Apartment,2,sa4,SA4,3,full,676,-0.30431334670103,-0.136380309747599,0.167933036953431
cbd,CBD distance,primary,1,poa,Postcode,3,apartment,Apartment,2,sa4,SA4,3,full,677,-0.257984547129452,-0.113278947549126,0.144705599580325
cbd,CBD distance,primary,1,poa,Postcode,3,apartment,Apartment,2,sa4,SA4,3,full,678,-0.258428747187088,-0.114870391892823,0.143558355294265
cbd,CBD distance,primary,1,poa,Postcode,3,apartment,Apartment,2,sa4,SA4,3,full,679,-0.232855397802934,-0.182447870450537,0.0504075273523971
cbd,CBD distance,primary,1,poa,Postcode,3,apartment,Apartment,2,sa4,SA4,3,full,680,-0.273424538483144,-0.204896359380262,0.0685281791028819
cbd,CBD distance,primary,1,poa,Postcode,3,apartment,Apartment,2,sa4,SA4,3,full,681,-0.200405327592856,-0.177402703492926,0.0230026240999299
cbd,CBD distance,primary,1,poa,Postcode,3,apartment,Apartment,2,sa4,SA4,3,full,682,-0.261381620155165,-0.186637068939981,0.074744551215184
cbd,CBD distance,primary,1,poa,Postcode,3,apartment,Apartment,2,sa4,SA4,3,full,683,-0.249303853938807,-0.104642871439968,0.144660982498839
cbd,CBD distance,primary,1,poa,Postcode,3,apartment,Apartment,2,sa4,SA4,3,full,684,-0.286655362667469,-0.132114452935887,0.154540909731582
cbd,CBD distance,primary,1,poa,Postcode,3,apartment,Apartment,2,sa4,SA4,3,full,685,-0.318427207369106,-0.14315983173341,0.175267375635696
cbd,CBD distance,primary,1,poa,Postcode,3,apartment,Apartment,2,sa4,SA4,3,full,686,-0.287179198404418,-0.137019950932818,0.1501592474716
cbd,CBD distance,primary,1,poa,Postcode,3,apartment,Apartment,2,sa4,SA4,3,full,687,-0.28243368208682,-0.203367669785376,0.0790660123014438
cbd,CBD distance,primary,1,poa,Postcode,3,apartment,Apartment,2,sa4,SA4,3,full,688,-0.291533226900427,-0.215938437659837,0.0755947892405904
cbd,CBD distance,primary,1,poa,Postcode,3,apartment,Apartment,2,sa4,SA4,3,full,689,-0.222941784957944,-0.108926027649281,0.114015757308662
cbd,CBD distance,primary,1,poa,Postcode,3,apartment,Apartment,2,sa4,SA4,3,full,690,-0.249198988094873,-0.199153302192185,0.0500456859026875
cbd,CBD distance,primary,1,poa,Postcode,3,apartment,Apartment,2,sa4,SA4,3,full,691,-0.290239305194189,-0.127541614304624,0.162697690889565
cbd,CBD distance,primary,1,poa,Postcode,3,apartment,Apartment,2,sa4,SA4,3,full,692,-0.247382078494089,-0.11010455250725,0.137277525986839
cbd,CBD distance,primary,1,poa,Postcode,3,apartment,Apartment,2,sa4,SA4,3,full,693,-0.233287499472029,-0.117851881008688,0.115435618463341
cbd,CBD distance,primary,1,poa,Postcode,3,apartment,Apartment,2,sa4,SA4,3,full,694,-0.321539922399031,-0.230421404279283,0.0911185181197484
cbd,CBD distance,primary,1,poa,Postcode,3,apartment,Apartment,2,sa4,SA4,3,full,695,-0.291871943369772,-0.141061883677172,0.150810059692599
cbd,CBD distance,primary,1,poa,Postcode,3,apartment,Apartment,2,sa4,SA4,3,full,696,-0.20172602844189,-0.17036407297846,0.0313619554634303
cbd,CBD distance,primary,1,poa,Postcode,3,apartment,Apartment,2,sa4,SA4,3,full,697,-0.299342234999889,-0.2139146875734,0.085427547426489
cbd,CBD distance,primary,1,poa,Postcode,3,apartment,Apartment,2,sa4,SA4,3,full,698,-0.269041645698606,-0.210520672520633,0.0585209731779735
cbd,CBD distance,primary,1,poa,Postcode,3,apartment,Apartment,2,sa4,SA4,3,full,699,-0.289872234659784,-0.20866724467356,0.081204989986224
cbd,CBD distance,primary,1,poa,Postcode,3,apartment,Apartment,2,sa4,SA4,3,full,700,-0.24438404490244,-0.104736883991009,0.13964716091143
cbd,CBD distance,primary,1,poa,Postcode,3,apartment,Apartment,2,sa4,SA4,3,full,701,-0.297712492670186,-0.1333075107605,0.164404981909685
cbd,CBD distance,primary,1,poa,Postcode,3,apartment,Apartment,2,sa4,SA4,3,full,702,-0.310617977726057,-0.220100261761901,0.0905177159641565
cbd,CBD distance,primary,1,poa,Postcode,3,apartment,Apartment,2,sa4,SA4,3,full,703,-0.291084985607135,-0.202338678656078,0.088746306951057
cbd,CBD distance,primary,1,poa,Postcode,3,apartment,Apartment,2,sa4,SA4,3,full,704,-0.234485649162523,-0.179986794506448,0.0544988546560751
cbd,CBD distance,primary,1,poa,Postcode,3,apartment,Apartment,2,sa4,SA4,3,full,705,-0.248179979817686,-0.193164116490122,0.0550158633275641
cbd,CBD distance,primary,1,poa,Postcode,3,apartment,Apartment,2,sa4,SA4,3,full,706,-0.310752801757115,-0.143220926550922,0.167531875206193
cbd,CBD distance,primary,1,poa,Postcode,3,apartment,Apartment,2,sa4,SA4,3,full,707,-0.227077390060191,-0.101480244964414,0.125597145095777
cbd,CBD distance,primary,1,poa,Postcode,3,apartment,Apartment,2,sa4,SA4,3,full,708,-0.301734686804726,-0.144138799479453,0.157595887325272
cbd,CBD distance,primary,1,poa,Postcode,3,apartment,Apartment,2,sa4,SA4,3,full,709,-0.288337573745836,-0.222539691956242,0.0657978817895944
cbd,CBD distance,primary,1,poa,Postcode,3,apartment,Apartment,2,sa4,SA4,3,full,710,-0.301927305723882,-0.143551752548322,0.15837555317556
cbd,CBD distance,primary,1,poa,Postcode,3,apartment,Apartment,2,sa4,SA4,3,full,711,-0.252412382701844,-0.201096339926428,0.0513160427754162
cbd,CBD distance,primary,1,poa,Postcode,3,apartment,Apartment,2,sa4,SA4,3,full,712,-0.252460444397947,-0.123173103998466,0.129287340399481
cbd,CBD distance,primary,1,poa,Postcode,3,apartment,Apartment,2,sa4,SA4,3,full,713,-0.273965622181807,-0.117318294982755,0.156647327199051
cbd,CBD distance,primary,1,poa,Postcode,3,apartment,Apartment,2,sa4,SA4,3,full,714,-0.269295539123165,-0.122789932874454,0.146505606248711
cbd,CBD distance,primary,1,poa,Postcode,3,apartment,Apartment,2,sa4,SA4,3,full,715,-0.29511179821302,-0.14204245159229,0.15306934662073
cbd,CBD distance,primary,1,poa,Postcode,3,apartment,Apartment,2,sa4,SA4,3,full,716,-0.280649844334305,-0.13590867382194,0.144741170512365
cbd,CBD distance,primary,1,poa,Postcode,3,apartment,Apartment,2,sa4,SA4,3,full,717,-0.306909056929906,-0.221857519575575,0.0850515373543313
cbd,CBD distance,primary,1,poa,Postcode,3,apartment,Apartment,2,sa4,SA4,3,full,718,-0.266108034170261,-0.202802137945249,0.0633058962250118
cbd,CBD distance,primary,1,poa,Postcode,3,apartment,Apartment,2,sa4,SA4,3,full,719,-0.283322936565147,-0.214352673998419,0.0689702625667279
cbd,CBD distance,primary,1,poa,Postcode,3,apartment,Apartment,2,sa4,SA4,3,full,720,-0.229226370199016,-0.183152937788178,0.0460734324108378
cbd,CBD distance,primary,1,poa,Postcode,3,apartment,Apartment,2,sa4,SA4,3,full,721,-0.256827345996367,-0.132951936703032,0.123875409293335
cbd,CBD distance,primary,1,poa,Postcode,3,apartment,Apartment,2,sa4,SA4,3,full,722,-0.270709921896035,-0.207521810527259,0.0631881113687764
cbd,CBD distance,primary,1,poa,Postcode,3,apartment,Apartment,2,sa4,SA4,3,full,723,-0.266759169777321,-0.120789360630507,0.145969809146814
cbd,CBD distance,primary,1,poa,Postcode,3,apartment,Apartment,2,sa4,SA4,3,full,724,-0.266568780999855,-0.116928285896303,0.149640495103551
cbd,CBD distance,primary,1,poa,Postcode,3,apartment,Apartment,2,sa4,SA4,3,full,725,-0.279742531404379,-0.143022114145282,0.136720417259097
cbd,CBD distance,primary,1,poa,Postcode,3,apartment,Apartment,2,sa4,SA4,3,full,726,-0.266128657545635,-0.202089836499288,0.064038821046347
cbd,CBD distance,primary,1,poa,Postcode,3,apartment,Apartment,2,sa4,SA4,3,full,727,-0.275252610546844,-0.127345682082774,0.14790692846407
cbd,CBD distance,primary,1,poa,Postcode,3,apartment,Apartment,2,sa4,SA4,3,full,728,-0.226404700511162,-0.165289326064713,0.0611153744464489
cbd,CBD distance,primary,1,poa,Postcode,3,apartment,Apartment,2,sa4,SA4,3,full,729,-0.282591293296408,-0.200609565021651,0.0819817282747561
cbd,CBD distance,primary,1,poa,Postcode,3,apartment,Apartment,2,sa4,SA4,3,full,730,-0.269577513080448,-0.197795773949739,0.0717817391307083
cbd,CBD distance,primary,1,poa,Postcode,3,apartment,Apartment,2,sa4,SA4,3,full,731,-0.297358410947276,-0.144266338432842,0.153092072514434
cbd,CBD distance,primary,1,poa,Postcode,3,apartment,Apartment,2,sa4,SA4,3,full,732,-0.34633630355145,-0.159994210398544,0.186342093152905
cbd,CBD distance,primary,1,poa,Postcode,3,apartment,Apartment,2,sa4,SA4,3,full,733,-0.25272935781595,-0.184822849624264,0.0679065081916853
cbd,CBD distance,primary,1,poa,Postcode,3,apartment,Apartment,2,sa4,SA4,3,full,734,-0.279263728365829,-0.207086641531637,0.0721770868341926
cbd,CBD distance,primary,1,poa,Postcode,3,apartment,Apartment,2,sa4,SA4,3,full,735,-0.273367481370094,-0.125618591899851,0.147748889470243
cbd,CBD distance,primary,1,poa,Postcode,3,apartment,Apartment,2,sa4,SA4,3,full,736,-0.276878816719851,-0.207879140244364,0.0689996764754873
cbd,CBD distance,primary,1,poa,Postcode,3,apartment,Apartment,2,sa4,SA4,3,full,737,-0.325402140762714,-0.220904007481377,0.104498133281337
cbd,CBD distance,primary,1,poa,Postcode,3,apartment,Apartment,2,sa4,SA4,3,full,738,-0.250473645316789,-0.122896561368755,0.127577083948033
cbd,CBD distance,primary,1,poa,Postcode,3,apartment,Apartment,2,sa4,SA4,3,full,739,-0.240650299534483,-0.0979659208119089,0.142684378722574
cbd,CBD distance,primary,1,poa,Postcode,3,apartment,Apartment,2,sa4,SA4,3,full,740,-0.271673575137789,-0.195837438640229,0.0758361364975602
cbd,CBD distance,primary,1,poa,Postcode,3,apartment,Apartment,2,sa4,SA4,3,full,741,-0.271962198646001,-0.121930938440314,0.150031260205687
cbd,CBD distance,primary,1,poa,Postcode,3,apartment,Apartment,2,sa4,SA4,3,full,742,-0.220212633629405,-0.16906179372638,0.0511508399030244
cbd,CBD distance,primary,1,poa,Postcode,3,apartment,Apartment,2,sa4,SA4,3,full,743,-0.257556841403449,-0.119769445484991,0.137787395918457
cbd,CBD distance,primary,1,poa,Postcode,3,apartment,Apartment,2,sa4,SA4,3,full,744,-0.271129273978546,-0.185946675650747,0.0851825983277995
cbd,CBD distance,primary,1,poa,Postcode,3,apartment,Apartment,2,sa4,SA4,3,full,745,-0.269814318921553,-0.205168781784041,0.0646455371375121
cbd,CBD distance,primary,1,poa,Postcode,3,apartment,Apartment,2,sa4,SA4,3,full,746,-0.263764209262453,-0.113451889978803,0.15031231928365
cbd,CBD distance,primary,1,poa,Postcode,3,apartment,Apartment,2,sa4,SA4,3,full,747,-0.275148690328059,-0.202767115477124,0.0723815748509347
cbd,CBD distance,primary,1,poa,Postcode,3,apartment,Apartment,2,sa4,SA4,3,full,748,-0.269843504538655,-0.116307933194481,0.153535571344173
cbd,CBD distance,primary,1,poa,Postcode,3,apartment,Apartment,2,sa4,SA4,3,full,749,-0.251337135959298,-0.188031819242052,0.0633053167172462
cbd,CBD distance,primary,1,poa,Postcode,3,apartment,Apartment,2,sa4,SA4,3,full,750,-0.26649165418907,-0.18729745599084,0.0791941981982296
cbd,CBD distance,primary,1,poa,Postcode,3,apartment,Apartment,2,sa4,SA4,3,full,751,-0.265502330185074,-0.197381424379681,0.068120905805393
cbd,CBD distance,primary,1,poa,Postcode,3,apartment,Apartment,2,sa4,SA4,3,full,752,-0.290373610797965,-0.207550810104044,0.082822800693921
cbd,CBD distance,primary,1,poa,Postcode,3,apartment,Apartment,2,sa4,SA4,3,full,753,-0.254028991880597,-0.187801345660837,0.0662276462197592
cbd,CBD distance,primary,1,poa,Postcode,3,apartment,Apartment,2,sa4,SA4,3,full,754,-0.255725684527613,-0.117765341688803,0.13796034283881
cbd,CBD distance,primary,1,poa,Postcode,3,apartment,Apartment,2,sa4,SA4,3,full,755,-0.285833828983153,-0.200983220566772,0.0848506084163805
cbd,CBD distance,primary,1,poa,Postcode,3,apartment,Apartment,2,sa4,SA4,3,full,756,-0.262873178764097,-0.205151847205864,0.0577213315582337
cbd,CBD distance,primary,1,poa,Postcode,3,apartment,Apartment,2,sa4,SA4,3,full,757,-0.259566965417165,-0.117905995129904,0.141660970287261
cbd,CBD distance,primary,1,poa,Postcode,3,apartment,Apartment,2,sa4,SA4,3,full,758,-0.254372361099326,-0.110116054988411,0.144256306110915
cbd,CBD distance,primary,1,poa,Postcode,3,apartment,Apartment,2,sa4,SA4,3,full,759,-0.247616400838221,-0.182419100387543,0.0651973004506788
cbd,CBD distance,primary,1,poa,Postcode,3,apartment,Apartment,2,sa4,SA4,3,full,760,-0.255123323466344,-0.13407983284128,0.121043490625063
cbd,CBD distance,primary,1,poa,Postcode,3,apartment,Apartment,2,sa4,SA4,3,full,761,-0.295438243162065,-0.211664121108534,0.0837741220535306
cbd,CBD distance,primary,1,poa,Postcode,3,apartment,Apartment,2,sa4,SA4,3,full,762,-0.299726743586491,-0.210634012316798,0.089092731269692
cbd,CBD distance,primary,1,poa,Postcode,3,apartment,Apartment,2,sa4,SA4,3,full,763,-0.261814835498789,-0.194297521114191,0.0675173143845979
cbd,CBD distance,primary,1,poa,Postcode,3,apartment,Apartment,2,sa4,SA4,3,full,764,-0.21883327670955,-0.109626100175864,0.109207176533686
cbd,CBD distance,primary,1,poa,Postcode,3,apartment,Apartment,2,sa4,SA4,3,full,765,-0.31701417803608,-0.14398486894716,0.17302930908892
cbd,CBD distance,primary,1,poa,Postcode,3,apartment,Apartment,2,sa4,SA4,3,full,766,-0.268613782481912,-0.198438521783894,0.0701752606980184
cbd,CBD distance,primary,1,poa,Postcode,3,apartment,Apartment,2,sa4,SA4,3,full,767,-0.259136290097442,-0.127470046550444,0.131666243546998
cbd,CBD distance,primary,1,poa,Postcode,3,apartment,Apartment,2,sa4,SA4,3,full,768,-0.264140725233802,-0.204850158573833,0.0592905666599694
cbd,CBD distance,primary,1,poa,Postcode,3,apartment,Apartment,2,sa4,SA4,3,full,769,-0.245174995405263,-0.118419771607614,0.126755223797649
cbd,CBD distance,primary,1,poa,Postcode,3,apartment,Apartment,2,sa4,SA4,3,full,770,-0.233162813074783,-0.18679715785844,0.0463656552163436
cbd,CBD distance,primary,1,poa,Postcode,3,apartment,Apartment,2,sa4,SA4,3,full,771,-0.237514386131452,-0.112912064764251,0.124602321367201
cbd,CBD distance,primary,1,poa,Postcode,3,apartment,Apartment,2,sa4,SA4,3,full,772,-0.299119565355319,-0.226806648760915,0.0723129165944033
cbd,CBD distance,primary,1,poa,Postcode,3,apartment,Apartment,2,sa4,SA4,3,full,773,-0.271540522518469,-0.119654833228389,0.15188568929008
cbd,CBD distance,primary,1,poa,Postcode,3,apartment,Apartment,2,sa4,SA4,3,full,774,-0.33286165773281,-0.220508996976654,0.112352660756157
cbd,CBD distance,primary,1,poa,Postcode,3,apartment,Apartment,2,sa4,SA4,3,full,775,-0.297893379840866,-0.124310705076885,0.173582674763981
cbd,CBD distance,primary,1,poa,Postcode,3,apartment,Apartment,2,sa4,SA4,3,full,776,-0.279326268415199,-0.121927527918906,0.157398740496293
cbd,CBD distance,primary,1,poa,Postcode,3,apartment,Apartment,2,sa4,SA4,3,full,777,-0.298399186311876,-0.13625963487909,0.162139551432787
cbd,CBD distance,primary,1,poa,Postcode,3,apartment,Apartment,2,sa4,SA4,3,full,778,-0.246634062428267,-0.122730083944756,0.12390397848351
cbd,CBD distance,primary,1,poa,Postcode,3,apartment,Apartment,2,sa4,SA4,3,full,779,-0.254750103766839,-0.201617156371273,0.0531329473955659
cbd,CBD distance,primary,1,poa,Postcode,3,apartment,Apartment,2,sa4,SA4,3,full,780,-0.239758219505032,-0.11029441026947,0.129463809235562
cbd,CBD distance,primary,1,poa,Postcode,3,apartment,Apartment,2,sa4,SA4,3,full,781,-0.239468898210839,-0.107529813071895,0.131939085138944
cbd,CBD distance,primary,1,poa,Postcode,3,apartment,Apartment,2,sa4,SA4,3,full,782,-0.269499936402113,-0.19911351652861,0.0703864198735036
cbd,CBD distance,primary,1,poa,Postcode,3,apartment,Apartment,2,sa4,SA4,3,full,783,-0.252173264753411,-0.120676299678706,0.131496965074705
cbd,CBD distance,primary,1,poa,Postcode,3,apartment,Apartment,2,sa4,SA4,3,full,784,-0.259106607284161,-0.195611708479007,0.0634948988051538
cbd,CBD distance,primary,1,poa,Postcode,3,apartment,Apartment,2,sa4,SA4,3,full,785,-0.292681958680648,-0.129176195262932,0.163505763417716
cbd,CBD distance,primary,1,poa,Postcode,3,apartment,Apartment,2,sa4,SA4,3,full,786,-0.30388746490577,-0.212186494085879,0.0917009708198912
cbd,CBD distance,primary,1,poa,Postcode,3,apartment,Apartment,2,sa4,SA4,3,full,787,-0.24813970407318,-0.164211520666145,0.0839281834070345
cbd,CBD distance,primary,1,poa,Postcode,3,apartment,Apartment,2,sa4,SA4,3,full,788,-0.262599782530169,-0.201345331090403,0.0612544514397662
cbd,CBD distance,primary,1,poa,Postcode,3,apartment,Apartment,2,sa4,SA4,3,full,789,-0.25819018544613,-0.122672977363645,0.135517208082485
cbd,CBD distance,primary,1,poa,Postcode,3,apartment,Apartment,2,sa4,SA4,3,full,790,-0.280239849546785,-0.141471974778813,0.138767874767972
cbd,CBD distance,primary,1,poa,Postcode,3,apartment,Apartment,2,sa4,SA4,3,full,791,-0.243171665779687,-0.194357680915084,0.0488139848646025
cbd,CBD distance,primary,1,poa,Postcode,3,apartment,Apartment,2,sa4,SA4,3,full,792,-0.216009604745095,-0.0974711920316336,0.118538412713461
cbd,CBD distance,primary,1,poa,Postcode,3,apartment,Apartment,2,sa4,SA4,3,full,793,-0.279615202091692,-0.123443847135118,0.156171354956573
cbd,CBD distance,primary,1,poa,Postcode,3,apartment,Apartment,2,sa4,SA4,3,full,794,-0.259558962892153,-0.126253824903948,0.133305137988205
cbd,CBD distance,primary,1,poa,Postcode,3,apartment,Apartment,2,sa4,SA4,3,full,795,-0.273743925578927,-0.203644191767194,0.0700997338117339
cbd,CBD distance,primary,1,poa,Postcode,3,apartment,Apartment,2,sa4,SA4,3,full,796,-0.239962277460327,-0.181950039840388,0.0580122376199392
cbd,CBD distance,primary,1,poa,Postcode,3,apartment,Apartment,2,sa4,SA4,3,full,797,-0.230523297681392,-0.100173728903854,0.130349568777538
cbd,CBD distance,primary,1,poa,Postcode,3,apartment,Apartment,2,sa4,SA4,3,full,798,-0.257756447616711,-0.19717524819346,0.0605811994232514
cbd,CBD distance,primary,1,poa,Postcode,3,apartment,Apartment,2,sa4,SA4,3,full,799,-0.291282944980284,-0.137755724099087,0.153527220881197
cbd,CBD distance,primary,1,poa,Postcode,3,apartment,Apartment,2,sa4,SA4,3,full,800,-0.29689186672046,-0.148755925266181,0.148135941454279
cbd,CBD distance,primary,1,poa,Postcode,3,apartment,Apartment,2,sa4,SA4,3,full,801,-0.26617384029305,-0.126245246924271,0.139928593368779
cbd,CBD distance,primary,1,poa,Postcode,3,apartment,Apartment,2,sa4,SA4,3,full,802,-0.32137441026173,-0.224288578629875,0.0970858316318544
cbd,CBD distance,primary,1,poa,Postcode,3,apartment,Apartment,2,sa4,SA4,3,full,803,-0.293270114326233,-0.128532471597646,0.164737642728587
cbd,CBD distance,primary,1,poa,Postcode,3,apartment,Apartment,2,sa4,SA4,3,full,804,-0.227830477483159,-0.174691132923808,0.0531393445593512
cbd,CBD distance,primary,1,poa,Postcode,3,apartment,Apartment,2,sa4,SA4,3,full,805,-0.267999417578019,-0.126677756238183,0.141321661339836
cbd,CBD distance,primary,1,poa,Postcode,3,apartment,Apartment,2,sa4,SA4,3,full,806,-0.286041706960757,-0.208742292658606,0.0772994143021514
cbd,CBD distance,primary,1,poa,Postcode,3,apartment,Apartment,2,sa4,SA4,3,full,807,-0.262137675816524,-0.213312784531885,0.048824891284639
cbd,CBD distance,primary,1,poa,Postcode,3,apartment,Apartment,2,sa4,SA4,3,full,808,-0.33373744282556,-0.156665231503225,0.177072211322335
cbd,CBD distance,primary,1,poa,Postcode,3,apartment,Apartment,2,sa4,SA4,3,full,809,-0.282808670408012,-0.128488055548188,0.154320614859824
cbd,CBD distance,primary,1,poa,Postcode,3,apartment,Apartment,2,sa4,SA4,3,full,810,-0.237662744922754,-0.0951973513438268,0.142465393578927
cbd,CBD distance,primary,1,poa,Postcode,3,apartment,Apartment,2,sa4,SA4,3,full,811,-0.286846494612282,-0.14187934191851,0.144967152693772
cbd,CBD distance,primary,1,poa,Postcode,3,apartment,Apartment,2,sa4,SA4,3,full,812,-0.265775334369556,-0.198719771506149,0.0670555628634069
cbd,CBD distance,primary,1,poa,Postcode,3,apartment,Apartment,2,sa4,SA4,3,full,813,-0.271597277731761,-0.193440897028112,0.0781563807036494
cbd,CBD distance,primary,1,poa,Postcode,3,apartment,Apartment,2,sa4,SA4,3,full,814,-0.288662785265124,-0.134116041478524,0.154546743786601
cbd,CBD distance,primary,1,poa,Postcode,3,apartment,Apartment,2,sa4,SA4,3,full,815,-0.336712428720811,-0.155132064952421,0.18158036376839
cbd,CBD distance,primary,1,poa,Postcode,3,apartment,Apartment,2,sa4,SA4,3,full,816,-0.285233808100944,-0.123925464786055,0.161308343314888
cbd,CBD distance,primary,1,poa,Postcode,3,apartment,Apartment,2,sa4,SA4,3,full,817,-0.300592470343879,-0.231016781065941,0.0695756892779381
cbd,CBD distance,primary,1,poa,Postcode,3,apartment,Apartment,2,sa4,SA4,3,full,818,-0.319885185786044,-0.140278045589178,0.179607140196866
cbd,CBD distance,primary,1,poa,Postcode,3,apartment,Apartment,2,sa4,SA4,3,full,819,-0.263416505377136,-0.202912533403503,0.0605039719736333
cbd,CBD distance,primary,1,poa,Postcode,3,apartment,Apartment,2,sa4,SA4,3,full,820,-0.239761848547678,-0.191986794512929,0.0477750540347486
cbd,CBD distance,primary,1,poa,Postcode,3,apartment,Apartment,2,sa4,SA4,3,full,821,-0.233113049367062,-0.169318649532795,0.0637943998342667
cbd,CBD distance,primary,1,poa,Postcode,3,apartment,Apartment,2,sa4,SA4,3,full,822,-0.269506053852043,-0.209725937885417,0.0597801159666261
cbd,CBD distance,primary,1,poa,Postcode,3,apartment,Apartment,2,sa4,SA4,3,full,823,-0.280949055908565,-0.206987085432476,0.0739619704760889
cbd,CBD distance,primary,1,poa,Postcode,3,apartment,Apartment,2,sa4,SA4,3,full,824,-0.293540663190845,-0.139669754012423,0.153870909178422
cbd,CBD distance,primary,1,poa,Postcode,3,apartment,Apartment,2,sa4,SA4,3,full,825,-0.307419424548246,-0.14405810838337,0.163361316164876
cbd,CBD distance,primary,1,poa,Postcode,3,apartment,Apartment,2,sa4,SA4,3,full,826,-0.240045431126952,-0.105283754238195,0.134761676888758
cbd,CBD distance,primary,1,poa,Postcode,3,apartment,Apartment,2,sa4,SA4,3,full,827,-0.27562483108322,-0.201708710363545,0.0739161207196749
cbd,CBD distance,primary,1,poa,Postcode,3,apartment,Apartment,2,sa4,SA4,3,full,828,-0.257108048857865,-0.205447320555091,0.0516607283027741
cbd,CBD distance,primary,1,poa,Postcode,3,apartment,Apartment,2,sa4,SA4,3,full,829,-0.298934178408303,-0.227048570183856,0.0718856082244464
cbd,CBD distance,primary,1,poa,Postcode,3,apartment,Apartment,2,sa4,SA4,3,full,830,-0.290243768679193,-0.208628364059226,0.0816154046199668
cbd,CBD distance,primary,1,poa,Postcode,3,apartment,Apartment,2,sa4,SA4,3,full,831,-0.265324280521067,-0.200503290398664,0.0648209901224028
cbd,CBD distance,primary,1,poa,Postcode,3,apartment,Apartment,2,sa4,SA4,3,full,832,-0.261179233736265,-0.111028966597998,0.150150267138267
cbd,CBD distance,primary,1,poa,Postcode,3,apartment,Apartment,2,sa4,SA4,3,full,833,-0.253659204270415,-0.120235995597719,0.133423208672696
cbd,CBD distance,primary,1,poa,Postcode,3,apartment,Apartment,2,sa4,SA4,3,full,834,-0.274274029535413,-0.203691237379311,0.0705827921561021
cbd,CBD distance,primary,1,poa,Postcode,3,apartment,Apartment,2,sa4,SA4,3,full,835,-0.25431613596778,-0.19949351695224,0.0548226190155391
cbd,CBD distance,primary,1,poa,Postcode,3,apartment,Apartment,2,sa4,SA4,3,full,836,-0.30738378619523,-0.226268918277465,0.0811148679177645
cbd,CBD distance,primary,1,poa,Postcode,3,apartment,Apartment,2,sa4,SA4,3,full,837,-0.290368562349822,-0.132373257313216,0.157995305036606
cbd,CBD distance,primary,1,poa,Postcode,3,apartment,Apartment,2,sa4,SA4,3,full,838,-0.300249005038367,-0.146414598068179,0.153834406970189
cbd,CBD distance,primary,1,poa,Postcode,3,apartment,Apartment,2,sa4,SA4,3,full,839,-0.277167101359793,-0.215197072892145,0.0619700284676477
cbd,CBD distance,primary,1,poa,Postcode,3,apartment,Apartment,2,sa4,SA4,3,full,840,-0.285244669089122,-0.131978855538459,0.153265813550663
cbd,CBD distance,primary,1,poa,Postcode,3,apartment,Apartment,2,sa4,SA4,3,full,841,-0.230175377118333,-0.184627224326627,0.0455481527917056
cbd,CBD distance,primary,1,poa,Postcode,3,apartment,Apartment,2,sa4,SA4,3,full,842,-0.257757649491645,-0.201512344280189,0.0562453052114553
cbd,CBD distance,primary,1,poa,Postcode,3,apartment,Apartment,2,sa4,SA4,3,full,843,-0.289816182053196,-0.129343955381002,0.160472226672194
cbd,CBD distance,primary,1,poa,Postcode,3,apartment,Apartment,2,sa4,SA4,3,full,844,-0.255565163257632,-0.189146637338864,0.0664185259187676
cbd,CBD distance,primary,1,poa,Postcode,3,apartment,Apartment,2,sa4,SA4,3,full,845,-0.241562607036093,-0.112376582873101,0.129186024162992
cbd,CBD distance,primary,1,poa,Postcode,3,apartment,Apartment,2,sa4,SA4,3,full,846,-0.30032668166216,-0.146054745925569,0.154271935736591
cbd,CBD distance,primary,1,poa,Postcode,3,apartment,Apartment,2,sa4,SA4,3,full,847,-0.255009450740873,-0.197612708718105,0.0573967420227685
cbd,CBD distance,primary,1,poa,Postcode,3,apartment,Apartment,2,sa4,SA4,3,full,848,-0.22154554794998,-0.174733581801315,0.0468119661486653
cbd,CBD distance,primary,1,poa,Postcode,3,apartment,Apartment,2,sa4,SA4,3,full,849,-0.279475479482292,-0.215271703874047,0.0642037756082453
cbd,CBD distance,primary,1,poa,Postcode,3,apartment,Apartment,2,sa4,SA4,3,full,850,-0.247400260256125,-0.181013918891862,0.066386341364263
cbd,CBD distance,primary,1,poa,Postcode,3,apartment,Apartment,2,sa4,SA4,3,full,851,-0.296250628662021,-0.220366074690097,0.0758845539719231
cbd,CBD distance,primary,1,poa,Postcode,3,apartment,Apartment,2,sa4,SA4,3,full,852,-0.296587401221574,-0.133105724674333,0.163481676547241
cbd,CBD distance,primary,1,poa,Postcode,3,apartment,Apartment,2,sa4,SA4,3,full,853,-0.260555101383004,-0.123427505586288,0.137127595796715
cbd,CBD distance,primary,1,poa,Postcode,3,apartment,Apartment,2,sa4,SA4,3,full,854,-0.25385263727671,-0.120165835196993,0.133686802079717
cbd,CBD distance,primary,1,poa,Postcode,3,apartment,Apartment,2,sa4,SA4,3,full,855,-0.251222924683737,-0.118224376657121,0.132998548026616
cbd,CBD distance,primary,1,poa,Postcode,3,apartment,Apartment,2,sa4,SA4,3,full,856,-0.31324712214302,-0.220635470634274,0.0926116515087462
cbd,CBD distance,primary,1,poa,Postcode,3,apartment,Apartment,2,sa4,SA4,3,full,857,-0.277818147084359,-0.117022714671772,0.160795432412586
cbd,CBD distance,primary,1,poa,Postcode,3,apartment,Apartment,2,sa4,SA4,3,full,858,-0.308804357403689,-0.22851719875923,0.0802871586444594
cbd,CBD distance,primary,1,poa,Postcode,3,apartment,Apartment,2,sa4,SA4,3,full,859,-0.232052945114178,-0.180851041865046,0.0512019032491318
cbd,CBD distance,primary,1,poa,Postcode,3,apartment,Apartment,2,sa4,SA4,3,full,860,-0.241059871105379,-0.189011380413678,0.0520484906917011
cbd,CBD distance,primary,1,poa,Postcode,3,apartment,Apartment,2,sa4,SA4,3,full,861,-0.285069224322563,-0.130091060694009,0.154978163628554
cbd,CBD distance,primary,1,poa,Postcode,3,apartment,Apartment,2,sa4,SA4,3,full,862,-0.285558584254174,-0.127861500400657,0.157697083853517
cbd,CBD distance,primary,1,poa,Postcode,3,apartment,Apartment,2,sa4,SA4,3,full,863,-0.284071720837267,-0.131241295268379,0.152830425568888
cbd,CBD distance,primary,1,poa,Postcode,3,apartment,Apartment,2,sa4,SA4,3,full,864,-0.270883151173582,-0.195519389407856,0.0753637617657261
cbd,CBD distance,primary,1,poa,Postcode,3,apartment,Apartment,2,sa4,SA4,3,full,865,-0.29216180747065,-0.222561600166697,0.0696002073039535
cbd,CBD distance,primary,1,poa,Postcode,3,apartment,Apartment,2,sa4,SA4,3,full,866,-0.262787362485249,-0.112792907171518,0.149994455313731
cbd,CBD distance,primary,1,poa,Postcode,3,apartment,Apartment,2,sa4,SA4,3,full,867,-0.286323576051641,-0.213869963135716,0.0724536129159249
cbd,CBD distance,primary,1,poa,Postcode,3,apartment,Apartment,2,sa4,SA4,3,full,868,-0.275454133821197,-0.137686912312374,0.137767221508823
cbd,CBD distance,primary,1,poa,Postcode,3,apartment,Apartment,2,sa4,SA4,3,full,869,-0.326208646344431,-0.155840373987333,0.170368272357099
cbd,CBD distance,primary,1,poa,Postcode,3,apartment,Apartment,2,sa4,SA4,3,full,870,-0.247820143244143,-0.204164346666505,0.0436557965776375
cbd,CBD distance,primary,1,poa,Postcode,3,apartment,Apartment,2,sa4,SA4,3,full,871,-0.238774129300601,-0.182899044614636,0.0558750846859648
cbd,CBD distance,primary,1,poa,Postcode,3,apartment,Apartment,2,sa4,SA4,3,full,872,-0.25519981663022,-0.122266966229125,0.132932850401095
cbd,CBD distance,primary,1,poa,Postcode,3,apartment,Apartment,2,sa4,SA4,3,full,873,-0.268925905204572,-0.134476381160123,0.134449524044449
cbd,CBD distance,primary,1,poa,Postcode,3,apartment,Apartment,2,sa4,SA4,3,full,874,-0.311797726303001,-0.143748446059795,0.168049280243206
cbd,CBD distance,primary,1,poa,Postcode,3,apartment,Apartment,2,sa4,SA4,3,full,875,-0.310822853849382,-0.225792882764664,0.0850299710847186
cbd,CBD distance,primary,1,poa,Postcode,3,apartment,Apartment,2,sa4,SA4,3,full,876,-0.280679210914841,-0.135409159276107,0.145270051638733
cbd,CBD distance,primary,1,poa,Postcode,3,apartment,Apartment,2,sa4,SA4,3,full,877,-0.281939296215672,-0.136650106815304,0.145289189400369
cbd,CBD distance,primary,1,poa,Postcode,3,apartment,Apartment,2,sa4,SA4,3,full,878,-0.271906588454655,-0.189112241198115,0.0827943472565399
cbd,CBD distance,primary,1,poa,Postcode,3,apartment,Apartment,2,sa4,SA4,3,full,879,-0.2569480570408,-0.18427244003837,0.0726756170024299
cbd,CBD distance,primary,1,poa,Postcode,3,apartment,Apartment,2,sa4,SA4,3,full,880,-0.2485428764938,-0.192819234655881,0.0557236418379194
cbd,CBD distance,primary,1,poa,Postcode,3,apartment,Apartment,2,sa4,SA4,3,full,881,-0.27466124324646,-0.198069123971822,0.0765921192746373
cbd,CBD distance,primary,1,poa,Postcode,3,apartment,Apartment,2,sa4,SA4,3,full,882,-0.285361493451208,-0.217562720069739,0.0677987733814688
cbd,CBD distance,primary,1,poa,Postcode,3,apartment,Apartment,2,sa4,SA4,3,full,883,-0.293558772501647,-0.151602067107277,0.14195670539437
cbd,CBD distance,primary,1,poa,Postcode,3,apartment,Apartment,2,sa4,SA4,3,full,884,-0.267716942479674,-0.121718195466655,0.145998747013019
cbd,CBD distance,primary,1,poa,Postcode,3,apartment,Apartment,2,sa4,SA4,3,full,885,-0.242866250761132,-0.119579884360261,0.12328636640087
cbd,CBD distance,primary,1,poa,Postcode,3,apartment,Apartment,2,sa4,SA4,3,full,886,-0.20184271714793,-0.167830044609574,0.0340126725383556
cbd,CBD distance,primary,1,poa,Postcode,3,apartment,Apartment,2,sa4,SA4,3,full,887,-0.310051233761444,-0.147867441893251,0.162183791868193
cbd,CBD distance,primary,1,poa,Postcode,3,apartment,Apartment,2,sa4,SA4,3,full,888,-0.304773624210561,-0.227940695337716,0.0768329288728453
cbd,CBD distance,primary,1,poa,Postcode,3,apartment,Apartment,2,sa4,SA4,3,full,889,-0.285543493965719,-0.125686811923549,0.15985668204217
cbd,CBD distance,primary,1,poa,Postcode,3,apartment,Apartment,2,sa4,SA4,3,full,890,-0.227217422840734,-0.172550330724941,0.0546670921157934
cbd,CBD distance,primary,1,poa,Postcode,3,apartment,Apartment,2,sa4,SA4,3,full,891,-0.281103953810513,-0.208791711797837,0.0723122420126768
cbd,CBD distance,primary,1,poa,Postcode,3,apartment,Apartment,2,sa4,SA4,3,full,892,-0.313981303355361,-0.219650727362026,0.0943305759933351
cbd,CBD distance,primary,1,poa,Postcode,3,apartment,Apartment,2,sa4,SA4,3,full,893,-0.346816980054078,-0.167676662308075,0.179140317746002
cbd,CBD distance,primary,1,poa,Postcode,3,apartment,Apartment,2,sa4,SA4,3,full,894,-0.288173384886243,-0.206260857243141,0.081912527643102
cbd,CBD distance,primary,1,poa,Postcode,3,apartment,Apartment,2,sa4,SA4,3,full,895,-0.2615886350775,-0.19740215346222,0.06418648161528
cbd,CBD distance,primary,1,poa,Postcode,3,apartment,Apartment,2,sa4,SA4,3,full,896,-0.264025685896386,-0.126451693853958,0.137573992042428
cbd,CBD distance,primary,1,poa,Postcode,3,apartment,Apartment,2,sa4,SA4,3,full,897,-0.227137602672844,-0.0987162588774734,0.128421343795371
cbd,CBD distance,primary,1,poa,Postcode,3,apartment,Apartment,2,sa4,SA4,3,full,898,-0.27725244329687,-0.203344599236221,0.0739078440606493
cbd,CBD distance,primary,1,poa,Postcode,3,apartment,Apartment,2,sa4,SA4,3,full,899,-0.298068474371112,-0.22260236937043,0.0754661050006819
cbd,CBD distance,primary,1,poa,Postcode,3,apartment,Apartment,2,sa4,SA4,3,full,900,-0.302834709844212,-0.139593333152948,0.163241376691264
cbd,CBD distance,primary,1,poa,Postcode,3,apartment,Apartment,2,sa4,SA4,3,full,901,-0.268407038758786,-0.11988496519131,0.148522073567477
cbd,CBD distance,primary,1,poa,Postcode,3,apartment,Apartment,2,sa4,SA4,3,full,902,-0.244510737733091,-0.194558217439859,0.0499525202932321
cbd,CBD distance,primary,1,poa,Postcode,3,apartment,Apartment,2,sa4,SA4,3,full,903,-0.287586268438578,-0.202938592057262,0.0846476763813152
cbd,CBD distance,primary,1,poa,Postcode,3,apartment,Apartment,2,sa4,SA4,3,full,904,-0.273461378298482,-0.203904362564569,0.0695570157339128
cbd,CBD distance,primary,1,poa,Postcode,3,apartment,Apartment,2,sa4,SA4,3,full,905,-0.272048059132512,-0.208082510934794,0.0639655481977176
cbd,CBD distance,primary,1,poa,Postcode,3,apartment,Apartment,2,sa4,SA4,3,full,906,-0.294342824329975,-0.201719314283983,0.0926235100459923
cbd,CBD distance,primary,1,poa,Postcode,3,apartment,Apartment,2,sa4,SA4,3,full,907,-0.298542219849226,-0.138483379963981,0.160058839885244
cbd,CBD distance,primary,1,poa,Postcode,3,apartment,Apartment,2,sa4,SA4,3,full,908,-0.268735632567586,-0.213412963648096,0.0553226689194899
cbd,CBD distance,primary,1,poa,Postcode,3,apartment,Apartment,2,sa4,SA4,3,full,909,-0.237737445463415,-0.198332737240216,0.0394047082231988
cbd,CBD distance,primary,1,poa,Postcode,3,apartment,Apartment,2,sa4,SA4,3,full,910,-0.244956520133974,-0.119895678818757,0.125060841315217
cbd,CBD distance,primary,1,poa,Postcode,3,apartment,Apartment,2,sa4,SA4,3,full,911,-0.290178731842079,-0.139681944566894,0.150496787275185
cbd,CBD distance,primary,1,poa,Postcode,3,apartment,Apartment,2,sa4,SA4,3,full,912,-0.252175760621016,-0.187172591897885,0.0650031687231314
cbd,CBD distance,primary,1,poa,Postcode,3,apartment,Apartment,2,sa4,SA4,3,full,913,-0.290803310374439,-0.219329627221073,0.0714736831533656
cbd,CBD distance,primary,1,poa,Postcode,3,apartment,Apartment,2,sa4,SA4,3,full,914,-0.234883559748755,-0.17925438612523,0.0556291736235252
cbd,CBD distance,primary,1,poa,Postcode,3,apartment,Apartment,2,sa4,SA4,3,full,915,-0.302896457667072,-0.150846890574975,0.152049567092097
cbd,CBD distance,primary,1,poa,Postcode,3,apartment,Apartment,2,sa4,SA4,3,full,916,-0.275707649616431,-0.123635001286169,0.152072648330262
cbd,CBD distance,primary,1,poa,Postcode,3,apartment,Apartment,2,sa4,SA4,3,full,917,-0.299265724386609,-0.213806447171202,0.085459277215407
cbd,CBD distance,primary,1,poa,Postcode,3,apartment,Apartment,2,sa4,SA4,3,full,918,-0.305898741814846,-0.225174391186267,0.0807243506285792
cbd,CBD distance,primary,1,poa,Postcode,3,apartment,Apartment,2,sa4,SA4,3,full,919,-0.278903080938098,-0.113541986811607,0.16536109412649
cbd,CBD distance,primary,1,poa,Postcode,3,apartment,Apartment,2,sa4,SA4,3,full,920,-0.220111804850283,-0.105689542933462,0.114422261916821
cbd,CBD distance,primary,1,poa,Postcode,3,apartment,Apartment,2,sa4,SA4,3,full,921,-0.231463017987082,-0.175828072665216,0.0556349453218657
cbd,CBD distance,primary,1,poa,Postcode,3,apartment,Apartment,2,sa4,SA4,3,full,922,-0.25601252911535,-0.12445526921076,0.131557259904589
cbd,CBD distance,primary,1,poa,Postcode,3,apartment,Apartment,2,sa4,SA4,3,full,923,-0.244867585848907,-0.114011462374397,0.13085612347451
cbd,CBD distance,primary,1,poa,Postcode,3,apartment,Apartment,2,sa4,SA4,3,full,924,-0.254074763354303,-0.115017801265892,0.139056962088412
cbd,CBD distance,primary,1,poa,Postcode,3,apartment,Apartment,2,sa4,SA4,3,full,925,-0.322451392428571,-0.229767248406895,0.0926841440216758
cbd,CBD distance,primary,1,poa,Postcode,3,apartment,Apartment,2,sa4,SA4,3,full,926,-0.30604227494102,-0.144411545747815,0.161630729193205
cbd,CBD distance,primary,1,poa,Postcode,3,apartment,Apartment,2,sa4,SA4,3,full,927,-0.289299620898146,-0.124863132579885,0.164436488318261
cbd,CBD distance,primary,1,poa,Postcode,3,apartment,Apartment,2,sa4,SA4,3,full,928,-0.274589506181707,-0.134528163494895,0.140061342686811
cbd,CBD distance,primary,1,poa,Postcode,3,apartment,Apartment,2,sa4,SA4,3,full,929,-0.20558727499706,-0.170341277789241,0.0352459972078192
cbd,CBD distance,primary,1,poa,Postcode,3,apartment,Apartment,2,sa4,SA4,3,full,930,-0.22737529238501,-0.106713842465246,0.120661449919763
cbd,CBD distance,primary,1,poa,Postcode,3,apartment,Apartment,2,sa4,SA4,3,full,931,-0.223676842422201,-0.175499332737403,0.0481775096847985
cbd,CBD distance,primary,1,poa,Postcode,3,apartment,Apartment,2,sa4,SA4,3,full,932,-0.279778973855034,-0.200672333170191,0.0791066406848433
cbd,CBD distance,primary,1,poa,Postcode,3,apartment,Apartment,2,sa4,SA4,3,full,933,-0.274203105283659,-0.184942365339322,0.0892607399443373
cbd,CBD distance,primary,1,poa,Postcode,3,apartment,Apartment,2,sa4,SA4,3,full,934,-0.262503514414335,-0.193417851265903,0.0690856631484324
cbd,CBD distance,primary,1,poa,Postcode,3,apartment,Apartment,2,sa4,SA4,3,full,935,-0.265309141970031,-0.12609381756867,0.139215324401361
cbd,CBD distance,primary,1,poa,Postcode,3,apartment,Apartment,2,sa4,SA4,3,full,936,-0.26008057962428,-0.114648892619458,0.145431687004821
cbd,CBD distance,primary,1,poa,Postcode,3,apartment,Apartment,2,sa4,SA4,3,full,937,-0.258163366180856,-0.186326876042735,0.0718364901381212
cbd,CBD distance,primary,1,poa,Postcode,3,apartment,Apartment,2,sa4,SA4,3,full,938,-0.304263833331427,-0.142771985539084,0.161491847792343
cbd,CBD distance,primary,1,poa,Postcode,3,apartment,Apartment,2,sa4,SA4,3,full,939,-0.234187540241902,-0.172008395111169,0.0621791451307327
cbd,CBD distance,primary,1,poa,Postcode,3,apartment,Apartment,2,sa4,SA4,3,full,940,-0.30562638345101,-0.146396045219083,0.159230338231927
cbd,CBD distance,primary,1,poa,Postcode,3,apartment,Apartment,2,sa4,SA4,3,full,941,-0.287854454542989,-0.128949079746801,0.158905374796188
cbd,CBD distance,primary,1,poa,Postcode,3,apartment,Apartment,2,sa4,SA4,3,full,942,-0.274553416716242,-0.110196996371106,0.164356420345136
cbd,CBD distance,primary,1,poa,Postcode,3,apartment,Apartment,2,sa4,SA4,3,full,943,-0.260207835533666,-0.115407895739346,0.144799939794321
cbd,CBD distance,primary,1,poa,Postcode,3,apartment,Apartment,2,sa4,SA4,3,full,944,-0.276346415782872,-0.127091418453291,0.149254997329581
cbd,CBD distance,primary,1,poa,Postcode,3,apartment,Apartment,2,sa4,SA4,3,full,945,-0.27593636537101,-0.140784785476236,0.135151579894774
cbd,CBD distance,primary,1,poa,Postcode,3,apartment,Apartment,2,sa4,SA4,3,full,946,-0.226862291923872,-0.111753950773557,0.115108341150315
cbd,CBD distance,primary,1,poa,Postcode,3,apartment,Apartment,2,sa4,SA4,3,full,947,-0.264511166845194,-0.13109984780494,0.133411319040254
cbd,CBD distance,primary,1,poa,Postcode,3,apartment,Apartment,2,sa4,SA4,3,full,948,-0.253803686601735,-0.190316623250235,0.0634870633515002
cbd,CBD distance,primary,1,poa,Postcode,3,apartment,Apartment,2,sa4,SA4,3,full,949,-0.301801475804378,-0.216576207991792,0.0852252678125858
cbd,CBD distance,primary,1,poa,Postcode,3,apartment,Apartment,2,sa4,SA4,3,full,950,-0.339316440716029,-0.242485052414752,0.0968313883012768
cbd,CBD distance,primary,1,poa,Postcode,3,apartment,Apartment,2,sa4,SA4,3,full,951,-0.323218005893728,-0.234543867119287,0.0886741387744401
cbd,CBD distance,primary,1,poa,Postcode,3,apartment,Apartment,2,sa4,SA4,3,full,952,-0.285277087472717,-0.137053843236536,0.148223244236182
cbd,CBD distance,primary,1,poa,Postcode,3,apartment,Apartment,2,sa4,SA4,3,full,953,-0.228538448423254,-0.178917048837157,0.0496213995860979
cbd,CBD distance,primary,1,poa,Postcode,3,apartment,Apartment,2,sa4,SA4,3,full,954,-0.241922605681949,-0.12028341643148,0.12163918925047
cbd,CBD distance,primary,1,poa,Postcode,3,apartment,Apartment,2,sa4,SA4,3,full,955,-0.28322846105306,-0.133541689799987,0.149686771253073
cbd,CBD distance,primary,1,poa,Postcode,3,apartment,Apartment,2,sa4,SA4,3,full,956,-0.269209480899106,-0.203676763006633,0.0655327178924733
cbd,CBD distance,primary,1,poa,Postcode,3,apartment,Apartment,2,sa4,SA4,3,full,957,-0.277589199829268,-0.210477213661943,0.0671119861673246
cbd,CBD distance,primary,1,poa,Postcode,3,apartment,Apartment,2,sa4,SA4,3,full,958,-0.312319236558976,-0.139309098833664,0.173010137725312
cbd,CBD distance,primary,1,poa,Postcode,3,apartment,Apartment,2,sa4,SA4,3,full,959,-0.278074602623192,-0.204461897715342,0.0736127049078501
cbd,CBD distance,primary,1,poa,Postcode,3,apartment,Apartment,2,sa4,SA4,3,full,960,-0.283872975548298,-0.202877061094833,0.0809959144534651
cbd,CBD distance,primary,1,poa,Postcode,3,apartment,Apartment,2,sa4,SA4,3,full,961,-0.286141967727055,-0.205793714006909,0.0803482537201462
cbd,CBD distance,primary,1,poa,Postcode,3,apartment,Apartment,2,sa4,SA4,3,full,962,-0.261480944945083,-0.180845938548991,0.0806350063960915
cbd,CBD distance,primary,1,poa,Postcode,3,apartment,Apartment,2,sa4,SA4,3,full,963,-0.220397751696909,-0.106672608379718,0.113725143317191
cbd,CBD distance,primary,1,poa,Postcode,3,apartment,Apartment,2,sa4,SA4,3,full,964,-0.320270611224262,-0.232242989945447,0.0880276212788149
cbd,CBD distance,primary,1,poa,Postcode,3,apartment,Apartment,2,sa4,SA4,3,full,965,-0.264026614652496,-0.19827442489513,0.0657521897573663
cbd,CBD distance,primary,1,poa,Postcode,3,apartment,Apartment,2,sa4,SA4,3,full,966,-0.226638333136692,-0.0900764732165883,0.136561859920103
cbd,CBD distance,primary,1,poa,Postcode,3,apartment,Apartment,2,sa4,SA4,3,full,967,-0.306967841725375,-0.140834467077138,0.166133374648238
cbd,CBD distance,primary,1,poa,Postcode,3,apartment,Apartment,2,sa4,SA4,3,full,968,-0.271893776806227,-0.12996764815638,0.141926128649848
cbd,CBD distance,primary,1,poa,Postcode,3,apartment,Apartment,2,sa4,SA4,3,full,969,-0.299257903535512,-0.136658204876841,0.16259969865867
cbd,CBD distance,primary,1,poa,Postcode,3,apartment,Apartment,2,sa4,SA4,3,full,970,-0.306422877638055,-0.210851789833921,0.0955710878041342
cbd,CBD distance,primary,1,poa,Postcode,3,apartment,Apartment,2,sa4,SA4,3,full,971,-0.245782929147073,-0.114612396839822,0.131170532307251
cbd,CBD distance,primary,1,poa,Postcode,3,apartment,Apartment,2,sa4,SA4,3,full,972,-0.266573396946905,-0.2066892508048,0.0598841461421047
cbd,CBD distance,primary,1,poa,Postcode,3,apartment,Apartment,2,sa4,SA4,3,full,973,-0.2698615260409,-0.125032989033488,0.144828537007412
cbd,CBD distance,primary,1,poa,Postcode,3,apartment,Apartment,2,sa4,SA4,3,full,974,-0.278574445776719,-0.205682907198365,0.072891538578354
cbd,CBD distance,primary,1,poa,Postcode,3,apartment,Apartment,2,sa4,SA4,3,full,975,-0.239461456827949,-0.103513005724177,0.135948451103772
cbd,CBD distance,primary,1,poa,Postcode,3,apartment,Apartment,2,sa4,SA4,3,full,976,-0.283364235173101,-0.124053988017718,0.159310247155383
cbd,CBD distance,primary,1,poa,Postcode,3,apartment,Apartment,2,sa4,SA4,3,full,977,-0.330540049906868,-0.228759436147159,0.101780613759709
cbd,CBD distance,primary,1,poa,Postcode,3,apartment,Apartment,2,sa4,SA4,3,full,978,-0.293692927946127,-0.13955274549633,0.154140182449797
cbd,CBD distance,primary,1,poa,Postcode,3,apartment,Apartment,2,sa4,SA4,3,full,979,-0.265357488902341,-0.115892384505596,0.149465104396745
cbd,CBD distance,primary,1,poa,Postcode,3,apartment,Apartment,2,sa4,SA4,3,full,980,-0.319557580388184,-0.219514058222367,0.100043522165817
cbd,CBD distance,primary,1,poa,Postcode,3,apartment,Apartment,2,sa4,SA4,3,full,981,-0.29475620489886,-0.20641328794994,0.0883429169489205
cbd,CBD distance,primary,1,poa,Postcode,3,apartment,Apartment,2,sa4,SA4,3,full,982,-0.329683749687711,-0.22751104064596,0.102172709041751
cbd,CBD distance,primary,1,poa,Postcode,3,apartment,Apartment,2,sa4,SA4,3,full,983,-0.256149782065784,-0.112857628913395,0.143292153152389
cbd,CBD distance,primary,1,poa,Postcode,3,apartment,Apartment,2,sa4,SA4,3,full,984,-0.285599232377956,-0.128779268774253,0.156819963603702
cbd,CBD distance,primary,1,poa,Postcode,3,apartment,Apartment,2,sa4,SA4,3,full,985,-0.278134585305116,-0.208752842886326,0.0693817424187902
cbd,CBD distance,primary,1,poa,Postcode,3,apartment,Apartment,2,sa4,SA4,3,full,986,-0.26462946739154,-0.119273534053475,0.145355933338065
cbd,CBD distance,primary,1,poa,Postcode,3,apartment,Apartment,2,sa4,SA4,3,full,987,-0.237201842186679,-0.113032953089686,0.124168889096993
cbd,CBD distance,primary,1,poa,Postcode,3,apartment,Apartment,2,sa4,SA4,3,full,988,-0.290061042683514,-0.208251075851653,0.0818099668318611
cbd,CBD distance,primary,1,poa,Postcode,3,apartment,Apartment,2,sa4,SA4,3,full,989,-0.254243758611311,-0.179279779468127,0.0749639791431841
cbd,CBD distance,primary,1,poa,Postcode,3,apartment,Apartment,2,sa4,SA4,3,full,990,-0.276035590148536,-0.205343709599684,0.0706918805488512
cbd,CBD distance,primary,1,poa,Postcode,3,apartment,Apartment,2,sa4,SA4,3,full,991,-0.303124820251417,-0.22127836282703,0.081846457424387
cbd,CBD distance,primary,1,poa,Postcode,3,apartment,Apartment,2,sa4,SA4,3,full,992,-0.28103850683975,-0.2054402363503,0.0755982704894498
cbd,CBD distance,primary,1,poa,Postcode,3,apartment,Apartment,2,sa4,SA4,3,full,993,-0.274703362371015,-0.123779792829953,0.150923569541062
cbd,CBD distance,primary,1,poa,Postcode,3,apartment,Apartment,2,sa4,SA4,3,full,994,-0.256257788444005,-0.100682001688571,0.155575786755434
cbd,CBD distance,primary,1,poa,Postcode,3,apartment,Apartment,2,sa4,SA4,3,full,995,-0.230789630574261,-0.184607759141643,0.0461818714326177
cbd,CBD distance,primary,1,poa,Postcode,3,apartment,Apartment,2,sa4,SA4,3,full,996,-0.241998877697455,-0.116307294985555,0.1256915827119
cbd,CBD distance,primary,1,poa,Postcode,3,apartment,Apartment,2,sa4,SA4,3,full,997,-0.294910724160969,-0.216900345063249,0.0780103790977202
cbd,CBD distance,primary,1,poa,Postcode,3,apartment,Apartment,2,sa4,SA4,3,full,998,-0.264429471487405,-0.187787224779417,0.0766422467079888
cbd,CBD distance,primary,1,poa,Postcode,3,apartment,Apartment,2,sa4,SA4,3,full,999,-0.26013120157594,-0.206520584537018,0.0536106170389216
shops1,Shops within 1 km,primary,2,sa1,SA1,1,house,House,1,none,No FE,1,full,1,0.0479460059205398,0.0512925705265757,0.00334656460603586
shops1,Shops within 1 km,primary,2,sa1,SA1,1,house,House,1,none,No FE,1,full,2,0.0456027015737868,0.048145162124299,0.00254246055051213
shops1,Shops within 1 km,primary,2,sa1,SA1,1,house,House,1,none,No FE,1,full,3,0.0437758656148299,0.0476279340460364,0.00385206843120648
shops1,Shops within 1 km,primary,2,sa1,SA1,1,house,House,1,none,No FE,1,full,4,0.0478581849180482,0.0508183405003135,0.00296015558226527
shops1,Shops within 1 km,primary,2,sa1,SA1,1,house,House,1,none,No FE,1,full,5,0.0458111855036386,0.0482523507128309,0.00244116520919224
shops1,Shops within 1 km,primary,2,sa1,SA1,1,house,House,1,none,No FE,1,full,6,0.047570324634335,0.0499681855571923,0.00239786092285732
shops1,Shops within 1 km,primary,2,sa1,SA1,1,house,House,1,none,No FE,1,full,7,0.0448198163955721,0.0486539155520517,0.0038340991564796
shops1,Shops within 1 km,primary,2,sa1,SA1,1,house,House,1,none,No FE,1,full,8,0.051763540357677,0.0554211940771927,0.00365765371951567
shops1,Shops within 1 km,primary,2,sa1,SA1,1,house,House,1,none,No FE,1,full,9,0.0442725672570117,0.0470868779369272,0.0028143106799155
shops1,Shops within 1 km,primary,2,sa1,SA1,1,house,House,1,none,No FE,1,full,10,0.0480379211680086,0.0516064652745991,0.00356854410659053
shops1,Shops within 1 km,primary,2,sa1,SA1,1,house,House,1,none,No FE,1,full,11,0.0450135577176999,0.0483457537893446,0.00333219607164469
shops1,Shops within 1 km,primary,2,sa1,SA1,1,house,House,1,none,No FE,1,full,12,0.0459401739006062,0.0501389518734213,0.00419877797281511
shops1,Shops within 1 km,primary,2,sa1,SA1,1,house,House,1,none,No FE,1,full,13,0.0482305955920368,0.0511178616530409,0.00288726606100417
shops1,Shops within 1 km,primary,2,sa1,SA1,1,house,House,1,none,No FE,1,full,14,0.0476035772133584,0.0510685819974005,0.00346500478404207
shops1,Shops within 1 km,primary,2,sa1,SA1,1,house,House,1,none,No FE,1,full,15,0.0496231340569189,0.0542481885048821,0.00462505444796321
shops1,Shops within 1 km,primary,2,sa1,SA1,1,house,House,1,none,No FE,1,full,16,0.0468780897202629,0.0485954603532523,0.00171737063298937
shops1,Shops within 1 km,primary,2,sa1,SA1,1,house,House,1,none,No FE,1,full,17,0.0484491656610264,0.0523951524259501,0.00394598676492377
shops1,Shops within 1 km,primary,2,sa1,SA1,1,house,House,1,none,No FE,1,full,18,0.0435458608082621,0.0469270947324022,0.00338123392414013
shops1,Shops within 1 km,primary,2,sa1,SA1,1,house,House,1,none,No FE,1,full,19,0.0457121461828776,0.0481112161183907,0.00239906993551305
shops1,Shops within 1 km,primary,2,sa1,SA1,1,house,House,1,none,No FE,1,full,20,0.0474408868249499,0.0515528357838977,0.00411194895894788
shops1,Shops within 1 km,primary,2,sa1,SA1,1,house,House,1,none,No FE,1,full,21,0.0456241284678388,0.0486617463158251,0.00303761784798629
shops1,Shops within 1 km,primary,2,sa1,SA1,1,house,House,1,none,No FE,1,full,22,0.0492531438089176,0.0511758836911645,0.00192273988224681
shops1,Shops within 1 km,primary,2,sa1,SA1,1,house,House,1,none,No FE,1,full,23,0.0491898455808816,0.054112123417912,0.00492227783703036
shops1,Shops within 1 km,primary,2,sa1,SA1,1,house,House,1,none,No FE,1,full,24,0.0478680169399923,0.0499959924335211,0.00212797549352881
shops1,Shops within 1 km,primary,2,sa1,SA1,1,house,House,1,none,No FE,1,full,25,0.0460352285819358,0.0503839517712471,0.00434872318931123
shops1,Shops within 1 km,primary,2,sa1,SA1,1,house,House,1,none,No FE,1,full,26,0.0464907691467078,0.0514919861834497,0.00500121703674188
shops1,Shops within 1 km,primary,2,sa1,SA1,1,house,House,1,none,No FE,1,full,27,0.0456296777946462,0.050485921261138,0.00485624346649179
shops1,Shops within 1 km,primary,2,sa1,SA1,1,house,House,1,none,No FE,1,full,28,0.04756107691009,0.0501280801834513,0.00256700327336126
shops1,Shops within 1 km,primary,2,sa1,SA1,1,house,House,1,none,No FE,1,full,29,0.049891495917165,0.0531351512424392,0.00324365532527419
shops1,Shops within 1 km,primary,2,sa1,SA1,1,house,House,1,none,No FE,1,full,30,0.0485010539039313,0.0520607472207502,0.00355969331681895
shops1,Shops within 1 km,primary,2,sa1,SA1,1,house,House,1,none,No FE,1,full,31,0.0486049110840953,0.0509784472672045,0.00237353618310916
shops1,Shops within 1 km,primary,2,sa1,SA1,1,house,House,1,none,No FE,1,full,32,0.0498933476285132,0.054299841649652,0.00440649402113882
shops1,Shops within 1 km,primary,2,sa1,SA1,1,house,House,1,none,No FE,1,full,33,0.0483589726855295,0.0523245412063551,0.00396556852082559
shops1,Shops within 1 km,primary,2,sa1,SA1,1,house,House,1,none,No FE,1,full,34,0.0473631164014872,0.0503090886755591,0.00294597227407194
shops1,Shops within 1 km,primary,2,sa1,SA1,1,house,House,1,none,No FE,1,full,35,0.0487246460779389,0.0504466472909918,0.00172200121305292
shops1,Shops within 1 km,primary,2,sa1,SA1,1,house,House,1,none,No FE,1,full,36,0.0487883553591937,0.0531032532350551,0.00431489787586141
shops1,Shops within 1 km,primary,2,sa1,SA1,1,house,House,1,none,No FE,1,full,37,0.0450564076372942,0.0467879957684037,0.00173158813110945
shops1,Shops within 1 km,primary,2,sa1,SA1,1,house,House,1,none,No FE,1,full,38,0.0476777064111755,0.0516088191898886,0.00393111277871311
shops1,Shops within 1 km,primary,2,sa1,SA1,1,house,House,1,none,No FE,1,full,39,0.050108776451956,0.053491910401624,0.00338313394966808
shops1,Shops within 1 km,primary,2,sa1,SA1,1,house,House,1,none,No FE,1,full,40,0.0475870882056131,0.0514201390118058,0.00383305080619269
shops1,Shops within 1 km,primary,2,sa1,SA1,1,house,House,1,none,No FE,1,full,41,0.0490353190538802,0.0525052516739156,0.00346993262003538
shops1,Shops within 1 km,primary,2,sa1,SA1,1,house,House,1,none,No FE,1,full,42,0.0466834381104596,0.0499526404639532,0.00326920235349363
shops1,Shops within 1 km,primary,2,sa1,SA1,1,house,House,1,none,No FE,1,full,43,0.0454054814030337,0.0486185808758277,0.00321309947279402
shops1,Shops within 1 km,primary,2,sa1,SA1,1,house,House,1,none,No FE,1,full,44,0.0484112754832803,0.052062330322928,0.00365105483964765
shops1,Shops within 1 km,primary,2,sa1,SA1,1,house,House,1,none,No FE,1,full,45,0.0458169344841132,0.0511903054648479,0.00537337098073477
shops1,Shops within 1 km,primary,2,sa1,SA1,1,house,House,1,none,No FE,1,full,46,0.0444723307924372,0.0466985260095269,0.00222619521708971
shops1,Shops within 1 km,primary,2,sa1,SA1,1,house,House,1,none,No FE,1,full,47,0.0455368792176493,0.0490477199318194,0.00351084071417002
shops1,Shops within 1 km,primary,2,sa1,SA1,1,house,House,1,none,No FE,1,full,48,0.0481502458219538,0.0535555801462319,0.00540533432427816
shops1,Shops within 1 km,primary,2,sa1,SA1,1,house,House,1,none,No FE,1,full,49,0.0495183549281701,0.0529036540020111,0.00338529907384097
shops1,Shops within 1 km,primary,2,sa1,SA1,1,house,House,1,none,No FE,1,full,50,0.0450341156153637,0.0473487098209293,0.0023145942055656
shops1,Shops within 1 km,primary,2,sa1,SA1,1,house,House,1,none,No FE,1,full,51,0.0470915386311667,0.0505090782824139,0.00341753965124716
shops1,Shops within 1 km,primary,2,sa1,SA1,1,house,House,1,none,No FE,1,full,52,0.0466209756462806,0.0503644290419863,0.00374345339570563
shops1,Shops within 1 km,primary,2,sa1,SA1,1,house,House,1,none,No FE,1,full,53,0.0475135902752768,0.0501538615637021,0.00264027128842533
shops1,Shops within 1 km,primary,2,sa1,SA1,1,house,House,1,none,No FE,1,full,54,0.0479173539199063,0.051548039455621,0.00363068553571463
shops1,Shops within 1 km,primary,2,sa1,SA1,1,house,House,1,none,No FE,1,full,55,0.0479637697827587,0.0510752665825103,0.00311149679975158
shops1,Shops within 1 km,primary,2,sa1,SA1,1,house,House,1,none,No FE,1,full,56,0.0479459538703953,0.0508261928043483,0.00288023893395295
shops1,Shops within 1 km,primary,2,sa1,SA1,1,house,House,1,none,No FE,1,full,57,0.0451928005681179,0.0491847590319041,0.00399195846378615
shops1,Shops within 1 km,primary,2,sa1,SA1,1,house,House,1,none,No FE,1,full,58,0.0476184777442024,0.0513835215233308,0.00376504377912837
shops1,Shops within 1 km,primary,2,sa1,SA1,1,house,House,1,none,No FE,1,full,59,0.0470394937280498,0.0503526236834575,0.00331312995540765
shops1,Shops within 1 km,primary,2,sa1,SA1,1,house,House,1,none,No FE,1,full,60,0.0494086716430771,0.0528970119591805,0.00348834031610341
shops1,Shops within 1 km,primary,2,sa1,SA1,1,house,House,1,none,No FE,1,full,61,0.0458814616225119,0.0502218168155221,0.00434035519301028
shops1,Shops within 1 km,primary,2,sa1,SA1,1,house,House,1,none,No FE,1,full,62,0.046709328663557,0.0489372620054567,0.00222793334189968
shops1,Shops within 1 km,primary,2,sa1,SA1,1,house,House,1,none,No FE,1,full,63,0.0462611929862201,0.049320145705659,0.00305895271943887
shops1,Shops within 1 km,primary,2,sa1,SA1,1,house,House,1,none,No FE,1,full,64,0.0466775515212828,0.0479241114207761,0.00124655989949332
shops1,Shops within 1 km,primary,2,sa1,SA1,1,house,House,1,none,No FE,1,full,65,0.0486134601207158,0.0511952116221392,0.00258175150142348
shops1,Shops within 1 km,primary,2,sa1,SA1,1,house,House,1,none,No FE,1,full,66,0.0460967104819182,0.0503111914175827,0.00421448093566453
shops1,Shops within 1 km,primary,2,sa1,SA1,1,house,House,1,none,No FE,1,full,67,0.0458659401618195,0.0503990302671205,0.00453309010530104
shops1,Shops within 1 km,primary,2,sa1,SA1,1,house,House,1,none,No FE,1,full,68,0.0487050030217996,0.05272705250692,0.00402204948512041
shops1,Shops within 1 km,primary,2,sa1,SA1,1,house,House,1,none,No FE,1,full,69,0.0476550937279207,0.0502660942905063,0.0026110005625856
shops1,Shops within 1 km,primary,2,sa1,SA1,1,house,House,1,none,No FE,1,full,70,0.0459175860069494,0.0484832716878766,0.00256568568092718
shops1,Shops within 1 km,primary,2,sa1,SA1,1,house,House,1,none,No FE,1,full,71,0.0460233850238587,0.0485587930608058,0.00253540803694714
shops1,Shops within 1 km,primary,2,sa1,SA1,1,house,House,1,none,No FE,1,full,72,0.0461786985928821,0.0493050736582657,0.00312637506538357
shops1,Shops within 1 km,primary,2,sa1,SA1,1,house,House,1,none,No FE,1,full,73,0.0484485658975083,0.0519238669937964,0.00347530109628808
shops1,Shops within 1 km,primary,2,sa1,SA1,1,house,House,1,none,No FE,1,full,74,0.049274536084297,0.0527176808706418,0.00344314478634487
shops1,Shops within 1 km,primary,2,sa1,SA1,1,house,House,1,none,No FE,1,full,75,0.0480567080655968,0.0523839884274475,0.00432728036185067
shops1,Shops within 1 km,primary,2,sa1,SA1,1,house,House,1,none,No FE,1,full,76,0.0480976954197594,0.0521276780501027,0.0040299826303433
shops1,Shops within 1 km,primary,2,sa1,SA1,1,house,House,1,none,No FE,1,full,77,0.0473266263827801,0.0503360487165575,0.00300942233377746
shops1,Shops within 1 km,primary,2,sa1,SA1,1,house,House,1,none,No FE,1,full,78,0.0492043479822012,0.0519377268677268,0.00273337888552559
shops1,Shops within 1 km,primary,2,sa1,SA1,1,house,House,1,none,No FE,1,full,79,0.0439555429732039,0.0476124943073199,0.00365695133411603
shops1,Shops within 1 km,primary,2,sa1,SA1,1,house,House,1,none,No FE,1,full,80,0.0485831107880164,0.0522402052165238,0.00365709442850734
shops1,Shops within 1 km,primary,2,sa1,SA1,1,house,House,1,none,No FE,1,full,81,0.0449797484067625,0.0485831820326828,0.00360343362592026
shops1,Shops within 1 km,primary,2,sa1,SA1,1,house,House,1,none,No FE,1,full,82,0.04701936282674,0.0500686022751374,0.00304923944839736
shops1,Shops within 1 km,primary,2,sa1,SA1,1,house,House,1,none,No FE,1,full,83,0.0469585274534513,0.0505953238987144,0.00363679644526305
shops1,Shops within 1 km,primary,2,sa1,SA1,1,house,House,1,none,No FE,1,full,84,0.0451685192534661,0.0488275181090667,0.00365899885560068
shops1,Shops within 1 km,primary,2,sa1,SA1,1,house,House,1,none,No FE,1,full,85,0.0473776319942578,0.0510798563834097,0.00370222438915189
shops1,Shops within 1 km,primary,2,sa1,SA1,1,house,House,1,none,No FE,1,full,86,0.0492421812686865,0.0541199052961902,0.00487772402750374
shops1,Shops within 1 km,primary,2,sa1,SA1,1,house,House,1,none,No FE,1,full,87,0.0454379687007703,0.0498399075922188,0.00440193889144857
shops1,Shops within 1 km,primary,2,sa1,SA1,1,house,House,1,none,No FE,1,full,88,0.0448781321678754,0.0491173957406909,0.0042392635728155
shops1,Shops within 1 km,primary,2,sa1,SA1,1,house,House,1,none,No FE,1,full,89,0.0516119084396532,0.0559981271240896,0.00438621868443644
shops1,Shops within 1 km,primary,2,sa1,SA1,1,house,House,1,none,No FE,1,full,90,0.0488206091101497,0.0516908028359167,0.00287019372576704
shops1,Shops within 1 km,primary,2,sa1,SA1,1,house,House,1,none,No FE,1,full,91,0.0487128065660265,0.0523598986090683,0.0036470920430418
shops1,Shops within 1 km,primary,2,sa1,SA1,1,house,House,1,none,No FE,1,full,92,0.0470564127138046,0.051793713735904,0.00473730102209942
shops1,Shops within 1 km,primary,2,sa1,SA1,1,house,House,1,none,No FE,1,full,93,0.0448807643493933,0.0476723590127139,0.00279159466332056
shops1,Shops within 1 km,primary,2,sa1,SA1,1,house,House,1,none,No FE,1,full,94,0.0462576393395635,0.0504372537810354,0.00417961444147185
shops1,Shops within 1 km,primary,2,sa1,SA1,1,house,House,1,none,No FE,1,full,95,0.0446953681241445,0.0465928348428173,0.00189746671867284
shops1,Shops within 1 km,primary,2,sa1,SA1,1,house,House,1,none,No FE,1,full,96,0.0466636627780009,0.0522080185765579,0.00554435579855698
shops1,Shops within 1 km,primary,2,sa1,SA1,1,house,House,1,none,No FE,1,full,97,0.0481867578754973,0.0516764534895142,0.00348969561401698
shops1,Shops within 1 km,primary,2,sa1,SA1,1,house,House,1,none,No FE,1,full,98,0.0498737128129585,0.0529401662806947,0.00306645346773621
shops1,Shops within 1 km,primary,2,sa1,SA1,1,house,House,1,none,No FE,1,full,99,0.0486207668840744,0.0518926026938433,0.00327183580976891
shops1,Shops within 1 km,primary,2,sa1,SA1,1,house,House,1,none,No FE,1,full,100,0.0458449740439173,0.0500768195743581,0.00423184553044081
shops1,Shops within 1 km,primary,2,sa1,SA1,1,house,House,1,none,No FE,1,full,101,0.0471791325055317,0.0504047333463753,0.00322560084084361
shops1,Shops within 1 km,primary,2,sa1,SA1,1,house,House,1,none,No FE,1,full,102,0.0473772837519948,0.050192951743607,0.00281566799161223
shops1,Shops within 1 km,primary,2,sa1,SA1,1,house,House,1,none,No FE,1,full,103,0.048064468242006,0.052537380252657,0.004472912010651
shops1,Shops within 1 km,primary,2,sa1,SA1,1,house,House,1,none,No FE,1,full,104,0.0475897800311612,0.0515547359287766,0.00396495589761541
shops1,Shops within 1 km,primary,2,sa1,SA1,1,house,House,1,none,No FE,1,full,105,0.0462093188460359,0.049053481216607,0.00284416237057114
shops1,Shops within 1 km,primary,2,sa1,SA1,1,house,House,1,none,No FE,1,full,106,0.0474436273452983,0.0511794135175597,0.00373578617226143
shops1,Shops within 1 km,primary,2,sa1,SA1,1,house,House,1,none,No FE,1,full,107,0.0476385527191941,0.0495082250751442,0.00186967235595018
shops1,Shops within 1 km,primary,2,sa1,SA1,1,house,House,1,none,No FE,1,full,108,0.0490095342559179,0.0525123490201614,0.00350281476424356
shops1,Shops within 1 km,primary,2,sa1,SA1,1,house,House,1,none,No FE,1,full,109,0.0472393940057167,0.0515685571798268,0.00432916317411011
shops1,Shops within 1 km,primary,2,sa1,SA1,1,house,House,1,none,No FE,1,full,110,0.0457880393299793,0.0486302143406758,0.00284217501069656
shops1,Shops within 1 km,primary,2,sa1,SA1,1,house,House,1,none,No FE,1,full,111,0.0452366340958987,0.0494093111380193,0.00417267704212058
shops1,Shops within 1 km,primary,2,sa1,SA1,1,house,House,1,none,No FE,1,full,112,0.0443436271612799,0.0473936466427652,0.00305001948148523
shops1,Shops within 1 km,primary,2,sa1,SA1,1,house,House,1,none,No FE,1,full,113,0.0473792099739379,0.0512523825581337,0.00387317258419586
shops1,Shops within 1 km,primary,2,sa1,SA1,1,house,House,1,none,No FE,1,full,114,0.0470275665937105,0.0486227665731396,0.00159519997942908
shops1,Shops within 1 km,primary,2,sa1,SA1,1,house,House,1,none,No FE,1,full,115,0.0465371690497957,0.0504584509301544,0.00392128188035876
shops1,Shops within 1 km,primary,2,sa1,SA1,1,house,House,1,none,No FE,1,full,116,0.0488306655968645,0.052360335565383,0.00352966996851854
shops1,Shops within 1 km,primary,2,sa1,SA1,1,house,House,1,none,No FE,1,full,117,0.0464814652470783,0.0502429315759861,0.00376146632890782
shops1,Shops within 1 km,primary,2,sa1,SA1,1,house,House,1,none,No FE,1,full,118,0.0488773501249799,0.0516806072342584,0.00280325710927844
shops1,Shops within 1 km,primary,2,sa1,SA1,1,house,House,1,none,No FE,1,full,119,0.0439408552697233,0.0478195235682184,0.00387866829849511
shops1,Shops within 1 km,primary,2,sa1,SA1,1,house,House,1,none,No FE,1,full,120,0.0450112336152326,0.0499142927559083,0.00490305914067571
shops1,Shops within 1 km,primary,2,sa1,SA1,1,house,House,1,none,No FE,1,full,121,0.0481225005744014,0.051202293483526,0.00307979290912461
shops1,Shops within 1 km,primary,2,sa1,SA1,1,house,House,1,none,No FE,1,full,122,0.0469619047142571,0.0485303389844017,0.00156843427014459
shops1,Shops within 1 km,primary,2,sa1,SA1,1,house,House,1,none,No FE,1,full,123,0.047017479172634,0.0511557117281219,0.00413823255548791
shops1,Shops within 1 km,primary,2,sa1,SA1,1,house,House,1,none,No FE,1,full,124,0.0499659775878446,0.0537953333208746,0.00382935573302996
shops1,Shops within 1 km,primary,2,sa1,SA1,1,house,House,1,none,No FE,1,full,125,0.0477958962149056,0.0514470450702025,0.00365114885529685
shops1,Shops within 1 km,primary,2,sa1,SA1,1,house,House,1,none,No FE,1,full,126,0.0514860813358607,0.0542002351512475,0.00271415381538673
shops1,Shops within 1 km,primary,2,sa1,SA1,1,house,House,1,none,No FE,1,full,127,0.0472661031758467,0.048945587268274,0.00167948409242729
shops1,Shops within 1 km,primary,2,sa1,SA1,1,house,House,1,none,No FE,1,full,128,0.0491976703729752,0.0532222323028882,0.00402456192991293
shops1,Shops within 1 km,primary,2,sa1,SA1,1,house,House,1,none,No FE,1,full,129,0.0467671634070222,0.0505488292128244,0.0037816658058022
shops1,Shops within 1 km,primary,2,sa1,SA1,1,house,House,1,none,No FE,1,full,130,0.0495733591544589,0.052946217508693,0.00337285835423407
shops1,Shops within 1 km,primary,2,sa1,SA1,1,house,House,1,none,No FE,1,full,131,0.0480593956113737,0.0500786621757707,0.00201926656439695
shops1,Shops within 1 km,primary,2,sa1,SA1,1,house,House,1,none,No FE,1,full,132,0.0432241104582466,0.046377920087508,0.00315380962926137
shops1,Shops within 1 km,primary,2,sa1,SA1,1,house,House,1,none,No FE,1,full,133,0.0490905358800042,0.0529205020901043,0.00382996621010009
shops1,Shops within 1 km,primary,2,sa1,SA1,1,house,House,1,none,No FE,1,full,134,0.0472460542858555,0.0488844424644978,0.00163838817864229
shops1,Shops within 1 km,primary,2,sa1,SA1,1,house,House,1,none,No FE,1,full,135,0.0453049540990376,0.0484715048065245,0.00316655070748695
shops1,Shops within 1 km,primary,2,sa1,SA1,1,house,House,1,none,No FE,1,full,136,0.0472971040973709,0.0514710310410921,0.00417392694372121
shops1,Shops within 1 km,primary,2,sa1,SA1,1,house,House,1,none,No FE,1,full,137,0.044199885783288,0.046439218830547,0.00223933304725895
shops1,Shops within 1 km,primary,2,sa1,SA1,1,house,House,1,none,No FE,1,full,138,0.0473938906900534,0.0512798383921894,0.00388594770213597
shops1,Shops within 1 km,primary,2,sa1,SA1,1,house,House,1,none,No FE,1,full,139,0.0473159749179525,0.0505629938665886,0.00324701894863613
shops1,Shops within 1 km,primary,2,sa1,SA1,1,house,House,1,none,No FE,1,full,140,0.0458015426903089,0.0489686954890618,0.00316715279875295
shops1,Shops within 1 km,primary,2,sa1,SA1,1,house,House,1,none,No FE,1,full,141,0.0477394599890793,0.0507407958732415,0.00300133588416216
shops1,Shops within 1 km,primary,2,sa1,SA1,1,house,House,1,none,No FE,1,full,142,0.0436299117091985,0.0462549089185641,0.00262499720936569
shops1,Shops within 1 km,primary,2,sa1,SA1,1,house,House,1,none,No FE,1,full,143,0.0457461836819613,0.0495166522772429,0.00377046859528153
shops1,Shops within 1 km,primary,2,sa1,SA1,1,house,House,1,none,No FE,1,full,144,0.0499001020603977,0.0547152827221576,0.00481518066175995
shops1,Shops within 1 km,primary,2,sa1,SA1,1,house,House,1,none,No FE,1,full,145,0.0501040380147461,0.0535223480641419,0.00341831004939576
shops1,Shops within 1 km,primary,2,sa1,SA1,1,house,House,1,none,No FE,1,full,146,0.0479389896442922,0.0511965782829936,0.00325758863870144
shops1,Shops within 1 km,primary,2,sa1,SA1,1,house,House,1,none,No FE,1,full,147,0.0474356599302059,0.051081277881779,0.00364561795157303
shops1,Shops within 1 km,primary,2,sa1,SA1,1,house,House,1,none,No FE,1,full,148,0.0494042540595252,0.0533279867264738,0.00392373266694855
shops1,Shops within 1 km,primary,2,sa1,SA1,1,house,House,1,none,No FE,1,full,149,0.0506508549189138,0.0532807955377037,0.00262994061878991
shops1,Shops within 1 km,primary,2,sa1,SA1,1,house,House,1,none,No FE,1,full,150,0.048872440632576,0.0517508863418128,0.00287844570923677
shops1,Shops within 1 km,primary,2,sa1,SA1,1,house,House,1,none,No FE,1,full,151,0.0455520589437027,0.0495265489753613,0.00397449003165862
shops1,Shops within 1 km,primary,2,sa1,SA1,1,house,House,1,none,No FE,1,full,152,0.0446020725764763,0.049768800375788,0.00516672779931172
shops1,Shops within 1 km,primary,2,sa1,SA1,1,house,House,1,none,No FE,1,full,153,0.0449622029217404,0.0489020017016703,0.00393979877992996
shops1,Shops within 1 km,primary,2,sa1,SA1,1,house,House,1,none,No FE,1,full,154,0.0500884095074061,0.0520615392823318,0.00197312977492575
shops1,Shops within 1 km,primary,2,sa1,SA1,1,house,House,1,none,No FE,1,full,155,0.0480758321603995,0.0516735769018601,0.00359774474146062
shops1,Shops within 1 km,primary,2,sa1,SA1,1,house,House,1,none,No FE,1,full,156,0.0471540094489173,0.0506671956112647,0.00351318616234738
shops1,Shops within 1 km,primary,2,sa1,SA1,1,house,House,1,none,No FE,1,full,157,0.0437289792968061,0.0460657489959693,0.0023367696991632
shops1,Shops within 1 km,primary,2,sa1,SA1,1,house,House,1,none,No FE,1,full,158,0.0441740203567475,0.0465672929643929,0.00239327260764542
shops1,Shops within 1 km,primary,2,sa1,SA1,1,house,House,1,none,No FE,1,full,159,0.048080108540072,0.0519479992491958,0.00386789070912381
shops1,Shops within 1 km,primary,2,sa1,SA1,1,house,House,1,none,No FE,1,full,160,0.0454443018628474,0.0469850606285987,0.00154075876575131
shops1,Shops within 1 km,primary,2,sa1,SA1,1,house,House,1,none,No FE,1,full,161,0.0462496660245961,0.0492622387097224,0.00301257268512638
shops1,Shops within 1 km,primary,2,sa1,SA1,1,house,House,1,none,No FE,1,full,162,0.0476304545592996,0.049757569829785,0.00212711527048536
shops1,Shops within 1 km,primary,2,sa1,SA1,1,house,House,1,none,No FE,1,full,163,0.0480405846901146,0.0509564581346193,0.00291587344450468
shops1,Shops within 1 km,primary,2,sa1,SA1,1,house,House,1,none,No FE,1,full,164,0.0478531509912867,0.0502817565301621,0.00242860553887538
shops1,Shops within 1 km,primary,2,sa1,SA1,1,house,House,1,none,No FE,1,full,165,0.0486650094423673,0.0505088231183596,0.00184381367599225
shops1,Shops within 1 km,primary,2,sa1,SA1,1,house,House,1,none,No FE,1,full,166,0.048809964448437,0.0523938117820428,0.00358384733360579
shops1,Shops within 1 km,primary,2,sa1,SA1,1,house,House,1,none,No FE,1,full,167,0.0471782398342109,0.051318410948811,0.00414017111460011
shops1,Shops within 1 km,primary,2,sa1,SA1,1,house,House,1,none,No FE,1,full,168,0.0481781903917852,0.0527403689880964,0.00456217859631128
shops1,Shops within 1 km,primary,2,sa1,SA1,1,house,House,1,none,No FE,1,full,169,0.0505023368699635,0.0547879379062548,0.00428560103629138
shops1,Shops within 1 km,primary,2,sa1,SA1,1,house,House,1,none,No FE,1,full,170,0.0450605145173966,0.0500409978243892,0.00498048330699267
shops1,Shops within 1 km,primary,2,sa1,SA1,1,house,House,1,none,No FE,1,full,171,0.049345091497212,0.0532181414741655,0.0038730499769535
shops1,Shops within 1 km,primary,2,sa1,SA1,1,house,House,1,none,No FE,1,full,172,0.045511932482552,0.0493476629277144,0.00383573044516238
shops1,Shops within 1 km,primary,2,sa1,SA1,1,house,House,1,none,No FE,1,full,173,0.0504305064518453,0.0529561296999124,0.00252562324806717
shops1,Shops within 1 km,primary,2,sa1,SA1,1,house,House,1,none,No FE,1,full,174,0.0471060752645629,0.0506454568606841,0.00353938159612123
shops1,Shops within 1 km,primary,2,sa1,SA1,1,house,House,1,none,No FE,1,full,175,0.0479996624856854,0.0505822281922329,0.00258256570654747
shops1,Shops within 1 km,primary,2,sa1,SA1,1,house,House,1,none,No FE,1,full,176,0.0457448469516061,0.0486054243716073,0.00286057742000116
shops1,Shops within 1 km,primary,2,sa1,SA1,1,house,House,1,none,No FE,1,full,177,0.0484375727444856,0.0516334944107516,0.00319592166626601
shops1,Shops within 1 km,primary,2,sa1,SA1,1,house,House,1,none,No FE,1,full,178,0.0464862935781022,0.050021319777829,0.0035350261997268
shops1,Shops within 1 km,primary,2,sa1,SA1,1,house,House,1,none,No FE,1,full,179,0.0458769955375766,0.0495467334402906,0.00366973790271403
shops1,Shops within 1 km,primary,2,sa1,SA1,1,house,House,1,none,No FE,1,full,180,0.0488166138887596,0.0541944434787295,0.00537782958996985
shops1,Shops within 1 km,primary,2,sa1,SA1,1,house,House,1,none,No FE,1,full,181,0.0458452643866121,0.0504067260178358,0.00456146163122369
shops1,Shops within 1 km,primary,2,sa1,SA1,1,house,House,1,none,No FE,1,full,182,0.0469305624611942,0.048393095502127,0.00146253304093288
shops1,Shops within 1 km,primary,2,sa1,SA1,1,house,House,1,none,No FE,1,full,183,0.0467423187975306,0.0491856921253851,0.00244337332785444
shops1,Shops within 1 km,primary,2,sa1,SA1,1,house,House,1,none,No FE,1,full,184,0.0485825954713555,0.0518898135915762,0.00330721812022067
shops1,Shops within 1 km,primary,2,sa1,SA1,1,house,House,1,none,No FE,1,full,185,0.0485953846325279,0.0517192459551941,0.00312386132266617
shops1,Shops within 1 km,primary,2,sa1,SA1,1,house,House,1,none,No FE,1,full,186,0.0490372417267181,0.0522659282444018,0.0032286865176837
shops1,Shops within 1 km,primary,2,sa1,SA1,1,house,House,1,none,No FE,1,full,187,0.0477545976050049,0.0513068874608913,0.0035522898558864
shops1,Shops within 1 km,primary,2,sa1,SA1,1,house,House,1,none,No FE,1,full,188,0.0500050307536425,0.0526472253419044,0.00264219458826191
shops1,Shops within 1 km,primary,2,sa1,SA1,1,house,House,1,none,No FE,1,full,189,0.0465510470192229,0.0491501133979895,0.00259906637876659
shops1,Shops within 1 km,primary,2,sa1,SA1,1,house,House,1,none,No FE,1,full,190,0.0471799558052451,0.0520983491058836,0.0049183933006385
shops1,Shops within 1 km,primary,2,sa1,SA1,1,house,House,1,none,No FE,1,full,191,0.0486383775733004,0.0519899946643124,0.00335161709101205
shops1,Shops within 1 km,primary,2,sa1,SA1,1,house,House,1,none,No FE,1,full,192,0.0487501063987892,0.0508785556440326,0.00212844924524343
shops1,Shops within 1 km,primary,2,sa1,SA1,1,house,House,1,none,No FE,1,full,193,0.0488160247944621,0.0521309983938533,0.00331497359939124
shops1,Shops within 1 km,primary,2,sa1,SA1,1,house,House,1,none,No FE,1,full,194,0.0497682339317196,0.0533114405276437,0.0035432065959241
shops1,Shops within 1 km,primary,2,sa1,SA1,1,house,House,1,none,No FE,1,full,195,0.0499349053360293,0.0532245822575511,0.00328967692152186
shops1,Shops within 1 km,primary,2,sa1,SA1,1,house,House,1,none,No FE,1,full,196,0.0487147014367475,0.0533759313137769,0.00466122987702934
shops1,Shops within 1 km,primary,2,sa1,SA1,1,house,House,1,none,No FE,1,full,197,0.0494142623419526,0.0529978066990257,0.00358354435707309
shops1,Shops within 1 km,primary,2,sa1,SA1,1,house,House,1,none,No FE,1,full,198,0.0460232354204468,0.049184577666217,0.00316134224577021
shops1,Shops within 1 km,primary,2,sa1,SA1,1,house,House,1,none,No FE,1,full,199,0.0454521248761717,0.0460813376911719,0.000629212815000176
shops1,Shops within 1 km,primary,2,sa1,SA1,1,house,House,1,none,No FE,1,full,200,0.0464254280554484,0.0501050765565731,0.0036796485011247
shops1,Shops within 1 km,primary,2,sa1,SA1,1,house,House,1,none,No FE,1,full,201,0.0456299080942635,0.0497289644411236,0.00409905634686004
shops1,Shops within 1 km,primary,2,sa1,SA1,1,house,House,1,none,No FE,1,full,202,0.0463031246843936,0.0488154029948624,0.00251227831046885
shops1,Shops within 1 km,primary,2,sa1,SA1,1,house,House,1,none,No FE,1,full,203,0.0464561213584296,0.0505269769713062,0.00407085561287654
shops1,Shops within 1 km,primary,2,sa1,SA1,1,house,House,1,none,No FE,1,full,204,0.0430569119924145,0.0458292478984297,0.00277233590601524
shops1,Shops within 1 km,primary,2,sa1,SA1,1,house,House,1,none,No FE,1,full,205,0.0459466218953048,0.048367930439275,0.00242130854397016
shops1,Shops within 1 km,primary,2,sa1,SA1,1,house,House,1,none,No FE,1,full,206,0.0485480330072716,0.0516098867760444,0.00306185376877282
shops1,Shops within 1 km,primary,2,sa1,SA1,1,house,House,1,none,No FE,1,full,207,0.0446921041570051,0.0485835012903662,0.00389139713336106
shops1,Shops within 1 km,primary,2,sa1,SA1,1,house,House,1,none,No FE,1,full,208,0.0480053112300042,0.0516199218270288,0.00361461059702454
shops1,Shops within 1 km,primary,2,sa1,SA1,1,house,House,1,none,No FE,1,full,209,0.0472557351462709,0.0499903766304002,0.0027346414841293
shops1,Shops within 1 km,primary,2,sa1,SA1,1,house,House,1,none,No FE,1,full,210,0.0464458337657904,0.0518507438041776,0.0054049100383872
shops1,Shops within 1 km,primary,2,sa1,SA1,1,house,House,1,none,No FE,1,full,211,0.0466076618712345,0.0510084432691855,0.00440078139795102
shops1,Shops within 1 km,primary,2,sa1,SA1,1,house,House,1,none,No FE,1,full,212,0.045137129169288,0.0477333901199369,0.00259626095064882
shops1,Shops within 1 km,primary,2,sa1,SA1,1,house,House,1,none,No FE,1,full,213,0.0460400891717851,0.0498924520035909,0.00385236283180579
shops1,Shops within 1 km,primary,2,sa1,SA1,1,house,House,1,none,No FE,1,full,214,0.0468913536734433,0.0497391493759949,0.00284779570255161
shops1,Shops within 1 km,primary,2,sa1,SA1,1,house,House,1,none,No FE,1,full,215,0.0492047546820637,0.054045886256024,0.00484113157396028
shops1,Shops within 1 km,primary,2,sa1,SA1,1,house,House,1,none,No FE,1,full,216,0.048364745380085,0.0519719026574068,0.00360715727732174
shops1,Shops within 1 km,primary,2,sa1,SA1,1,house,House,1,none,No FE,1,full,217,0.0502696385201464,0.0548700694209053,0.00460043090075887
shops1,Shops within 1 km,primary,2,sa1,SA1,1,house,House,1,none,No FE,1,full,218,0.0453617597117061,0.0479018117911794,0.0025400520794733
shops1,Shops within 1 km,primary,2,sa1,SA1,1,house,House,1,none,No FE,1,full,219,0.0488971212621106,0.0525881300997218,0.00369100883761116
shops1,Shops within 1 km,primary,2,sa1,SA1,1,house,House,1,none,No FE,1,full,220,0.0483077867104613,0.0501869865431827,0.00187919983272131
shops1,Shops within 1 km,primary,2,sa1,SA1,1,house,House,1,none,No FE,1,full,221,0.0491887858536479,0.0517918539095258,0.00260306805587786
shops1,Shops within 1 km,primary,2,sa1,SA1,1,house,House,1,none,No FE,1,full,222,0.0508885007053469,0.0538331676737355,0.00294466696838852
shops1,Shops within 1 km,primary,2,sa1,SA1,1,house,House,1,none,No FE,1,full,223,0.0447067095939749,0.0485584577358968,0.00385174814192189
shops1,Shops within 1 km,primary,2,sa1,SA1,1,house,House,1,none,No FE,1,full,224,0.0487163786090635,0.0515989657264405,0.00288258711737701
shops1,Shops within 1 km,primary,2,sa1,SA1,1,house,House,1,none,No FE,1,full,225,0.0490446272407004,0.0513459956964378,0.00230136845573736
shops1,Shops within 1 km,primary,2,sa1,SA1,1,house,House,1,none,No FE,1,full,226,0.0471541521068396,0.0506495876069699,0.00349543550013035
shops1,Shops within 1 km,primary,2,sa1,SA1,1,house,House,1,none,No FE,1,full,227,0.0531378758290657,0.0562101252464436,0.00307224941737791
shops1,Shops within 1 km,primary,2,sa1,SA1,1,house,House,1,none,No FE,1,full,228,0.0478165809490005,0.0518461614290629,0.00402958048006242
shops1,Shops within 1 km,primary,2,sa1,SA1,1,house,House,1,none,No FE,1,full,229,0.0475198224559396,0.0512956307818287,0.00377580832588911
shops1,Shops within 1 km,primary,2,sa1,SA1,1,house,House,1,none,No FE,1,full,230,0.0462487702422553,0.0484992957421591,0.00225052549990381
shops1,Shops within 1 km,primary,2,sa1,SA1,1,house,House,1,none,No FE,1,full,231,0.0457091652373364,0.0484892970665262,0.00278013182918981
shops1,Shops within 1 km,primary,2,sa1,SA1,1,house,House,1,none,No FE,1,full,232,0.0456644347503852,0.051051631961927,0.00538719721154181
shops1,Shops within 1 km,primary,2,sa1,SA1,1,house,House,1,none,No FE,1,full,233,0.0470220404918728,0.0498166980023772,0.00279465751050433
shops1,Shops within 1 km,primary,2,sa1,SA1,1,house,House,1,none,No FE,1,full,234,0.0504887483070206,0.0525942825115733,0.00210553420455267
shops1,Shops within 1 km,primary,2,sa1,SA1,1,house,House,1,none,No FE,1,full,235,0.0480755961379538,0.0528612105115042,0.00478561437355043
shops1,Shops within 1 km,primary,2,sa1,SA1,1,house,House,1,none,No FE,1,full,236,0.0499610941342551,0.0519144533370277,0.00195335920277267
shops1,Shops within 1 km,primary,2,sa1,SA1,1,house,House,1,none,No FE,1,full,237,0.0448800668782284,0.0487709238402606,0.00389085696203224
shops1,Shops within 1 km,primary,2,sa1,SA1,1,house,House,1,none,No FE,1,full,238,0.046381962300978,0.0500126435745009,0.00363068127352284
shops1,Shops within 1 km,primary,2,sa1,SA1,1,house,House,1,none,No FE,1,full,239,0.0454746312304717,0.049058314940462,0.00358368370999038
shops1,Shops within 1 km,primary,2,sa1,SA1,1,house,House,1,none,No FE,1,full,240,0.0461399289197668,0.0500988265757631,0.00395889765599636
shops1,Shops within 1 km,primary,2,sa1,SA1,1,house,House,1,none,No FE,1,full,241,0.0470553600506892,0.0510903535385847,0.00403499348789541
shops1,Shops within 1 km,primary,2,sa1,SA1,1,house,House,1,none,No FE,1,full,242,0.0458862122598206,0.0501266317257688,0.00424041946594821
shops1,Shops within 1 km,primary,2,sa1,SA1,1,house,House,1,none,No FE,1,full,243,0.0471088156690636,0.0501699465174954,0.00306113084843176
shops1,Shops within 1 km,primary,2,sa1,SA1,1,house,House,1,none,No FE,1,full,244,0.0469572744174346,0.0504728887703281,0.00351561435289345
shops1,Shops within 1 km,primary,2,sa1,SA1,1,house,House,1,none,No FE,1,full,245,0.0480943678110558,0.0511722165839152,0.00307784877285938
shops1,Shops within 1 km,primary,2,sa1,SA1,1,house,House,1,none,No FE,1,full,246,0.0442695520166981,0.0485258123755783,0.00425626035888026
shops1,Shops within 1 km,primary,2,sa1,SA1,1,house,House,1,none,No FE,1,full,247,0.0467604026691519,0.0511279040579574,0.00436750138880549
shops1,Shops within 1 km,primary,2,sa1,SA1,1,house,House,1,none,No FE,1,full,248,0.0490824966339903,0.0513167106589224,0.00223421402493209
shops1,Shops within 1 km,primary,2,sa1,SA1,1,house,House,1,none,No FE,1,full,249,0.0468681855088044,0.049692914815762,0.00282472930695755
shops1,Shops within 1 km,primary,2,sa1,SA1,1,house,House,1,none,No FE,1,full,250,0.0470640374531387,0.0500032739679075,0.00293923651476888
shops1,Shops within 1 km,primary,2,sa1,SA1,1,house,House,1,none,No FE,1,full,251,0.048554071091707,0.0543443144606692,0.00579024336896219
shops1,Shops within 1 km,primary,2,sa1,SA1,1,house,House,1,none,No FE,1,full,252,0.046425159314688,0.0495413693297854,0.00311621001509736
shops1,Shops within 1 km,primary,2,sa1,SA1,1,house,House,1,none,No FE,1,full,253,0.0448335930029907,0.0473139571643665,0.00248036416137586
shops1,Shops within 1 km,primary,2,sa1,SA1,1,house,House,1,none,No FE,1,full,254,0.0470116729578205,0.0489209881310548,0.0019093151732343
shops1,Shops within 1 km,primary,2,sa1,SA1,1,house,House,1,none,No FE,1,full,255,0.0489215342556029,0.0524736964391434,0.00355216218354052
shops1,Shops within 1 km,primary,2,sa1,SA1,1,house,House,1,none,No FE,1,full,256,0.050375986195587,0.0530571296410263,0.0026811434454393
shops1,Shops within 1 km,primary,2,sa1,SA1,1,house,House,1,none,No FE,1,full,257,0.0488959159127993,0.0523683124466996,0.00347239653390027
shops1,Shops within 1 km,primary,2,sa1,SA1,1,house,House,1,none,No FE,1,full,258,0.0457451637180779,0.049984109019217,0.00423894530113916
shops1,Shops within 1 km,primary,2,sa1,SA1,1,house,House,1,none,No FE,1,full,259,0.0489803226325927,0.0528546545780457,0.00387433194545297
shops1,Shops within 1 km,primary,2,sa1,SA1,1,house,House,1,none,No FE,1,full,260,0.0453589031935821,0.0493817661712044,0.00402286297762231
shops1,Shops within 1 km,primary,2,sa1,SA1,1,house,House,1,none,No FE,1,full,261,0.048450560859425,0.051956659820741,0.00350609896131601
shops1,Shops within 1 km,primary,2,sa1,SA1,1,house,House,1,none,No FE,1,full,262,0.0474951193924429,0.048885393351207,0.00139027395876413
shops1,Shops within 1 km,primary,2,sa1,SA1,1,house,House,1,none,No FE,1,full,263,0.0479698974270328,0.0496838361143552,0.00171393868732237
shops1,Shops within 1 km,primary,2,sa1,SA1,1,house,House,1,none,No FE,1,full,264,0.0479196690279821,0.0501578463625567,0.00223817733457457
shops1,Shops within 1 km,primary,2,sa1,SA1,1,house,House,1,none,No FE,1,full,265,0.0476228718994815,0.0506386259203108,0.00301575402082927
shops1,Shops within 1 km,primary,2,sa1,SA1,1,house,House,1,none,No FE,1,full,266,0.0478424305741905,0.0515492199109233,0.0037067893367328
shops1,Shops within 1 km,primary,2,sa1,SA1,1,house,House,1,none,No FE,1,full,267,0.0481941155190804,0.0522570786614562,0.00406296314237582
shops1,Shops within 1 km,primary,2,sa1,SA1,1,house,House,1,none,No FE,1,full,268,0.0479204981456337,0.0505654684067549,0.00264497026112126
shops1,Shops within 1 km,primary,2,sa1,SA1,1,house,House,1,none,No FE,1,full,269,0.0466771973883367,0.0500332897219362,0.0033560923335995
shops1,Shops within 1 km,primary,2,sa1,SA1,1,house,House,1,none,No FE,1,full,270,0.0497407627997305,0.0529248394394815,0.00318407663975109
shops1,Shops within 1 km,primary,2,sa1,SA1,1,house,House,1,none,No FE,1,full,271,0.0482117084960817,0.053181544965712,0.00496983646963025
shops1,Shops within 1 km,primary,2,sa1,SA1,1,house,House,1,none,No FE,1,full,272,0.0459766596307165,0.0491885223373528,0.00321186270663627
shops1,Shops within 1 km,primary,2,sa1,SA1,1,house,House,1,none,No FE,1,full,273,0.047490818737022,0.050759510977276,0.00326869224025399
shops1,Shops within 1 km,primary,2,sa1,SA1,1,house,House,1,none,No FE,1,full,274,0.0494805048449732,0.0519208140238448,0.00244030917887167
shops1,Shops within 1 km,primary,2,sa1,SA1,1,house,House,1,none,No FE,1,full,275,0.0467980170176617,0.0505419377728962,0.0037439207552345
shops1,Shops within 1 km,primary,2,sa1,SA1,1,house,House,1,none,No FE,1,full,276,0.0465375658904952,0.0484991431300446,0.00196157723954937
shops1,Shops within 1 km,primary,2,sa1,SA1,1,house,House,1,none,No FE,1,full,277,0.0483402169190217,0.0520123125875118,0.00367209566849003
shops1,Shops within 1 km,primary,2,sa1,SA1,1,house,House,1,none,No FE,1,full,278,0.0478007690283904,0.0514005926748181,0.00359982364642768
shops1,Shops within 1 km,primary,2,sa1,SA1,1,house,House,1,none,No FE,1,full,279,0.0473785023631343,0.0490900319586993,0.001711529595565
shops1,Shops within 1 km,primary,2,sa1,SA1,1,house,House,1,none,No FE,1,full,280,0.0469888017877833,0.0487907203125286,0.0018019185247453
shops1,Shops within 1 km,primary,2,sa1,SA1,1,house,House,1,none,No FE,1,full,281,0.0459003840178851,0.0497024470532336,0.00380206303534856
shops1,Shops within 1 km,primary,2,sa1,SA1,1,house,House,1,none,No FE,1,full,282,0.0469362749315666,0.050551195641565,0.00361492070999832
shops1,Shops within 1 km,primary,2,sa1,SA1,1,house,House,1,none,No FE,1,full,283,0.0468113377095234,0.0502729606866812,0.00346162297715779
shops1,Shops within 1 km,primary,2,sa1,SA1,1,house,House,1,none,No FE,1,full,284,0.0480174274516983,0.0505921231006139,0.00257469564891559
shops1,Shops within 1 km,primary,2,sa1,SA1,1,house,House,1,none,No FE,1,full,285,0.0466800583795866,0.0498595407461879,0.0031794823666013
shops1,Shops within 1 km,primary,2,sa1,SA1,1,house,House,1,none,No FE,1,full,286,0.0458070939269246,0.049414855519216,0.00360776159229138
shops1,Shops within 1 km,primary,2,sa1,SA1,1,house,House,1,none,No FE,1,full,287,0.0477974468274229,0.0513945120303984,0.00359706520297552
shops1,Shops within 1 km,primary,2,sa1,SA1,1,house,House,1,none,No FE,1,full,288,0.0447942964282743,0.0480544723843071,0.00326017595603278
shops1,Shops within 1 km,primary,2,sa1,SA1,1,house,House,1,none,No FE,1,full,289,0.0456291809505235,0.0472946955159763,0.00166551456545282
shops1,Shops within 1 km,primary,2,sa1,SA1,1,house,House,1,none,No FE,1,full,290,0.0454960827612536,0.0484332643930473,0.00293718163179378
shops1,Shops within 1 km,primary,2,sa1,SA1,1,house,House,1,none,No FE,1,full,291,0.0476843324168073,0.0502484325677869,0.00256410015097962
shops1,Shops within 1 km,primary,2,sa1,SA1,1,house,House,1,none,No FE,1,full,292,0.0459515496211811,0.048518416100099,0.00256686647891783
shops1,Shops within 1 km,primary,2,sa1,SA1,1,house,House,1,none,No FE,1,full,293,0.0485229284015952,0.0508393741952209,0.00231644579362571
shops1,Shops within 1 km,primary,2,sa1,SA1,1,house,House,1,none,No FE,1,full,294,0.0449935961651277,0.0476345628189432,0.00264096665381548
shops1,Shops within 1 km,primary,2,sa1,SA1,1,house,House,1,none,No FE,1,full,295,0.0481175355051127,0.0517798006504729,0.00366226514536026
shops1,Shops within 1 km,primary,2,sa1,SA1,1,house,House,1,none,No FE,1,full,296,0.0432576808795214,0.0471183853735126,0.00386070449399126
shops1,Shops within 1 km,primary,2,sa1,SA1,1,house,House,1,none,No FE,1,full,297,0.0444938800283633,0.047352932820036,0.00285905279167274
shops1,Shops within 1 km,primary,2,sa1,SA1,1,house,House,1,none,No FE,1,full,298,0.048976954469465,0.0520863692426832,0.00310941477321818
shops1,Shops within 1 km,primary,2,sa1,SA1,1,house,House,1,none,No FE,1,full,299,0.0505117346339113,0.0539616608139921,0.00344992618008073
shops1,Shops within 1 km,primary,2,sa1,SA1,1,house,House,1,none,No FE,1,full,300,0.0491543570780277,0.0514812402603769,0.00232688318234921
shops1,Shops within 1 km,primary,2,sa1,SA1,1,house,House,1,none,No FE,1,full,301,0.0502607539873319,0.053259059674693,0.00299830568736111
shops1,Shops within 1 km,primary,2,sa1,SA1,1,house,House,1,none,No FE,1,full,302,0.0445558507419196,0.0464932283496044,0.0019373776076848
shops1,Shops within 1 km,primary,2,sa1,SA1,1,house,House,1,none,No FE,1,full,303,0.0484690983863031,0.0524095357837588,0.00394043739745567
shops1,Shops within 1 km,primary,2,sa1,SA1,1,house,House,1,none,No FE,1,full,304,0.0482940751046852,0.052595926749023,0.00430185164433777
shops1,Shops within 1 km,primary,2,sa1,SA1,1,house,House,1,none,No FE,1,full,305,0.0481647380277637,0.0510245278427646,0.00285978981500089
shops1,Shops within 1 km,primary,2,sa1,SA1,1,house,House,1,none,No FE,1,full,306,0.0460462500354498,0.0517236455476077,0.00567739551215786
shops1,Shops within 1 km,primary,2,sa1,SA1,1,house,House,1,none,No FE,1,full,307,0.0481769543840268,0.0526249047024253,0.0044479503183985
shops1,Shops within 1 km,primary,2,sa1,SA1,1,house,House,1,none,No FE,1,full,308,0.0486419187642556,0.0520979727434603,0.00345605397920464
shops1,Shops within 1 km,primary,2,sa1,SA1,1,house,House,1,none,No FE,1,full,309,0.0460574786369956,0.050990838334563,0.00493335969756737
shops1,Shops within 1 km,primary,2,sa1,SA1,1,house,House,1,none,No FE,1,full,310,0.0476841220783971,0.0498424675614326,0.00215834548303551
shops1,Shops within 1 km,primary,2,sa1,SA1,1,house,House,1,none,No FE,1,full,311,0.0498025205508267,0.0526504146306271,0.00284789407980041
shops1,Shops within 1 km,primary,2,sa1,SA1,1,house,House,1,none,No FE,1,full,312,0.0481026942152041,0.051465004731977,0.00336231051677297
shops1,Shops within 1 km,primary,2,sa1,SA1,1,house,House,1,none,No FE,1,full,313,0.0460618282903318,0.0495965842305649,0.00353475594023305
shops1,Shops within 1 km,primary,2,sa1,SA1,1,house,House,1,none,No FE,1,full,314,0.0458901319593607,0.0498862950771582,0.00399616311779751
shops1,Shops within 1 km,primary,2,sa1,SA1,1,house,House,1,none,No FE,1,full,315,0.0463948103865087,0.0499276818982288,0.00353287151172015
shops1,Shops within 1 km,primary,2,sa1,SA1,1,house,House,1,none,No FE,1,full,316,0.0469687240688021,0.0501137297089683,0.00314500564016621
shops1,Shops within 1 km,primary,2,sa1,SA1,1,house,House,1,none,No FE,1,full,317,0.0471690607076323,0.0511070058839223,0.00393794517629001
shops1,Shops within 1 km,primary,2,sa1,SA1,1,house,House,1,none,No FE,1,full,318,0.0463267685230868,0.0489299138135885,0.00260314529050171
shops1,Shops within 1 km,primary,2,sa1,SA1,1,house,House,1,none,No FE,1,full,319,0.0481282640633772,0.0511372405347906,0.00300897647141336
shops1,Shops within 1 km,primary,2,sa1,SA1,1,house,House,1,none,No FE,1,full,320,0.0466116126767503,0.049485667131195,0.0028740544544447
shops1,Shops within 1 km,primary,2,sa1,SA1,1,house,House,1,none,No FE,1,full,321,0.0489461133285771,0.05264017265089,0.00369405932231284
shops1,Shops within 1 km,primary,2,sa1,SA1,1,house,House,1,none,No FE,1,full,322,0.0476702321133015,0.0523746729377282,0.00470444082442674
shops1,Shops within 1 km,primary,2,sa1,SA1,1,house,House,1,none,No FE,1,full,323,0.0479295965451582,0.0515407518711556,0.00361115532599739
shops1,Shops within 1 km,primary,2,sa1,SA1,1,house,House,1,none,No FE,1,full,324,0.0462506773404919,0.0491703132827209,0.00291963594222905
shops1,Shops within 1 km,primary,2,sa1,SA1,1,house,House,1,none,No FE,1,full,325,0.0495281278717414,0.0529213710720131,0.00339324320027166
shops1,Shops within 1 km,primary,2,sa1,SA1,1,house,House,1,none,No FE,1,full,326,0.0451442213421819,0.046866469394985,0.0017222480528031
shops1,Shops within 1 km,primary,2,sa1,SA1,1,house,House,1,none,No FE,1,full,327,0.0465735960161522,0.0487393411886265,0.00216574517247424
shops1,Shops within 1 km,primary,2,sa1,SA1,1,house,House,1,none,No FE,1,full,328,0.0466500005198485,0.0499962446622146,0.00334624414236615
shops1,Shops within 1 km,primary,2,sa1,SA1,1,house,House,1,none,No FE,1,full,329,0.0495445687974261,0.0517660964911987,0.00222152769377255
shops1,Shops within 1 km,primary,2,sa1,SA1,1,house,House,1,none,No FE,1,full,330,0.0477904603902733,0.0513001583645583,0.00350969797428501
shops1,Shops within 1 km,primary,2,sa1,SA1,1,house,House,1,none,No FE,1,full,331,0.0478033404294907,0.052464349681586,0.00466100925209529
shops1,Shops within 1 km,primary,2,sa1,SA1,1,house,House,1,none,No FE,1,full,332,0.045993316727081,0.0500630903747161,0.00406977364763508
shops1,Shops within 1 km,primary,2,sa1,SA1,1,house,House,1,none,No FE,1,full,333,0.047815202117141,0.0514088204974191,0.00359361838027814
shops1,Shops within 1 km,primary,2,sa1,SA1,1,house,House,1,none,No FE,1,full,334,0.0471280587757798,0.0504417834515763,0.00331372467579651
shops1,Shops within 1 km,primary,2,sa1,SA1,1,house,House,1,none,No FE,1,full,335,0.0466803806127498,0.0510750943361419,0.00439471372339218
shops1,Shops within 1 km,primary,2,sa1,SA1,1,house,House,1,none,No FE,1,full,336,0.0480456541910932,0.0511205710120322,0.00307491682093899
shops1,Shops within 1 km,primary,2,sa1,SA1,1,house,House,1,none,No FE,1,full,337,0.0502230110148819,0.0542354599539843,0.00401244893910233
shops1,Shops within 1 km,primary,2,sa1,SA1,1,house,House,1,none,No FE,1,full,338,0.0466023789762147,0.0510220581662935,0.0044196791900788
shops1,Shops within 1 km,primary,2,sa1,SA1,1,house,House,1,none,No FE,1,full,339,0.0496794046758628,0.0539293603466973,0.00424995567083452
shops1,Shops within 1 km,primary,2,sa1,SA1,1,house,House,1,none,No FE,1,full,340,0.0489164775669965,0.0514418976487107,0.00252542008171414
shops1,Shops within 1 km,primary,2,sa1,SA1,1,house,House,1,none,No FE,1,full,341,0.0494159876895725,0.0529775110642172,0.00356152337464476
shops1,Shops within 1 km,primary,2,sa1,SA1,1,house,House,1,none,No FE,1,full,342,0.044785839036166,0.0478811266873434,0.00309528765117747
shops1,Shops within 1 km,primary,2,sa1,SA1,1,house,House,1,none,No FE,1,full,343,0.0473319294409667,0.0488238632774981,0.0014919338365314
shops1,Shops within 1 km,primary,2,sa1,SA1,1,house,House,1,none,No FE,1,full,344,0.0460260619772454,0.0496132766654727,0.00358721468822732
shops1,Shops within 1 km,primary,2,sa1,SA1,1,house,House,1,none,No FE,1,full,345,0.0472995814590809,0.0507532337844205,0.00345365232533954
shops1,Shops within 1 km,primary,2,sa1,SA1,1,house,House,1,none,No FE,1,full,346,0.0456023733681768,0.0488478769091357,0.00324550354095888
shops1,Shops within 1 km,primary,2,sa1,SA1,1,house,House,1,none,No FE,1,full,347,0.0470047752786875,0.0507734393615036,0.00376866408281606
shops1,Shops within 1 km,primary,2,sa1,SA1,1,house,House,1,none,No FE,1,full,348,0.0446151713807252,0.0468556847614966,0.0022405133807714
shops1,Shops within 1 km,primary,2,sa1,SA1,1,house,House,1,none,No FE,1,full,349,0.0499227227751527,0.0535015529303493,0.00357883015519653
shops1,Shops within 1 km,primary,2,sa1,SA1,1,house,House,1,none,No FE,1,full,350,0.0475784396960869,0.0497214272232017,0.00214298752711484
shops1,Shops within 1 km,primary,2,sa1,SA1,1,house,House,1,none,No FE,1,full,351,0.0468154820625418,0.0510464678138461,0.00423098575130435
shops1,Shops within 1 km,primary,2,sa1,SA1,1,house,House,1,none,No FE,1,full,352,0.0500760183160121,0.0525794644923152,0.00250344617630312
shops1,Shops within 1 km,primary,2,sa1,SA1,1,house,House,1,none,No FE,1,full,353,0.0461235450006553,0.0497301018671248,0.00360655686646957
shops1,Shops within 1 km,primary,2,sa1,SA1,1,house,House,1,none,No FE,1,full,354,0.0471192076764449,0.0491280888600427,0.00200888118359784
shops1,Shops within 1 km,primary,2,sa1,SA1,1,house,House,1,none,No FE,1,full,355,0.0442903003567724,0.0492499268765889,0.00495962651981649
shops1,Shops within 1 km,primary,2,sa1,SA1,1,house,House,1,none,No FE,1,full,356,0.048811320029346,0.0503550868736923,0.00154376684434627
shops1,Shops within 1 km,primary,2,sa1,SA1,1,house,House,1,none,No FE,1,full,357,0.0497969973925909,0.0532385295922061,0.00344153219961517
shops1,Shops within 1 km,primary,2,sa1,SA1,1,house,House,1,none,No FE,1,full,358,0.0460708533228786,0.0510721306296528,0.00500127730677429
shops1,Shops within 1 km,primary,2,sa1,SA1,1,house,House,1,none,No FE,1,full,359,0.0467711699013791,0.0513278011754203,0.0045566312740412
shops1,Shops within 1 km,primary,2,sa1,SA1,1,house,House,1,none,No FE,1,full,360,0.0466915064711906,0.0502740974171512,0.00358259094596059
shops1,Shops within 1 km,primary,2,sa1,SA1,1,house,House,1,none,No FE,1,full,361,0.0476400823952214,0.0513458134465534,0.00370573105133204
shops1,Shops within 1 km,primary,2,sa1,SA1,1,house,House,1,none,No FE,1,full,362,0.047530263801302,0.0507899890640015,0.00325972526269957
shops1,Shops within 1 km,primary,2,sa1,SA1,1,house,House,1,none,No FE,1,full,363,0.0454418908868448,0.0478723423452,0.00243045145835521
shops1,Shops within 1 km,primary,2,sa1,SA1,1,house,House,1,none,No FE,1,full,364,0.0476285592699048,0.0501289983030617,0.00250043903315685
shops1,Shops within 1 km,primary,2,sa1,SA1,1,house,House,1,none,No FE,1,full,365,0.0454041768034947,0.0502286863513574,0.00482450954786264
shops1,Shops within 1 km,primary,2,sa1,SA1,1,house,House,1,none,No FE,1,full,366,0.0463347914485401,0.0488836413112147,0.00254884986267461
shops1,Shops within 1 km,primary,2,sa1,SA1,1,house,House,1,none,No FE,1,full,367,0.0477152458306387,0.0506012546508686,0.00288600882022996
shops1,Shops within 1 km,primary,2,sa1,SA1,1,house,House,1,none,No FE,1,full,368,0.0465114695389139,0.0497065794128579,0.00319510987394392
shops1,Shops within 1 km,primary,2,sa1,SA1,1,house,House,1,none,No FE,1,full,369,0.0440362377408839,0.0471067204944046,0.00307048275352075
shops1,Shops within 1 km,primary,2,sa1,SA1,1,house,House,1,none,No FE,1,full,370,0.04936285516335,0.0515406389264764,0.00217778376312642
shops1,Shops within 1 km,primary,2,sa1,SA1,1,house,House,1,none,No FE,1,full,371,0.0488958143598067,0.0537433104337575,0.00484749607395083
shops1,Shops within 1 km,primary,2,sa1,SA1,1,house,House,1,none,No FE,1,full,372,0.0460307494657913,0.0495937067053332,0.00356295723954188
shops1,Shops within 1 km,primary,2,sa1,SA1,1,house,House,1,none,No FE,1,full,373,0.0472895827316625,0.0508178419327942,0.00352825920113173
shops1,Shops within 1 km,primary,2,sa1,SA1,1,house,House,1,none,No FE,1,full,374,0.045625287492201,0.0503491501363207,0.00472386264411961
shops1,Shops within 1 km,primary,2,sa1,SA1,1,house,House,1,none,No FE,1,full,375,0.0484841733630835,0.0523450689564495,0.00386089559336603
shops1,Shops within 1 km,primary,2,sa1,SA1,1,house,House,1,none,No FE,1,full,376,0.0466948212557643,0.0492258083927006,0.00253098713693636
shops1,Shops within 1 km,primary,2,sa1,SA1,1,house,House,1,none,No FE,1,full,377,0.0474020945847135,0.0513027429375589,0.00390064835284539
shops1,Shops within 1 km,primary,2,sa1,SA1,1,house,House,1,none,No FE,1,full,378,0.048633545472577,0.0519543154955649,0.0033207700229879
shops1,Shops within 1 km,primary,2,sa1,SA1,1,house,House,1,none,No FE,1,full,379,0.0500436968714006,0.0526994262330548,0.00265572936165415
shops1,Shops within 1 km,primary,2,sa1,SA1,1,house,House,1,none,No FE,1,full,380,0.0457469246295046,0.0511668948201767,0.00541997019067211
shops1,Shops within 1 km,primary,2,sa1,SA1,1,house,House,1,none,No FE,1,full,381,0.0489154817252648,0.0528621591561156,0.00394667743085079
shops1,Shops within 1 km,primary,2,sa1,SA1,1,house,House,1,none,No FE,1,full,382,0.0462984213313403,0.0498449150279807,0.00354649369664035
shops1,Shops within 1 km,primary,2,sa1,SA1,1,house,House,1,none,No FE,1,full,383,0.0494203014600136,0.0523658548128956,0.00294555335288198
shops1,Shops within 1 km,primary,2,sa1,SA1,1,house,House,1,none,No FE,1,full,384,0.0472274996063481,0.0494397819485756,0.00221228234222747
shops1,Shops within 1 km,primary,2,sa1,SA1,1,house,House,1,none,No FE,1,full,385,0.0460106941575893,0.0507980814606235,0.00478738730303414
shops1,Shops within 1 km,primary,2,sa1,SA1,1,house,House,1,none,No FE,1,full,386,0.0475922665946186,0.0502101992104914,0.00261793261587274
shops1,Shops within 1 km,primary,2,sa1,SA1,1,house,House,1,none,No FE,1,full,387,0.0492707538505971,0.0535135349196849,0.00424278106908779
shops1,Shops within 1 km,primary,2,sa1,SA1,1,house,House,1,none,No FE,1,full,388,0.0526507492744909,0.0555190704872357,0.00286832121274484
shops1,Shops within 1 km,primary,2,sa1,SA1,1,house,House,1,none,No FE,1,full,389,0.0479322834106467,0.0502332939464854,0.0023010105358387
shops1,Shops within 1 km,primary,2,sa1,SA1,1,house,House,1,none,No FE,1,full,390,0.0457645034632157,0.0487355898952582,0.00297108643204255
shops1,Shops within 1 km,primary,2,sa1,SA1,1,house,House,1,none,No FE,1,full,391,0.0476753442986456,0.0491883545175755,0.00151301021892996
shops1,Shops within 1 km,primary,2,sa1,SA1,1,house,House,1,none,No FE,1,full,392,0.0461624799032329,0.0484396833363582,0.00227720343312533
shops1,Shops within 1 km,primary,2,sa1,SA1,1,house,House,1,none,No FE,1,full,393,0.0438144069203343,0.0468706336786917,0.00305622675835735
shops1,Shops within 1 km,primary,2,sa1,SA1,1,house,House,1,none,No FE,1,full,394,0.0466938648135363,0.0489021294959183,0.00220826468238202
shops1,Shops within 1 km,primary,2,sa1,SA1,1,house,House,1,none,No FE,1,full,395,0.0476364986092265,0.0514569186916722,0.00382042008244573
shops1,Shops within 1 km,primary,2,sa1,SA1,1,house,House,1,none,No FE,1,full,396,0.0437521583301913,0.0463485174327829,0.00259635910259155
shops1,Shops within 1 km,primary,2,sa1,SA1,1,house,House,1,none,No FE,1,full,397,0.0450927505651376,0.0475499019318348,0.00245715136669718
shops1,Shops within 1 km,primary,2,sa1,SA1,1,house,House,1,none,No FE,1,full,398,0.0454678533282377,0.0496891137148432,0.00422126038660546
shops1,Shops within 1 km,primary,2,sa1,SA1,1,house,House,1,none,No FE,1,full,399,0.0452053307032639,0.0480163921143842,0.0028110614111203
shops1,Shops within 1 km,primary,2,sa1,SA1,1,house,House,1,none,No FE,1,full,400,0.0448865920216894,0.0469740902590206,0.00208749823733128
shops1,Shops within 1 km,primary,2,sa1,SA1,1,house,House,1,none,No FE,1,full,401,0.0461610357859906,0.0500356871227918,0.00387465133680118
shops1,Shops within 1 km,primary,2,sa1,SA1,1,house,House,1,none,No FE,1,full,402,0.0464943794579398,0.0475886040104622,0.00109422455252241
shops1,Shops within 1 km,primary,2,sa1,SA1,1,house,House,1,none,No FE,1,full,403,0.0461936191175481,0.0504837674063858,0.00429014828883773
shops1,Shops within 1 km,primary,2,sa1,SA1,1,house,House,1,none,No FE,1,full,404,0.0489879004628541,0.0531406869456048,0.00415278648275073
shops1,Shops within 1 km,primary,2,sa1,SA1,1,house,House,1,none,No FE,1,full,405,0.0483041086430416,0.0509130552740699,0.00260894663102827
shops1,Shops within 1 km,primary,2,sa1,SA1,1,house,House,1,none,No FE,1,full,406,0.044559726340456,0.047452367077899,0.00289264073744302
shops1,Shops within 1 km,primary,2,sa1,SA1,1,house,House,1,none,No FE,1,full,407,0.0499221211818584,0.0527458821652822,0.00282376098342375
shops1,Shops within 1 km,primary,2,sa1,SA1,1,house,House,1,none,No FE,1,full,408,0.0474969039172639,0.0499513081501094,0.0024544042328455
shops1,Shops within 1 km,primary,2,sa1,SA1,1,house,House,1,none,No FE,1,full,409,0.0483442598616797,0.0515193182900955,0.00317505842841572
shops1,Shops within 1 km,primary,2,sa1,SA1,1,house,House,1,none,No FE,1,full,410,0.0488040229659827,0.0517387404300919,0.00293471746410919
shops1,Shops within 1 km,primary,2,sa1,SA1,1,house,House,1,none,No FE,1,full,411,0.0481092587327601,0.0502438071555395,0.00213454842277937
shops1,Shops within 1 km,primary,2,sa1,SA1,1,house,House,1,none,No FE,1,full,412,0.0491137821835423,0.0510030598184153,0.00188927763487297
shops1,Shops within 1 km,primary,2,sa1,SA1,1,house,House,1,none,No FE,1,full,413,0.0461637728602037,0.0498108792993461,0.00364710643914246
shops1,Shops within 1 km,primary,2,sa1,SA1,1,house,House,1,none,No FE,1,full,414,0.0483427283718098,0.053837539757412,0.00549481138560218
shops1,Shops within 1 km,primary,2,sa1,SA1,1,house,House,1,none,No FE,1,full,415,0.0461413842032381,0.0487247881167758,0.00258340391353765
shops1,Shops within 1 km,primary,2,sa1,SA1,1,house,House,1,none,No FE,1,full,416,0.0444854438262126,0.0470324686417835,0.00254702481557085
shops1,Shops within 1 km,primary,2,sa1,SA1,1,house,House,1,none,No FE,1,full,417,0.0509179628374258,0.0545317402610365,0.00361377742361075
shops1,Shops within 1 km,primary,2,sa1,SA1,1,house,House,1,none,No FE,1,full,418,0.0489082599873656,0.0524346167871669,0.00352635679980137
shops1,Shops within 1 km,primary,2,sa1,SA1,1,house,House,1,none,No FE,1,full,419,0.0472612905255099,0.0502261284413279,0.00296483791581802
shops1,Shops within 1 km,primary,2,sa1,SA1,1,house,House,1,none,No FE,1,full,420,0.0462759354277149,0.0496327547097063,0.00335681928199138
shops1,Shops within 1 km,primary,2,sa1,SA1,1,house,House,1,none,No FE,1,full,421,0.0496235980046999,0.0517063131774924,0.00208271517279256
shops1,Shops within 1 km,primary,2,sa1,SA1,1,house,House,1,none,No FE,1,full,422,0.048991835800842,0.0528090149218311,0.00381717912098903
shops1,Shops within 1 km,primary,2,sa1,SA1,1,house,House,1,none,No FE,1,full,423,0.0462492551298046,0.0495564287962348,0.00330717366643016
shops1,Shops within 1 km,primary,2,sa1,SA1,1,house,House,1,none,No FE,1,full,424,0.0467917226865084,0.0494855642426533,0.00269384155614495
shops1,Shops within 1 km,primary,2,sa1,SA1,1,house,House,1,none,No FE,1,full,425,0.0469840025232511,0.0494996641328348,0.00251566160958367
shops1,Shops within 1 km,primary,2,sa1,SA1,1,house,House,1,none,No FE,1,full,426,0.0455475291052187,0.0476926749615085,0.00214514585628983
shops1,Shops within 1 km,primary,2,sa1,SA1,1,house,House,1,none,No FE,1,full,427,0.0504002688048452,0.0530478385067282,0.00264756970188301
shops1,Shops within 1 km,primary,2,sa1,SA1,1,house,House,1,none,No FE,1,full,428,0.049851414915205,0.0518115332623542,0.00196011834714919
shops1,Shops within 1 km,primary,2,sa1,SA1,1,house,House,1,none,No FE,1,full,429,0.0439385065922493,0.0484120206416379,0.00447351404938859
shops1,Shops within 1 km,primary,2,sa1,SA1,1,house,House,1,none,No FE,1,full,430,0.0502854040761524,0.0538195161130059,0.00353411203685352
shops1,Shops within 1 km,primary,2,sa1,SA1,1,house,House,1,none,No FE,1,full,431,0.0495387074096001,0.0514973110176831,0.00195860360808306
shops1,Shops within 1 km,primary,2,sa1,SA1,1,house,House,1,none,No FE,1,full,432,0.0471787241227375,0.051360951175561,0.00418222705282344
shops1,Shops within 1 km,primary,2,sa1,SA1,1,house,House,1,none,No FE,1,full,433,0.045730887584663,0.0493834773731841,0.00365258978852107
shops1,Shops within 1 km,primary,2,sa1,SA1,1,house,House,1,none,No FE,1,full,434,0.0474596959473047,0.0524921187790357,0.00503242283173099
shops1,Shops within 1 km,primary,2,sa1,SA1,1,house,House,1,none,No FE,1,full,435,0.046605704629216,0.049675898295244,0.00307019366602798
shops1,Shops within 1 km,primary,2,sa1,SA1,1,house,House,1,none,No FE,1,full,436,0.0481119423656149,0.0515666296022519,0.00345468723663694
shops1,Shops within 1 km,primary,2,sa1,SA1,1,house,House,1,none,No FE,1,full,437,0.0478217165495653,0.0524811676842779,0.00465945113471263
shops1,Shops within 1 km,primary,2,sa1,SA1,1,house,House,1,none,No FE,1,full,438,0.0463663387418289,0.0504343210114934,0.0040679822696645
shops1,Shops within 1 km,primary,2,sa1,SA1,1,house,House,1,none,No FE,1,full,439,0.0493589614647928,0.0538188974863523,0.00445993602155959
shops1,Shops within 1 km,primary,2,sa1,SA1,1,house,House,1,none,No FE,1,full,440,0.0466216149709963,0.0517359144762241,0.00511429950522779
shops1,Shops within 1 km,primary,2,sa1,SA1,1,house,House,1,none,No FE,1,full,441,0.0468000034661114,0.0503729356486941,0.00357293218258271
shops1,Shops within 1 km,primary,2,sa1,SA1,1,house,House,1,none,No FE,1,full,442,0.0468603479909152,0.0503583050701333,0.00349795707921807
shops1,Shops within 1 km,primary,2,sa1,SA1,1,house,House,1,none,No FE,1,full,443,0.0495750389480718,0.0538082364597866,0.00423319751171478
shops1,Shops within 1 km,primary,2,sa1,SA1,1,house,House,1,none,No FE,1,full,444,0.0469442424843747,0.0515874941326286,0.00464325164825388
shops1,Shops within 1 km,primary,2,sa1,SA1,1,house,House,1,none,No FE,1,full,445,0.0481328948396863,0.0541616874114525,0.00602879257176617
shops1,Shops within 1 km,primary,2,sa1,SA1,1,house,House,1,none,No FE,1,full,446,0.046086507313556,0.0517943073998549,0.00570780008629891
shops1,Shops within 1 km,primary,2,sa1,SA1,1,house,House,1,none,No FE,1,full,447,0.0483983584137373,0.0529911952628933,0.00459283684915602
shops1,Shops within 1 km,primary,2,sa1,SA1,1,house,House,1,none,No FE,1,full,448,0.051256513979331,0.0557131969981695,0.0044566830188385
shops1,Shops within 1 km,primary,2,sa1,SA1,1,house,House,1,none,No FE,1,full,449,0.049209691740309,0.0523129874887789,0.00310329574846993
shops1,Shops within 1 km,primary,2,sa1,SA1,1,house,House,1,none,No FE,1,full,450,0.045628880971513,0.0480104745293487,0.00238159355783572
shops1,Shops within 1 km,primary,2,sa1,SA1,1,house,House,1,none,No FE,1,full,451,0.0446112202960617,0.0477858171358347,0.003174596839773
shops1,Shops within 1 km,primary,2,sa1,SA1,1,house,House,1,none,No FE,1,full,452,0.0470502290257259,0.0507367369906071,0.00368650796488124
shops1,Shops within 1 km,primary,2,sa1,SA1,1,house,House,1,none,No FE,1,full,453,0.0473081203836431,0.0500067085413548,0.0026985881577117
shops1,Shops within 1 km,primary,2,sa1,SA1,1,house,House,1,none,No FE,1,full,454,0.0455619255582418,0.0488311370044669,0.00326921144622511
shops1,Shops within 1 km,primary,2,sa1,SA1,1,house,House,1,none,No FE,1,full,455,0.0436933536969232,0.0469927362957024,0.00329938259877921
shops1,Shops within 1 km,primary,2,sa1,SA1,1,house,House,1,none,No FE,1,full,456,0.0478840577614411,0.0501587598171251,0.00227470205568398
shops1,Shops within 1 km,primary,2,sa1,SA1,1,house,House,1,none,No FE,1,full,457,0.0488418684370223,0.0506862489285128,0.00184438049149051
shops1,Shops within 1 km,primary,2,sa1,SA1,1,house,House,1,none,No FE,1,full,458,0.047518912909847,0.0516277095630763,0.00410879665322933
shops1,Shops within 1 km,primary,2,sa1,SA1,1,house,House,1,none,No FE,1,full,459,0.0472100764315585,0.04983665144204,0.00262657501048148
shops1,Shops within 1 km,primary,2,sa1,SA1,1,house,House,1,none,No FE,1,full,460,0.0482769679499988,0.0510743699544767,0.00279740200447795
shops1,Shops within 1 km,primary,2,sa1,SA1,1,house,House,1,none,No FE,1,full,461,0.0471232768569117,0.0523670315953103,0.00524375473839857
shops1,Shops within 1 km,primary,2,sa1,SA1,1,house,House,1,none,No FE,1,full,462,0.0487040056021384,0.0512401864649483,0.00253618086280995
shops1,Shops within 1 km,primary,2,sa1,SA1,1,house,House,1,none,No FE,1,full,463,0.0482155342510623,0.051409405894499,0.00319387164343667
shops1,Shops within 1 km,primary,2,sa1,SA1,1,house,House,1,none,No FE,1,full,464,0.0443186452953394,0.0481069602986652,0.0037883150033258
shops1,Shops within 1 km,primary,2,sa1,SA1,1,house,House,1,none,No FE,1,full,465,0.0472659760227969,0.0500202992743986,0.00275432325160172
shops1,Shops within 1 km,primary,2,sa1,SA1,1,house,House,1,none,No FE,1,full,466,0.0497578447084504,0.0537087238391191,0.00395087913066867
shops1,Shops within 1 km,primary,2,sa1,SA1,1,house,House,1,none,No FE,1,full,467,0.0473490267815659,0.049939597235309,0.00259057045374318
shops1,Shops within 1 km,primary,2,sa1,SA1,1,house,House,1,none,No FE,1,full,468,0.0492063998680688,0.0516916472045738,0.00248524733650508
shops1,Shops within 1 km,primary,2,sa1,SA1,1,house,House,1,none,No FE,1,full,469,0.0445097607261622,0.0466392389411073,0.00212947821494507
shops1,Shops within 1 km,primary,2,sa1,SA1,1,house,House,1,none,No FE,1,full,470,0.0441740101211992,0.0471452297158346,0.00297121959463544
shops1,Shops within 1 km,primary,2,sa1,SA1,1,house,House,1,none,No FE,1,full,471,0.0450665592272074,0.049393544914795,0.0043269856875876
shops1,Shops within 1 km,primary,2,sa1,SA1,1,house,House,1,none,No FE,1,full,472,0.0481908702322762,0.0503554559419968,0.00216458570972065
shops1,Shops within 1 km,primary,2,sa1,SA1,1,house,House,1,none,No FE,1,full,473,0.0504816227173715,0.0538842001540882,0.00340257743671678
shops1,Shops within 1 km,primary,2,sa1,SA1,1,house,House,1,none,No FE,1,full,474,0.0483894272466094,0.0507591719854765,0.00236974473886705
shops1,Shops within 1 km,primary,2,sa1,SA1,1,house,House,1,none,No FE,1,full,475,0.0503917429145678,0.0528571600954618,0.002465417180894
shops1,Shops within 1 km,primary,2,sa1,SA1,1,house,House,1,none,No FE,1,full,476,0.046571533956288,0.0494649164535139,0.00289338249722598
shops1,Shops within 1 km,primary,2,sa1,SA1,1,house,House,1,none,No FE,1,full,477,0.0489548618333212,0.0504011477182489,0.00144628588492771
shops1,Shops within 1 km,primary,2,sa1,SA1,1,house,House,1,none,No FE,1,full,478,0.0477176183820794,0.050385615140489,0.00266799675840962
shops1,Shops within 1 km,primary,2,sa1,SA1,1,house,House,1,none,No FE,1,full,479,0.0451990062685392,0.0488475862671577,0.00364857999861847
shops1,Shops within 1 km,primary,2,sa1,SA1,1,house,House,1,none,No FE,1,full,480,0.0464190873337135,0.0498847996032322,0.00346571226951874
shops1,Shops within 1 km,primary,2,sa1,SA1,1,house,House,1,none,No FE,1,full,481,0.0466804818781086,0.0494628381105691,0.0027823562324605
shops1,Shops within 1 km,primary,2,sa1,SA1,1,house,House,1,none,No FE,1,full,482,0.0479686678421835,0.0516107504568857,0.00364208261470218
shops1,Shops within 1 km,primary,2,sa1,SA1,1,house,House,1,none,No FE,1,full,483,0.047536927093169,0.0495698312575618,0.0020329041643928
shops1,Shops within 1 km,primary,2,sa1,SA1,1,house,House,1,none,No FE,1,full,484,0.0466394625132235,0.0494747742360917,0.00283531172286819
shops1,Shops within 1 km,primary,2,sa1,SA1,1,house,House,1,none,No FE,1,full,485,0.0463521926399838,0.0517809666198322,0.00542877397984835
shops1,Shops within 1 km,primary,2,sa1,SA1,1,house,House,1,none,No FE,1,full,486,0.0444036558684711,0.0493367810704264,0.00493312520195524
shops1,Shops within 1 km,primary,2,sa1,SA1,1,house,House,1,none,No FE,1,full,487,0.0493147186271364,0.0535877515195069,0.00427303289237047
shops1,Shops within 1 km,primary,2,sa1,SA1,1,house,House,1,none,No FE,1,full,488,0.0485596713364383,0.0517261131091886,0.00316644177275028
shops1,Shops within 1 km,primary,2,sa1,SA1,1,house,House,1,none,No FE,1,full,489,0.0485214080166774,0.0527905128938922,0.00426910487721478
shops1,Shops within 1 km,primary,2,sa1,SA1,1,house,House,1,none,No FE,1,full,490,0.0478805803410025,0.0529669993367541,0.00508641899575158
shops1,Shops within 1 km,primary,2,sa1,SA1,1,house,House,1,none,No FE,1,full,491,0.0477133692281996,0.0527732935955647,0.00505992436736512
shops1,Shops within 1 km,primary,2,sa1,SA1,1,house,House,1,none,No FE,1,full,492,0.046142211887753,0.0513912467947164,0.00524903490696335
shops1,Shops within 1 km,primary,2,sa1,SA1,1,house,House,1,none,No FE,1,full,493,0.048456319459271,0.0516669414689465,0.00321062200967542
shops1,Shops within 1 km,primary,2,sa1,SA1,1,house,House,1,none,No FE,1,full,494,0.0483746097411292,0.0516416731266048,0.00326706338547566
shops1,Shops within 1 km,primary,2,sa1,SA1,1,house,House,1,none,No FE,1,full,495,0.048530657116032,0.052995704545609,0.00446504742957702
shops1,Shops within 1 km,primary,2,sa1,SA1,1,house,House,1,none,No FE,1,full,496,0.0468490570561202,0.0514431039223193,0.00459404686619908
shops1,Shops within 1 km,primary,2,sa1,SA1,1,house,House,1,none,No FE,1,full,497,0.0480709434390808,0.0517802618781544,0.00370931843907362
shops1,Shops within 1 km,primary,2,sa1,SA1,1,house,House,1,none,No FE,1,full,498,0.0490259629764394,0.05305561784633,0.00402965486989061
shops1,Shops within 1 km,primary,2,sa1,SA1,1,house,House,1,none,No FE,1,full,499,0.0467286102259904,0.0504006800184949,0.00367206979250451
shops1,Shops within 1 km,primary,2,sa1,SA1,1,house,House,1,none,No FE,1,full,500,0.0476166334134178,0.0513761749960834,0.00375954158266555
shops1,Shops within 1 km,primary,2,sa1,SA1,1,house,House,1,none,No FE,1,full,501,0.0482567130514484,0.0513289742273292,0.00307226117588086
shops1,Shops within 1 km,primary,2,sa1,SA1,1,house,House,1,none,No FE,1,full,502,0.0456658012845861,0.0496473309797012,0.00398152969511504
shops1,Shops within 1 km,primary,2,sa1,SA1,1,house,House,1,none,No FE,1,full,503,0.0496799440214709,0.052796323333536,0.00311637931206511
shops1,Shops within 1 km,primary,2,sa1,SA1,1,house,House,1,none,No FE,1,full,504,0.046599433331683,0.0494563380462574,0.00285690471457447
shops1,Shops within 1 km,primary,2,sa1,SA1,1,house,House,1,none,No FE,1,full,505,0.0473189345930696,0.0518140178001859,0.00449508320711626
shops1,Shops within 1 km,primary,2,sa1,SA1,1,house,House,1,none,No FE,1,full,506,0.0458398410015083,0.0500735437648772,0.00423370276336889
shops1,Shops within 1 km,primary,2,sa1,SA1,1,house,House,1,none,No FE,1,full,507,0.0456391173518942,0.0488515052522519,0.0032123879003577
shops1,Shops within 1 km,primary,2,sa1,SA1,1,house,House,1,none,No FE,1,full,508,0.0496693945400877,0.0527973114272009,0.00312791688711323
shops1,Shops within 1 km,primary,2,sa1,SA1,1,house,House,1,none,No FE,1,full,509,0.0476689717375976,0.0513359603381826,0.00366698860058495
shops1,Shops within 1 km,primary,2,sa1,SA1,1,house,House,1,none,No FE,1,full,510,0.0464802245557141,0.0490123183166748,0.00253209376096077
shops1,Shops within 1 km,primary,2,sa1,SA1,1,house,House,1,none,No FE,1,full,511,0.0477640636521424,0.0503612608306272,0.00259719717848481
shops1,Shops within 1 km,primary,2,sa1,SA1,1,house,House,1,none,No FE,1,full,512,0.0473223897468945,0.0505461944775048,0.00322380473061031
shops1,Shops within 1 km,primary,2,sa1,SA1,1,house,House,1,none,No FE,1,full,513,0.0431093258966894,0.0469511618484203,0.0038418359517309
shops1,Shops within 1 km,primary,2,sa1,SA1,1,house,House,1,none,No FE,1,full,514,0.0467810863106886,0.0497151292467846,0.002934042936096
shops1,Shops within 1 km,primary,2,sa1,SA1,1,house,House,1,none,No FE,1,full,515,0.0471953565271496,0.0506840183372141,0.00348866181006452
shops1,Shops within 1 km,primary,2,sa1,SA1,1,house,House,1,none,No FE,1,full,516,0.0465391680364798,0.0486889783181324,0.00214981028165268
shops1,Shops within 1 km,primary,2,sa1,SA1,1,house,House,1,none,No FE,1,full,517,0.0450083359155296,0.0504728409710489,0.0054645050555193
shops1,Shops within 1 km,primary,2,sa1,SA1,1,house,House,1,none,No FE,1,full,518,0.0466970111153378,0.0497952836833231,0.00309827256798523
shops1,Shops within 1 km,primary,2,sa1,SA1,1,house,House,1,none,No FE,1,full,519,0.0483599567504752,0.0503020818612672,0.00194212511079198
shops1,Shops within 1 km,primary,2,sa1,SA1,1,house,House,1,none,No FE,1,full,520,0.0467083722835154,0.0491715679287387,0.00246319564522331
shops1,Shops within 1 km,primary,2,sa1,SA1,1,house,House,1,none,No FE,1,full,521,0.04692310866288,0.0495873925407524,0.00266428387787239
shops1,Shops within 1 km,primary,2,sa1,SA1,1,house,House,1,none,No FE,1,full,522,0.0472613015784063,0.0511463996289585,0.00388509805055222
shops1,Shops within 1 km,primary,2,sa1,SA1,1,house,House,1,none,No FE,1,full,523,0.0458727128763759,0.0494242052902827,0.00355149241390686
shops1,Shops within 1 km,primary,2,sa1,SA1,1,house,House,1,none,No FE,1,full,524,0.046061786053257,0.0485738703998859,0.00251208434662889
shops1,Shops within 1 km,primary,2,sa1,SA1,1,house,House,1,none,No FE,1,full,525,0.0482283394111821,0.0512563970558394,0.00302805764465727
shops1,Shops within 1 km,primary,2,sa1,SA1,1,house,House,1,none,No FE,1,full,526,0.0479467599109672,0.0516680625592554,0.00372130264828827
shops1,Shops within 1 km,primary,2,sa1,SA1,1,house,House,1,none,No FE,1,full,527,0.0479611828950754,0.0508708074090072,0.00290962451393176
shops1,Shops within 1 km,primary,2,sa1,SA1,1,house,House,1,none,No FE,1,full,528,0.0453358482604638,0.0486636253393701,0.00332777707890631
shops1,Shops within 1 km,primary,2,sa1,SA1,1,house,House,1,none,No FE,1,full,529,0.0461467644642588,0.049665230866464,0.00351846640220524
shops1,Shops within 1 km,primary,2,sa1,SA1,1,house,House,1,none,No FE,1,full,530,0.0471775367408493,0.0485332430972058,0.00135570635635653
shops1,Shops within 1 km,primary,2,sa1,SA1,1,house,House,1,none,No FE,1,full,531,0.0510084245336727,0.053164875185214,0.00215645065154127
shops1,Shops within 1 km,primary,2,sa1,SA1,1,house,House,1,none,No FE,1,full,532,0.048888261725959,0.053193500768421,0.0043052390424621
shops1,Shops within 1 km,primary,2,sa1,SA1,1,house,House,1,none,No FE,1,full,533,0.0482670130390357,0.0512046940912847,0.00293768105224906
shops1,Shops within 1 km,primary,2,sa1,SA1,1,house,House,1,none,No FE,1,full,534,0.048698625294976,0.0533707858322903,0.00467216053731432
shops1,Shops within 1 km,primary,2,sa1,SA1,1,house,House,1,none,No FE,1,full,535,0.0468398677595762,0.0497321910757876,0.00289232331621143
shops1,Shops within 1 km,primary,2,sa1,SA1,1,house,House,1,none,No FE,1,full,536,0.0458910716532283,0.0489464354294004,0.0030553637761721
shops1,Shops within 1 km,primary,2,sa1,SA1,1,house,House,1,none,No FE,1,full,537,0.0461722552772119,0.0481626190904432,0.00199036381323134
shops1,Shops within 1 km,primary,2,sa1,SA1,1,house,House,1,none,No FE,1,full,538,0.0507994448278064,0.0546598599817764,0.00386041515397001
shops1,Shops within 1 km,primary,2,sa1,SA1,1,house,House,1,none,No FE,1,full,539,0.0488294937110605,0.0516450212065371,0.00281552749547652
shops1,Shops within 1 km,primary,2,sa1,SA1,1,house,House,1,none,No FE,1,full,540,0.0460666323738155,0.0495837432109937,0.00351711083717825
shops1,Shops within 1 km,primary,2,sa1,SA1,1,house,House,1,none,No FE,1,full,541,0.0464122864133245,0.0508633159963019,0.00445102958297746
shops1,Shops within 1 km,primary,2,sa1,SA1,1,house,House,1,none,No FE,1,full,542,0.0462784166741533,0.0520132332898112,0.00573481661565788
shops1,Shops within 1 km,primary,2,sa1,SA1,1,house,House,1,none,No FE,1,full,543,0.0494679872618636,0.0519480644042789,0.00248007714241522
shops1,Shops within 1 km,primary,2,sa1,SA1,1,house,House,1,none,No FE,1,full,544,0.0441549206828377,0.0486228322862027,0.00446791160336498
shops1,Shops within 1 km,primary,2,sa1,SA1,1,house,House,1,none,No FE,1,full,545,0.0472083425166974,0.0527822663241722,0.0055739238074748
shops1,Shops within 1 km,primary,2,sa1,SA1,1,house,House,1,none,No FE,1,full,546,0.0473453392314655,0.0508305807426474,0.00348524151118194
shops1,Shops within 1 km,primary,2,sa1,SA1,1,house,House,1,none,No FE,1,full,547,0.0475937492017251,0.0501664745142673,0.00257272531254225
shops1,Shops within 1 km,primary,2,sa1,SA1,1,house,House,1,none,No FE,1,full,548,0.0510672570855119,0.0550671464716289,0.00399988938611699
shops1,Shops within 1 km,primary,2,sa1,SA1,1,house,House,1,none,No FE,1,full,549,0.045432645854945,0.0504687275751719,0.00503608172022686
shops1,Shops within 1 km,primary,2,sa1,SA1,1,house,House,1,none,No FE,1,full,550,0.0459546715633874,0.0489622847012178,0.00300761313783039
shops1,Shops within 1 km,primary,2,sa1,SA1,1,house,House,1,none,No FE,1,full,551,0.0500129135138392,0.0547073348832508,0.00469442136941154
shops1,Shops within 1 km,primary,2,sa1,SA1,1,house,House,1,none,No FE,1,full,552,0.0481003275828387,0.0519595991665789,0.00385927158374023
shops1,Shops within 1 km,primary,2,sa1,SA1,1,house,House,1,none,No FE,1,full,553,0.0466353309828495,0.0486379626917744,0.00200263170892488
shops1,Shops within 1 km,primary,2,sa1,SA1,1,house,House,1,none,No FE,1,full,554,0.0469121312741189,0.0509238834415118,0.00401175216739285
shops1,Shops within 1 km,primary,2,sa1,SA1,1,house,House,1,none,No FE,1,full,555,0.0480735847620535,0.0510143349842669,0.00294075022221339
shops1,Shops within 1 km,primary,2,sa1,SA1,1,house,House,1,none,No FE,1,full,556,0.0452413573331444,0.0496147413947998,0.00437338406165545
shops1,Shops within 1 km,primary,2,sa1,SA1,1,house,House,1,none,No FE,1,full,557,0.0489195066483579,0.0533542391727371,0.00443473252437918
shops1,Shops within 1 km,primary,2,sa1,SA1,1,house,House,1,none,No FE,1,full,558,0.0488352579247782,0.0509681897521829,0.00213293182740471
shops1,Shops within 1 km,primary,2,sa1,SA1,1,house,House,1,none,No FE,1,full,559,0.0469039313011043,0.050551340487938,0.00364740918683377
shops1,Shops within 1 km,primary,2,sa1,SA1,1,house,House,1,none,No FE,1,full,560,0.0450284777632691,0.0493572991202735,0.00432882135700439
shops1,Shops within 1 km,primary,2,sa1,SA1,1,house,House,1,none,No FE,1,full,561,0.0503656749627324,0.05438599526449,0.00402032030175759
shops1,Shops within 1 km,primary,2,sa1,SA1,1,house,House,1,none,No FE,1,full,562,0.0445148476389119,0.0465791705873127,0.00206432294840085
shops1,Shops within 1 km,primary,2,sa1,SA1,1,house,House,1,none,No FE,1,full,563,0.0497037705338391,0.0525080894714481,0.00280431893760905
shops1,Shops within 1 km,primary,2,sa1,SA1,1,house,House,1,none,No FE,1,full,564,0.0447835652526127,0.047040928930253,0.00225736367764034
shops1,Shops within 1 km,primary,2,sa1,SA1,1,house,House,1,none,No FE,1,full,565,0.0472097691350425,0.0492723799083764,0.00206261077333396
shops1,Shops within 1 km,primary,2,sa1,SA1,1,house,House,1,none,No FE,1,full,566,0.0474193984660985,0.0520325441922556,0.00461314572615713
shops1,Shops within 1 km,primary,2,sa1,SA1,1,house,House,1,none,No FE,1,full,567,0.0449750690186902,0.0480498350792782,0.00307476606058801
shops1,Shops within 1 km,primary,2,sa1,SA1,1,house,House,1,none,No FE,1,full,568,0.045414786907153,0.0482024477322905,0.00278766082513746
shops1,Shops within 1 km,primary,2,sa1,SA1,1,house,House,1,none,No FE,1,full,569,0.0453605044158172,0.0485899952875811,0.00322949087176391
shops1,Shops within 1 km,primary,2,sa1,SA1,1,house,House,1,none,No FE,1,full,570,0.0481557704827275,0.051062728318591,0.00290695783586342
shops1,Shops within 1 km,primary,2,sa1,SA1,1,house,House,1,none,No FE,1,full,571,0.0469683082362869,0.0502681015531531,0.00329979331686615
shops1,Shops within 1 km,primary,2,sa1,SA1,1,house,House,1,none,No FE,1,full,572,0.0491900425860337,0.0536394937181574,0.00444945113212364
shops1,Shops within 1 km,primary,2,sa1,SA1,1,house,House,1,none,No FE,1,full,573,0.0482251131053867,0.0521101703815361,0.0038850572761494
shops1,Shops within 1 km,primary,2,sa1,SA1,1,house,House,1,none,No FE,1,full,574,0.0475766273061535,0.0513474675711368,0.00377084026498332
shops1,Shops within 1 km,primary,2,sa1,SA1,1,house,House,1,none,No FE,1,full,575,0.0448729404564956,0.0491207830544635,0.00424784259796785
shops1,Shops within 1 km,primary,2,sa1,SA1,1,house,House,1,none,No FE,1,full,576,0.0506973565992519,0.0553731486154679,0.00467579201621599
shops1,Shops within 1 km,primary,2,sa1,SA1,1,house,House,1,none,No FE,1,full,577,0.0465623804685237,0.04997091940183,0.00340853893330629
shops1,Shops within 1 km,primary,2,sa1,SA1,1,house,House,1,none,No FE,1,full,578,0.0482990289943481,0.050332848253474,0.00203381925912589
shops1,Shops within 1 km,primary,2,sa1,SA1,1,house,House,1,none,No FE,1,full,579,0.0486612450204863,0.0517539210222611,0.00309267600177487
shops1,Shops within 1 km,primary,2,sa1,SA1,1,house,House,1,none,No FE,1,full,580,0.0519944356708623,0.0544811782640547,0.00248674259319241
shops1,Shops within 1 km,primary,2,sa1,SA1,1,house,House,1,none,No FE,1,full,581,0.0487824124554311,0.0515239387453221,0.00274152628989102
shops1,Shops within 1 km,primary,2,sa1,SA1,1,house,House,1,none,No FE,1,full,582,0.0446783302959636,0.0480106163063659,0.00333228601040227
shops1,Shops within 1 km,primary,2,sa1,SA1,1,house,House,1,none,No FE,1,full,583,0.0485654480746364,0.0518742592671584,0.00330881119252201
shops1,Shops within 1 km,primary,2,sa1,SA1,1,house,House,1,none,No FE,1,full,584,0.0487033772531512,0.0517274756645581,0.00302409841140694
shops1,Shops within 1 km,primary,2,sa1,SA1,1,house,House,1,none,No FE,1,full,585,0.0479044613344772,0.0517366004348554,0.00383213910037814
shops1,Shops within 1 km,primary,2,sa1,SA1,1,house,House,1,none,No FE,1,full,586,0.0484389231347595,0.0516970205258283,0.00325809739106873
shops1,Shops within 1 km,primary,2,sa1,SA1,1,house,House,1,none,No FE,1,full,587,0.045892604027994,0.0475290870027972,0.00163648297480321
shops1,Shops within 1 km,primary,2,sa1,SA1,1,house,House,1,none,No FE,1,full,588,0.0481657683694412,0.051418879531378,0.00325311116193676
shops1,Shops within 1 km,primary,2,sa1,SA1,1,house,House,1,none,No FE,1,full,589,0.0468425613002837,0.0476786439384647,0.000836082638180968
shops1,Shops within 1 km,primary,2,sa1,SA1,1,house,House,1,none,No FE,1,full,590,0.0475509333745615,0.0496664563813519,0.00211552300679047
shops1,Shops within 1 km,primary,2,sa1,SA1,1,house,House,1,none,No FE,1,full,591,0.0456060985823773,0.0489316281029402,0.00332552952056292
shops1,Shops within 1 km,primary,2,sa1,SA1,1,house,House,1,none,No FE,1,full,592,0.0471797084959597,0.0511469738238254,0.00396726532786571
shops1,Shops within 1 km,primary,2,sa1,SA1,1,house,House,1,none,No FE,1,full,593,0.0453245764869118,0.0482042365801533,0.00287966009324142
shops1,Shops within 1 km,primary,2,sa1,SA1,1,house,House,1,none,No FE,1,full,594,0.0483284905316014,0.0513563772028665,0.0030278866712651
shops1,Shops within 1 km,primary,2,sa1,SA1,1,house,House,1,none,No FE,1,full,595,0.049631204232163,0.0528117890158672,0.00318058478370426
shops1,Shops within 1 km,primary,2,sa1,SA1,1,house,House,1,none,No FE,1,full,596,0.0502474364190241,0.0537914392242987,0.00354400280527468
shops1,Shops within 1 km,primary,2,sa1,SA1,1,house,House,1,none,No FE,1,full,597,0.0486832755923262,0.0517159731933464,0.00303269760102028
shops1,Shops within 1 km,primary,2,sa1,SA1,1,house,House,1,none,No FE,1,full,598,0.0497680054021411,0.0539891631383445,0.00422115773620344
shops1,Shops within 1 km,primary,2,sa1,SA1,1,house,House,1,none,No FE,1,full,599,0.0446313353087034,0.0467869695156429,0.00215563420693952
shops1,Shops within 1 km,primary,2,sa1,SA1,1,house,House,1,none,No FE,1,full,600,0.0457516588491883,0.0488136638441363,0.00306200499494803
shops1,Shops within 1 km,primary,2,sa1,SA1,1,house,House,1,none,No FE,1,full,601,0.0492324232667563,0.0521437163404766,0.0029112930737203
shops1,Shops within 1 km,primary,2,sa1,SA1,1,house,House,1,none,No FE,1,full,602,0.0481200285205801,0.0506507625372143,0.00253073401663422
shops1,Shops within 1 km,primary,2,sa1,SA1,1,house,House,1,none,No FE,1,full,603,0.0477490931425348,0.0504715960266007,0.00272250288406591
shops1,Shops within 1 km,primary,2,sa1,SA1,1,house,House,1,none,No FE,1,full,604,0.0475345751972021,0.0527414615486274,0.00520688635142526
shops1,Shops within 1 km,primary,2,sa1,SA1,1,house,House,1,none,No FE,1,full,605,0.0416100457610377,0.0450853752008068,0.00347532943976912
shops1,Shops within 1 km,primary,2,sa1,SA1,1,house,House,1,none,No FE,1,full,606,0.0489558740626461,0.0513295414886676,0.00237366742602146
shops1,Shops within 1 km,primary,2,sa1,SA1,1,house,House,1,none,No FE,1,full,607,0.0463012233437532,0.0483012213343936,0.00199999799064034
shops1,Shops within 1 km,primary,2,sa1,SA1,1,house,House,1,none,No FE,1,full,608,0.0454017760270535,0.0490509922346238,0.00364921620757031
shops1,Shops within 1 km,primary,2,sa1,SA1,1,house,House,1,none,No FE,1,full,609,0.0490803037144769,0.0521329583170167,0.00305265460253983
shops1,Shops within 1 km,primary,2,sa1,SA1,1,house,House,1,none,No FE,1,full,610,0.0507304089615171,0.0540484971318233,0.00331808817030624
shops1,Shops within 1 km,primary,2,sa1,SA1,1,house,House,1,none,No FE,1,full,611,0.047285858879341,0.0512108816316148,0.00392502275227376
shops1,Shops within 1 km,primary,2,sa1,SA1,1,house,House,1,none,No FE,1,full,612,0.0463058787025718,0.0496038064816635,0.00329792777909168
shops1,Shops within 1 km,primary,2,sa1,SA1,1,house,House,1,none,No FE,1,full,613,0.0452404693530223,0.0475349306261627,0.00229446127314038
shops1,Shops within 1 km,primary,2,sa1,SA1,1,house,House,1,none,No FE,1,full,614,0.0476949403817191,0.0519706027194049,0.00427566233768586
shops1,Shops within 1 km,primary,2,sa1,SA1,1,house,House,1,none,No FE,1,full,615,0.0467787870527125,0.0501564466339911,0.0033776595812786
shops1,Shops within 1 km,primary,2,sa1,SA1,1,house,House,1,none,No FE,1,full,616,0.0462785408651333,0.0495386505458643,0.00326010968073098
shops1,Shops within 1 km,primary,2,sa1,SA1,1,house,House,1,none,No FE,1,full,617,0.0490465859584789,0.0514476225455349,0.00240103658705607
shops1,Shops within 1 km,primary,2,sa1,SA1,1,house,House,1,none,No FE,1,full,618,0.0496144295908299,0.0522674740147159,0.00265304442388603
shops1,Shops within 1 km,primary,2,sa1,SA1,1,house,House,1,none,No FE,1,full,619,0.0435930940092986,0.0489770073700328,0.00538391336073416
shops1,Shops within 1 km,primary,2,sa1,SA1,1,house,House,1,none,No FE,1,full,620,0.0461780377175884,0.0487058217601462,0.00252778404255772
shops1,Shops within 1 km,primary,2,sa1,SA1,1,house,House,1,none,No FE,1,full,621,0.0494774856788536,0.0514132249580265,0.00193573927917293
shops1,Shops within 1 km,primary,2,sa1,SA1,1,house,House,1,none,No FE,1,full,622,0.0495958084818317,0.0523006729459698,0.00270486446413815
shops1,Shops within 1 km,primary,2,sa1,SA1,1,house,House,1,none,No FE,1,full,623,0.0441321836867386,0.0471826544230804,0.00305047073634179
shops1,Shops within 1 km,primary,2,sa1,SA1,1,house,House,1,none,No FE,1,full,624,0.0474594463256177,0.0508066519091269,0.00334720558350921
shops1,Shops within 1 km,primary,2,sa1,SA1,1,house,House,1,none,No FE,1,full,625,0.0466007927794364,0.0483368887130012,0.00173609593356476
shops1,Shops within 1 km,primary,2,sa1,SA1,1,house,House,1,none,No FE,1,full,626,0.0497782122104179,0.052014269051874,0.00223605684145609
shops1,Shops within 1 km,primary,2,sa1,SA1,1,house,House,1,none,No FE,1,full,627,0.0451517686620483,0.0505967472414612,0.00544497857941289
shops1,Shops within 1 km,primary,2,sa1,SA1,1,house,House,1,none,No FE,1,full,628,0.0451506241501881,0.0494674863046677,0.00431686215447959
shops1,Shops within 1 km,primary,2,sa1,SA1,1,house,House,1,none,No FE,1,full,629,0.0501814496401602,0.0514980264212065,0.0013165767810463
shops1,Shops within 1 km,primary,2,sa1,SA1,1,house,House,1,none,No FE,1,full,630,0.0484678008750554,0.0519320061968005,0.00346420532174511
shops1,Shops within 1 km,primary,2,sa1,SA1,1,house,House,1,none,No FE,1,full,631,0.0488891009176536,0.0529581872488127,0.00406908633115911
shops1,Shops within 1 km,primary,2,sa1,SA1,1,house,House,1,none,No FE,1,full,632,0.0484308020946459,0.0511694049526131,0.00273860285796718
shops1,Shops within 1 km,primary,2,sa1,SA1,1,house,House,1,none,No FE,1,full,633,0.0463365893172007,0.0495024093738819,0.00316582005668115
shops1,Shops within 1 km,primary,2,sa1,SA1,1,house,House,1,none,No FE,1,full,634,0.0467641146249491,0.0503614510184919,0.00359733639354277
shops1,Shops within 1 km,primary,2,sa1,SA1,1,house,House,1,none,No FE,1,full,635,0.04585895023907,0.0501363167376386,0.00427736649856863
shops1,Shops within 1 km,primary,2,sa1,SA1,1,house,House,1,none,No FE,1,full,636,0.0482359526974608,0.0519979864795271,0.00376203378206635
shops1,Shops within 1 km,primary,2,sa1,SA1,1,house,House,1,none,No FE,1,full,637,0.0481065248445938,0.0520803598597663,0.00397383501517249
shops1,Shops within 1 km,primary,2,sa1,SA1,1,house,House,1,none,No FE,1,full,638,0.0498199063289376,0.0532519485975918,0.00343204226865421
shops1,Shops within 1 km,primary,2,sa1,SA1,1,house,House,1,none,No FE,1,full,639,0.0445469431737857,0.0492973664509344,0.0047504232771487
shops1,Shops within 1 km,primary,2,sa1,SA1,1,house,House,1,none,No FE,1,full,640,0.0495650387764139,0.052474852733803,0.00290981395738916
shops1,Shops within 1 km,primary,2,sa1,SA1,1,house,House,1,none,No FE,1,full,641,0.0507267679096977,0.0530855307713946,0.00235876286169692
shops1,Shops within 1 km,primary,2,sa1,SA1,1,house,House,1,none,No FE,1,full,642,0.0469319150258227,0.0506871041886886,0.00375518916286596
shops1,Shops within 1 km,primary,2,sa1,SA1,1,house,House,1,none,No FE,1,full,643,0.0495515934936751,0.0527780593445378,0.00322646585086262
shops1,Shops within 1 km,primary,2,sa1,SA1,1,house,House,1,none,No FE,1,full,644,0.0457611599570045,0.0497928397034944,0.00403167974648986
shops1,Shops within 1 km,primary,2,sa1,SA1,1,house,House,1,none,No FE,1,full,645,0.0487607104273588,0.0530954540555514,0.00433474362819258
shops1,Shops within 1 km,primary,2,sa1,SA1,1,house,House,1,none,No FE,1,full,646,0.0466896548253158,0.0497200380275718,0.00303038320225606
shops1,Shops within 1 km,primary,2,sa1,SA1,1,house,House,1,none,No FE,1,full,647,0.050799956678341,0.0552026998649864,0.00440274318664537
shops1,Shops within 1 km,primary,2,sa1,SA1,1,house,House,1,none,No FE,1,full,648,0.0460383092529703,0.0499800611213282,0.00394175186835784
shops1,Shops within 1 km,primary,2,sa1,SA1,1,house,House,1,none,No FE,1,full,649,0.0479199160109316,0.0514288457713622,0.00350892976043054
shops1,Shops within 1 km,primary,2,sa1,SA1,1,house,House,1,none,No FE,1,full,650,0.0487923766881219,0.0518715266428829,0.00307914995476098
shops1,Shops within 1 km,primary,2,sa1,SA1,1,house,House,1,none,No FE,1,full,651,0.0507849755515316,0.053986086162549,0.00320111061101741
shops1,Shops within 1 km,primary,2,sa1,SA1,1,house,House,1,none,No FE,1,full,652,0.0480697947531042,0.0515743202042811,0.00350452545117691
shops1,Shops within 1 km,primary,2,sa1,SA1,1,house,House,1,none,No FE,1,full,653,0.0469950434939847,0.0492240801330995,0.00222903663911481
shops1,Shops within 1 km,primary,2,sa1,SA1,1,house,House,1,none,No FE,1,full,654,0.0461661515030399,0.048208656019186,0.00204250451614612
shops1,Shops within 1 km,primary,2,sa1,SA1,1,house,House,1,none,No FE,1,full,655,0.0466882510410791,0.0502343919689882,0.00354614092790912
shops1,Shops within 1 km,primary,2,sa1,SA1,1,house,House,1,none,No FE,1,full,656,0.0497857450909468,0.0542446270759204,0.00445888198497361
shops1,Shops within 1 km,primary,2,sa1,SA1,1,house,House,1,none,No FE,1,full,657,0.0464526168814391,0.0487918588170297,0.00233924193559068
shops1,Shops within 1 km,primary,2,sa1,SA1,1,house,House,1,none,No FE,1,full,658,0.045232750528863,0.0480768667232809,0.00284411619441785
shops1,Shops within 1 km,primary,2,sa1,SA1,1,house,House,1,none,No FE,1,full,659,0.0484120654552525,0.0521053153580237,0.00369324990277127
shops1,Shops within 1 km,primary,2,sa1,SA1,1,house,House,1,none,No FE,1,full,660,0.0461778433324772,0.0500517914307387,0.00387394809826157
shops1,Shops within 1 km,primary,2,sa1,SA1,1,house,House,1,none,No FE,1,full,661,0.0470606034211607,0.049820550983303,0.00275994756214234
shops1,Shops within 1 km,primary,2,sa1,SA1,1,house,House,1,none,No FE,1,full,662,0.0475178010911765,0.0515678451058191,0.0040500440146426
shops1,Shops within 1 km,primary,2,sa1,SA1,1,house,House,1,none,No FE,1,full,663,0.0483859225932219,0.0526158152236011,0.00422989263037921
shops1,Shops within 1 km,primary,2,sa1,SA1,1,house,House,1,none,No FE,1,full,664,0.0504541806578293,0.0544875849031145,0.00403340424528521
shops1,Shops within 1 km,primary,2,sa1,SA1,1,house,House,1,none,No FE,1,full,665,0.0443717357375768,0.0480303508097935,0.00365861507221674
shops1,Shops within 1 km,primary,2,sa1,SA1,1,house,House,1,none,No FE,1,full,666,0.0486210904976093,0.0528186489944085,0.00419755849679924
shops1,Shops within 1 km,primary,2,sa1,SA1,1,house,House,1,none,No FE,1,full,667,0.0453451675947417,0.0499163571698027,0.00457118957506101
shops1,Shops within 1 km,primary,2,sa1,SA1,1,house,House,1,none,No FE,1,full,668,0.0471121861065906,0.0487614890841105,0.00164930297751986
shops1,Shops within 1 km,primary,2,sa1,SA1,1,house,House,1,none,No FE,1,full,669,0.0490834782826822,0.0528648909906171,0.0037814127079349
shops1,Shops within 1 km,primary,2,sa1,SA1,1,house,House,1,none,No FE,1,full,670,0.047656612732606,0.0501725659377883,0.00251595320518232
shops1,Shops within 1 km,primary,2,sa1,SA1,1,house,House,1,none,No FE,1,full,671,0.0473257060888444,0.0504653373967267,0.00313963130788235
shops1,Shops within 1 km,primary,2,sa1,SA1,1,house,House,1,none,No FE,1,full,672,0.0462361198900786,0.049416166787148,0.00318004689706939
shops1,Shops within 1 km,primary,2,sa1,SA1,1,house,House,1,none,No FE,1,full,673,0.0447139207602265,0.0483478600880077,0.00363393932778121
shops1,Shops within 1 km,primary,2,sa1,SA1,1,house,House,1,none,No FE,1,full,674,0.0471445755137732,0.0518460659255384,0.00470149041176521
shops1,Shops within 1 km,primary,2,sa1,SA1,1,house,House,1,none,No FE,1,full,675,0.0483834736205439,0.0520910572629598,0.00370758364241583
shops1,Shops within 1 km,primary,2,sa1,SA1,1,house,House,1,none,No FE,1,full,676,0.0479488148121728,0.0502527494921893,0.0023039346800165
shops1,Shops within 1 km,primary,2,sa1,SA1,1,house,House,1,none,No FE,1,full,677,0.0471879570512907,0.050368317973791,0.00318036092250038
shops1,Shops within 1 km,primary,2,sa1,SA1,1,house,House,1,none,No FE,1,full,678,0.0480074610352182,0.0496156812804021,0.00160822024518387
shops1,Shops within 1 km,primary,2,sa1,SA1,1,house,House,1,none,No FE,1,full,679,0.0467557526417563,0.0508847693762053,0.00412901673444897
shops1,Shops within 1 km,primary,2,sa1,SA1,1,house,House,1,none,No FE,1,full,680,0.0462010542181969,0.0504598819786818,0.00425882776048486
shops1,Shops within 1 km,primary,2,sa1,SA1,1,house,House,1,none,No FE,1,full,681,0.0468000209481912,0.0497171652666827,0.00291714431849147
shops1,Shops within 1 km,primary,2,sa1,SA1,1,house,House,1,none,No FE,1,full,682,0.0485906895339902,0.0520067524380603,0.00341606290407011
shops1,Shops within 1 km,primary,2,sa1,SA1,1,house,House,1,none,No FE,1,full,683,0.0502083255716285,0.0525906478979021,0.00238232232627363
shops1,Shops within 1 km,primary,2,sa1,SA1,1,house,House,1,none,No FE,1,full,684,0.0438258233322255,0.0454856143474299,0.00165979101520446
shops1,Shops within 1 km,primary,2,sa1,SA1,1,house,House,1,none,No FE,1,full,685,0.0482411425686048,0.0524302074869212,0.00418906491831644
shops1,Shops within 1 km,primary,2,sa1,SA1,1,house,House,1,none,No FE,1,full,686,0.0465541031905607,0.0484957443699624,0.00194164117940166
shops1,Shops within 1 km,primary,2,sa1,SA1,1,house,House,1,none,No FE,1,full,687,0.0456676974750987,0.0484195171756043,0.00275181970050559
shops1,Shops within 1 km,primary,2,sa1,SA1,1,house,House,1,none,No FE,1,full,688,0.0461852312744046,0.0500639708654686,0.00387873959106397
shops1,Shops within 1 km,primary,2,sa1,SA1,1,house,House,1,none,No FE,1,full,689,0.0450305232657739,0.04866731539434,0.00363679212856607
shops1,Shops within 1 km,primary,2,sa1,SA1,1,house,House,1,none,No FE,1,full,690,0.0446999857469727,0.0491968390134433,0.00449685326647056
shops1,Shops within 1 km,primary,2,sa1,SA1,1,house,House,1,none,No FE,1,full,691,0.0482476288253947,0.0520578275707806,0.00381019874538585
shops1,Shops within 1 km,primary,2,sa1,SA1,1,house,House,1,none,No FE,1,full,692,0.0491285605619538,0.0523955217853841,0.0032669612234303
shops1,Shops within 1 km,primary,2,sa1,SA1,1,house,House,1,none,No FE,1,full,693,0.0474485930809353,0.0503800484675486,0.00293145538661332
shops1,Shops within 1 km,primary,2,sa1,SA1,1,house,House,1,none,No FE,1,full,694,0.0494926214402725,0.0539674456413285,0.00447482420105599
shops1,Shops within 1 km,primary,2,sa1,SA1,1,house,House,1,none,No FE,1,full,695,0.0477082735655886,0.0506043671439589,0.00289609357837023
shops1,Shops within 1 km,primary,2,sa1,SA1,1,house,House,1,none,No FE,1,full,696,0.0466968155937423,0.0497420698968112,0.00304525430306891
shops1,Shops within 1 km,primary,2,sa1,SA1,1,house,House,1,none,No FE,1,full,697,0.0483425744488877,0.0523095312257463,0.00396695677685861
shops1,Shops within 1 km,primary,2,sa1,SA1,1,house,House,1,none,No FE,1,full,698,0.0464373112438571,0.0493995329176285,0.00296222167377141
shops1,Shops within 1 km,primary,2,sa1,SA1,1,house,House,1,none,No FE,1,full,699,0.0482445991704404,0.0511702338415613,0.00292563467112089
shops1,Shops within 1 km,primary,2,sa1,SA1,1,house,House,1,none,No FE,1,full,700,0.0436369702364739,0.0472055449342135,0.00356857469773963
shops1,Shops within 1 km,primary,2,sa1,SA1,1,house,House,1,none,No FE,1,full,701,0.047752618790906,0.050328314652169,0.00257569586126301
shops1,Shops within 1 km,primary,2,sa1,SA1,1,house,House,1,none,No FE,1,full,702,0.0451324115982721,0.0492003574810897,0.00406794588281763
shops1,Shops within 1 km,primary,2,sa1,SA1,1,house,House,1,none,No FE,1,full,703,0.0459589762606685,0.0495065863809373,0.00354761012026883
shops1,Shops within 1 km,primary,2,sa1,SA1,1,house,House,1,none,No FE,1,full,704,0.0456296591002624,0.0489795427875951,0.00334988368733271
shops1,Shops within 1 km,primary,2,sa1,SA1,1,house,House,1,none,No FE,1,full,705,0.0482614551240683,0.0506400511555905,0.00237859603152219
shops1,Shops within 1 km,primary,2,sa1,SA1,1,house,House,1,none,No FE,1,full,706,0.0493567609949341,0.0520222736013869,0.00266551260645288
shops1,Shops within 1 km,primary,2,sa1,SA1,1,house,House,1,none,No FE,1,full,707,0.0463105352205235,0.04879649824992,0.00248596302939647
shops1,Shops within 1 km,primary,2,sa1,SA1,1,house,House,1,none,No FE,1,full,708,0.0477817690342107,0.0500580907463875,0.00227632171217684
shops1,Shops within 1 km,primary,2,sa1,SA1,1,house,House,1,none,No FE,1,full,709,0.045345865125444,0.048670034054346,0.00332416892890201
shops1,Shops within 1 km,primary,2,sa1,SA1,1,house,House,1,none,No FE,1,full,710,0.0446304452540502,0.0479231747092064,0.00329272945515624
shops1,Shops within 1 km,primary,2,sa1,SA1,1,house,House,1,none,No FE,1,full,711,0.0482448024253574,0.0532475479050483,0.00500274547969087
shops1,Shops within 1 km,primary,2,sa1,SA1,1,house,House,1,none,No FE,1,full,712,0.0463839017702489,0.0487203212694993,0.00233641949925033
shops1,Shops within 1 km,primary,2,sa1,SA1,1,house,House,1,none,No FE,1,full,713,0.0472853592738581,0.0507246574600063,0.00343929818614814
shops1,Shops within 1 km,primary,2,sa1,SA1,1,house,House,1,none,No FE,1,full,714,0.0470507805060611,0.0493869283691525,0.00233614786309139
shops1,Shops within 1 km,primary,2,sa1,SA1,1,house,House,1,none,No FE,1,full,715,0.048318538642924,0.0522582439056505,0.00393970526272645
shops1,Shops within 1 km,primary,2,sa1,SA1,1,house,House,1,none,No FE,1,full,716,0.0467369718250593,0.0501473038478089,0.0034103320227496
shops1,Shops within 1 km,primary,2,sa1,SA1,1,house,House,1,none,No FE,1,full,717,0.04625537622507,0.0472689175970162,0.00101354137194618
shops1,Shops within 1 km,primary,2,sa1,SA1,1,house,House,1,none,No FE,1,full,718,0.0444735989514896,0.0479862788205327,0.00351267986904313
shops1,Shops within 1 km,primary,2,sa1,SA1,1,house,House,1,none,No FE,1,full,719,0.0463557449385777,0.0493257202460618,0.00296997530748407
shops1,Shops within 1 km,primary,2,sa1,SA1,1,house,House,1,none,No FE,1,full,720,0.0478531422035648,0.0499231181177627,0.00206997591419792
shops1,Shops within 1 km,primary,2,sa1,SA1,1,house,House,1,none,No FE,1,full,721,0.0483076732239598,0.0515384454556362,0.00323077223167634
shops1,Shops within 1 km,primary,2,sa1,SA1,1,house,House,1,none,No FE,1,full,722,0.048051761830689,0.0508824685149524,0.00283070668426337
shops1,Shops within 1 km,primary,2,sa1,SA1,1,house,House,1,none,No FE,1,full,723,0.0479351519861676,0.0526349042032531,0.00469975221708551
shops1,Shops within 1 km,primary,2,sa1,SA1,1,house,House,1,none,No FE,1,full,724,0.0484849819038126,0.0517853490407283,0.00330036713691574
shops1,Shops within 1 km,primary,2,sa1,SA1,1,house,House,1,none,No FE,1,full,725,0.0486952617854635,0.0517547579671932,0.00305949618172971
shops1,Shops within 1 km,primary,2,sa1,SA1,1,house,House,1,none,No FE,1,full,726,0.0480973559479789,0.0498647430318926,0.00176738708391374
shops1,Shops within 1 km,primary,2,sa1,SA1,1,house,House,1,none,No FE,1,full,727,0.0478959229053397,0.0510511720541785,0.00315524914883884
shops1,Shops within 1 km,primary,2,sa1,SA1,1,house,House,1,none,No FE,1,full,728,0.0449755763827269,0.0470663819710603,0.00209080558833344
shops1,Shops within 1 km,primary,2,sa1,SA1,1,house,House,1,none,No FE,1,full,729,0.05103692016386,0.0527794099334693,0.00174248976960924
shops1,Shops within 1 km,primary,2,sa1,SA1,1,house,House,1,none,No FE,1,full,730,0.0481986647941844,0.0514362961650156,0.0032376313708312
shops1,Shops within 1 km,primary,2,sa1,SA1,1,house,House,1,none,No FE,1,full,731,0.0484356053850095,0.051669884580393,0.00323427919538351
shops1,Shops within 1 km,primary,2,sa1,SA1,1,house,House,1,none,No FE,1,full,732,0.0466584059044836,0.0510719797018599,0.00441357379737634
shops1,Shops within 1 km,primary,2,sa1,SA1,1,house,House,1,none,No FE,1,full,733,0.0494355075284374,0.0525645080146496,0.00312900048621213
shops1,Shops within 1 km,primary,2,sa1,SA1,1,house,House,1,none,No FE,1,full,734,0.0462192472098593,0.0497439948701215,0.00352474766026215
shops1,Shops within 1 km,primary,2,sa1,SA1,1,house,House,1,none,No FE,1,full,735,0.0476464111566472,0.0507004332164189,0.00305402205977175
shops1,Shops within 1 km,primary,2,sa1,SA1,1,house,House,1,none,No FE,1,full,736,0.0475131970123726,0.0503592133147259,0.00284601630235329
shops1,Shops within 1 km,primary,2,sa1,SA1,1,house,House,1,none,No FE,1,full,737,0.0473255432151035,0.049484584185079,0.00215904096997552
shops1,Shops within 1 km,primary,2,sa1,SA1,1,house,House,1,none,No FE,1,full,738,0.0453206403296858,0.0469717830188722,0.0016511426891864
shops1,Shops within 1 km,primary,2,sa1,SA1,1,house,House,1,none,No FE,1,full,739,0.0495848841585656,0.0527005652834263,0.00311568112486065
shops1,Shops within 1 km,primary,2,sa1,SA1,1,house,House,1,none,No FE,1,full,740,0.0495156502981532,0.0526688271682195,0.00315317687006637
shops1,Shops within 1 km,primary,2,sa1,SA1,1,house,House,1,none,No FE,1,full,741,0.0469242617583696,0.0500206203512116,0.00309635859284203
shops1,Shops within 1 km,primary,2,sa1,SA1,1,house,House,1,none,No FE,1,full,742,0.0467118516968777,0.05006347993743,0.00335162824055228
shops1,Shops within 1 km,primary,2,sa1,SA1,1,house,House,1,none,No FE,1,full,743,0.0461472061434182,0.0485136020856327,0.00236639594221458
shops1,Shops within 1 km,primary,2,sa1,SA1,1,house,House,1,none,No FE,1,full,744,0.0484856115151448,0.051365556098037,0.00287994458289214
shops1,Shops within 1 km,primary,2,sa1,SA1,1,house,House,1,none,No FE,1,full,745,0.0474519277865493,0.052033865724479,0.00458193793792976
shops1,Shops within 1 km,primary,2,sa1,SA1,1,house,House,1,none,No FE,1,full,746,0.046015416635956,0.0491585650593695,0.00314314842341356
shops1,Shops within 1 km,primary,2,sa1,SA1,1,house,House,1,none,No FE,1,full,747,0.0471086658359604,0.0507009441762019,0.00359227834024144
shops1,Shops within 1 km,primary,2,sa1,SA1,1,house,House,1,none,No FE,1,full,748,0.0492171131695613,0.0533496891985797,0.00413257602901845
shops1,Shops within 1 km,primary,2,sa1,SA1,1,house,House,1,none,No FE,1,full,749,0.0474556742705423,0.0511301304171185,0.0036744561465762
shops1,Shops within 1 km,primary,2,sa1,SA1,1,house,House,1,none,No FE,1,full,750,0.0505669712769925,0.0557304606690902,0.0051634893920977
shops1,Shops within 1 km,primary,2,sa1,SA1,1,house,House,1,none,No FE,1,full,751,0.048281338126491,0.0517129242065937,0.00343158608010262
shops1,Shops within 1 km,primary,2,sa1,SA1,1,house,House,1,none,No FE,1,full,752,0.0485724107620832,0.052025868159873,0.00345345739778975
shops1,Shops within 1 km,primary,2,sa1,SA1,1,house,House,1,none,No FE,1,full,753,0.044680534735125,0.0493013265471243,0.00462079181199925
shops1,Shops within 1 km,primary,2,sa1,SA1,1,house,House,1,none,No FE,1,full,754,0.0467398420603301,0.04870443420301,0.00196459214267995
shops1,Shops within 1 km,primary,2,sa1,SA1,1,house,House,1,none,No FE,1,full,755,0.0470797998997178,0.050191499853682,0.00311169995396411
shops1,Shops within 1 km,primary,2,sa1,SA1,1,house,House,1,none,No FE,1,full,756,0.0448188674729834,0.0470135625462755,0.00219469507329203
shops1,Shops within 1 km,primary,2,sa1,SA1,1,house,House,1,none,No FE,1,full,757,0.0501165679562969,0.053343535792729,0.0032269678364321
shops1,Shops within 1 km,primary,2,sa1,SA1,1,house,House,1,none,No FE,1,full,758,0.0514071941220493,0.0528488790698627,0.00144168494781347
shops1,Shops within 1 km,primary,2,sa1,SA1,1,house,House,1,none,No FE,1,full,759,0.0449321282218777,0.0482156336557857,0.003283505433908
shops1,Shops within 1 km,primary,2,sa1,SA1,1,house,House,1,none,No FE,1,full,760,0.0456509737897005,0.0484813319457045,0.00283035815600401
shops1,Shops within 1 km,primary,2,sa1,SA1,1,house,House,1,none,No FE,1,full,761,0.0472699242492084,0.0499321446245721,0.00266222037536367
shops1,Shops within 1 km,primary,2,sa1,SA1,1,house,House,1,none,No FE,1,full,762,0.0528341034075909,0.055085523981498,0.00225142057390716
shops1,Shops within 1 km,primary,2,sa1,SA1,1,house,House,1,none,No FE,1,full,763,0.0494155080291013,0.0526370076882745,0.00322149965917319
shops1,Shops within 1 km,primary,2,sa1,SA1,1,house,House,1,none,No FE,1,full,764,0.0476378918355515,0.0511293811398851,0.00349148930433352
shops1,Shops within 1 km,primary,2,sa1,SA1,1,house,House,1,none,No FE,1,full,765,0.0462670078846205,0.0502930742760778,0.00402606639145731
shops1,Shops within 1 km,primary,2,sa1,SA1,1,house,House,1,none,No FE,1,full,766,0.0473968078487667,0.0526882396235158,0.00529143177474903
shops1,Shops within 1 km,primary,2,sa1,SA1,1,house,House,1,none,No FE,1,full,767,0.0494030355238373,0.0529484610624862,0.00354542553864891
shops1,Shops within 1 km,primary,2,sa1,SA1,1,house,House,1,none,No FE,1,full,768,0.0476565044553866,0.0513117219405917,0.00365521748520505
shops1,Shops within 1 km,primary,2,sa1,SA1,1,house,House,1,none,No FE,1,full,769,0.046855211540769,0.049981371334542,0.00312615979377297
shops1,Shops within 1 km,primary,2,sa1,SA1,1,house,House,1,none,No FE,1,full,770,0.0455491393072008,0.0492558617100482,0.00370672240284739
shops1,Shops within 1 km,primary,2,sa1,SA1,1,house,House,1,none,No FE,1,full,771,0.0469197271888353,0.0493519910938867,0.00243226390505148
shops1,Shops within 1 km,primary,2,sa1,SA1,1,house,House,1,none,No FE,1,full,772,0.0437602762979491,0.0462542695576096,0.0024939932596604
shops1,Shops within 1 km,primary,2,sa1,SA1,1,house,House,1,none,No FE,1,full,773,0.0475344918529886,0.0507191854017519,0.00318469354876323
shops1,Shops within 1 km,primary,2,sa1,SA1,1,house,House,1,none,No FE,1,full,774,0.0438498542969206,0.0469565343836219,0.00310668008670132
shops1,Shops within 1 km,primary,2,sa1,SA1,1,house,House,1,none,No FE,1,full,775,0.0484016765543771,0.052323507834493,0.00392183128011593
shops1,Shops within 1 km,primary,2,sa1,SA1,1,house,House,1,none,No FE,1,full,776,0.0445484110361941,0.0488324885599415,0.00428407752374735
shops1,Shops within 1 km,primary,2,sa1,SA1,1,house,House,1,none,No FE,1,full,777,0.0500079295478015,0.0533134398297445,0.00330551028194299
shops1,Shops within 1 km,primary,2,sa1,SA1,1,house,House,1,none,No FE,1,full,778,0.0493617288046188,0.0520711547539052,0.00270942594928637
shops1,Shops within 1 km,primary,2,sa1,SA1,1,house,House,1,none,No FE,1,full,779,0.0476725308733191,0.0505708742126329,0.00289834333931386
shops1,Shops within 1 km,primary,2,sa1,SA1,1,house,House,1,none,No FE,1,full,780,0.0471459430177248,0.0501499982477223,0.00300405522999745
shops1,Shops within 1 km,primary,2,sa1,SA1,1,house,House,1,none,No FE,1,full,781,0.0462037469524469,0.0508918118517918,0.0046880648993449
shops1,Shops within 1 km,primary,2,sa1,SA1,1,house,House,1,none,No FE,1,full,782,0.043509571516407,0.0464198708575683,0.00291029934116136
shops1,Shops within 1 km,primary,2,sa1,SA1,1,house,House,1,none,No FE,1,full,783,0.0463590219176609,0.0511286641146465,0.00476964219698566
shops1,Shops within 1 km,primary,2,sa1,SA1,1,house,House,1,none,No FE,1,full,784,0.0465664791376413,0.0490355938390945,0.00246911470145315
shops1,Shops within 1 km,primary,2,sa1,SA1,1,house,House,1,none,No FE,1,full,785,0.0469884742338758,0.0501589643330485,0.00317049009917263
shops1,Shops within 1 km,primary,2,sa1,SA1,1,house,House,1,none,No FE,1,full,786,0.0479828042457811,0.0505177888407697,0.00253498459498867
shops1,Shops within 1 km,primary,2,sa1,SA1,1,house,House,1,none,No FE,1,full,787,0.0449049708625172,0.0494467544487273,0.00454178358621006
shops1,Shops within 1 km,primary,2,sa1,SA1,1,house,House,1,none,No FE,1,full,788,0.0455403143673043,0.0487651878799874,0.00322487351268314
shops1,Shops within 1 km,primary,2,sa1,SA1,1,house,House,1,none,No FE,1,full,789,0.0459688379754041,0.0481875541090772,0.00221871613367311
shops1,Shops within 1 km,primary,2,sa1,SA1,1,house,House,1,none,No FE,1,full,790,0.0464539629149739,0.0514637401838831,0.00500977726890924
shops1,Shops within 1 km,primary,2,sa1,SA1,1,house,House,1,none,No FE,1,full,791,0.0484867125120789,0.0512836022105121,0.00279688969843313
shops1,Shops within 1 km,primary,2,sa1,SA1,1,house,House,1,none,No FE,1,full,792,0.0490963947273098,0.0512676764581396,0.00217128173082976
shops1,Shops within 1 km,primary,2,sa1,SA1,1,house,House,1,none,No FE,1,full,793,0.0467406108192415,0.0511332784018818,0.00439266758264036
shops1,Shops within 1 km,primary,2,sa1,SA1,1,house,House,1,none,No FE,1,full,794,0.0471452672270735,0.0502119096945175,0.003066642467444
shops1,Shops within 1 km,primary,2,sa1,SA1,1,house,House,1,none,No FE,1,full,795,0.0495732488756192,0.051706646071602,0.00213339719598284
shops1,Shops within 1 km,primary,2,sa1,SA1,1,house,House,1,none,No FE,1,full,796,0.0472223897664,0.0510414314014993,0.0038190416350993
shops1,Shops within 1 km,primary,2,sa1,SA1,1,house,House,1,none,No FE,1,full,797,0.0494138012615028,0.0521778120174429,0.00276401075594011
shops1,Shops within 1 km,primary,2,sa1,SA1,1,house,House,1,none,No FE,1,full,798,0.0469987983522193,0.0501810627114414,0.00318226435922214
shops1,Shops within 1 km,primary,2,sa1,SA1,1,house,House,1,none,No FE,1,full,799,0.0469779489322672,0.0504916301927754,0.00351368126050818
shops1,Shops within 1 km,primary,2,sa1,SA1,1,house,House,1,none,No FE,1,full,800,0.04864828436773,0.0521879244082677,0.00353964004053772
shops1,Shops within 1 km,primary,2,sa1,SA1,1,house,House,1,none,No FE,1,full,801,0.0439040901501002,0.048232884987605,0.00432879483750486
shops1,Shops within 1 km,primary,2,sa1,SA1,1,house,House,1,none,No FE,1,full,802,0.0485101034432434,0.0522912544339725,0.00378115099072908
shops1,Shops within 1 km,primary,2,sa1,SA1,1,house,House,1,none,No FE,1,full,803,0.0500409089306958,0.0533441354346814,0.00330322650398567
shops1,Shops within 1 km,primary,2,sa1,SA1,1,house,House,1,none,No FE,1,full,804,0.0481950165500747,0.0514081053509624,0.00321308880088772
shops1,Shops within 1 km,primary,2,sa1,SA1,1,house,House,1,none,No FE,1,full,805,0.0481612031233102,0.0519368020697363,0.0037755989464261
shops1,Shops within 1 km,primary,2,sa1,SA1,1,house,House,1,none,No FE,1,full,806,0.046349638396739,0.0507947350587324,0.00444509666199337
shops1,Shops within 1 km,primary,2,sa1,SA1,1,house,House,1,none,No FE,1,full,807,0.0458294942607863,0.0507325208335447,0.00490302657275834
shops1,Shops within 1 km,primary,2,sa1,SA1,1,house,House,1,none,No FE,1,full,808,0.0461107419368556,0.0487928387620036,0.00268209682514801
shops1,Shops within 1 km,primary,2,sa1,SA1,1,house,House,1,none,No FE,1,full,809,0.0474265627537193,0.050475264708497,0.00304870195477773
shops1,Shops within 1 km,primary,2,sa1,SA1,1,house,House,1,none,No FE,1,full,810,0.0457471899445828,0.0486084258113173,0.00286123586673451
shops1,Shops within 1 km,primary,2,sa1,SA1,1,house,House,1,none,No FE,1,full,811,0.0470677383691955,0.0498925311391894,0.0028247927699939
shops1,Shops within 1 km,primary,2,sa1,SA1,1,house,House,1,none,No FE,1,full,812,0.0463376814337071,0.051115670122782,0.00477798868907499
shops1,Shops within 1 km,primary,2,sa1,SA1,1,house,House,1,none,No FE,1,full,813,0.0487635119132686,0.0533050602848838,0.00454154837161513
shops1,Shops within 1 km,primary,2,sa1,SA1,1,house,House,1,none,No FE,1,full,814,0.0457339653941052,0.0481998679192712,0.00246590252516594
shops1,Shops within 1 km,primary,2,sa1,SA1,1,house,House,1,none,No FE,1,full,815,0.047123366689586,0.0503702984536869,0.00324693176410087
shops1,Shops within 1 km,primary,2,sa1,SA1,1,house,House,1,none,No FE,1,full,816,0.0487323318384354,0.0519406001710369,0.00320826833260145
shops1,Shops within 1 km,primary,2,sa1,SA1,1,house,House,1,none,No FE,1,full,817,0.0432769922343231,0.0469994907165226,0.00372249848219953
shops1,Shops within 1 km,primary,2,sa1,SA1,1,house,House,1,none,No FE,1,full,818,0.0447620104655435,0.0474605984267434,0.00269858796119984
shops1,Shops within 1 km,primary,2,sa1,SA1,1,house,House,1,none,No FE,1,full,819,0.0498362679839048,0.053782265111404,0.00394599712749923
shops1,Shops within 1 km,primary,2,sa1,SA1,1,house,House,1,none,No FE,1,full,820,0.0471279326435801,0.0512256400647762,0.00409770742119609
shops1,Shops within 1 km,primary,2,sa1,SA1,1,house,House,1,none,No FE,1,full,821,0.046604313825273,0.05025852503986,0.003654211214587
shops1,Shops within 1 km,primary,2,sa1,SA1,1,house,House,1,none,No FE,1,full,822,0.0485618215421563,0.051458557123183,0.00289673558102666
shops1,Shops within 1 km,primary,2,sa1,SA1,1,house,House,1,none,No FE,1,full,823,0.0493488431183526,0.0514970714514426,0.00214822833309001
shops1,Shops within 1 km,primary,2,sa1,SA1,1,house,House,1,none,No FE,1,full,824,0.0474754381909003,0.0497281182823154,0.00225268009141502
shops1,Shops within 1 km,primary,2,sa1,SA1,1,house,House,1,none,No FE,1,full,825,0.0454461865014768,0.046784931488323,0.00133874498684618
shops1,Shops within 1 km,primary,2,sa1,SA1,1,house,House,1,none,No FE,1,full,826,0.0475126469328307,0.0517918826384671,0.00427923570563633
shops1,Shops within 1 km,primary,2,sa1,SA1,1,house,House,1,none,No FE,1,full,827,0.0488001535580135,0.0520499744954887,0.00324982093747524
shops1,Shops within 1 km,primary,2,sa1,SA1,1,house,House,1,none,No FE,1,full,828,0.0470956273230557,0.0492567011029104,0.00216107377985476
shops1,Shops within 1 km,primary,2,sa1,SA1,1,house,House,1,none,No FE,1,full,829,0.0495379578977235,0.0515279542936962,0.00198999639597269
shops1,Shops within 1 km,primary,2,sa1,SA1,1,house,House,1,none,No FE,1,full,830,0.0499454506145603,0.0514975343160247,0.00155208370146449
shops1,Shops within 1 km,primary,2,sa1,SA1,1,house,House,1,none,No FE,1,full,831,0.0466809227048056,0.050377379115453,0.00369645641064735
shops1,Shops within 1 km,primary,2,sa1,SA1,1,house,House,1,none,No FE,1,full,832,0.0464693507496321,0.0497763008134228,0.00330695006379069
shops1,Shops within 1 km,primary,2,sa1,SA1,1,house,House,1,none,No FE,1,full,833,0.0444439671525433,0.0481644354512681,0.00372046829872477
shops1,Shops within 1 km,primary,2,sa1,SA1,1,house,House,1,none,No FE,1,full,834,0.0471384294184324,0.0523443868252989,0.00520595740686651
shops1,Shops within 1 km,primary,2,sa1,SA1,1,house,House,1,none,No FE,1,full,835,0.0456333912990032,0.047761003622706,0.00212761232370273
shops1,Shops within 1 km,primary,2,sa1,SA1,1,house,House,1,none,No FE,1,full,836,0.0477831643839237,0.0536650959954668,0.00588193161154316
shops1,Shops within 1 km,primary,2,sa1,SA1,1,house,House,1,none,No FE,1,full,837,0.047370936400115,0.0510428634520445,0.00367192705192948
shops1,Shops within 1 km,primary,2,sa1,SA1,1,house,House,1,none,No FE,1,full,838,0.0498657650837029,0.054071491176242,0.00420572609253916
shops1,Shops within 1 km,primary,2,sa1,SA1,1,house,House,1,none,No FE,1,full,839,0.0492140343982936,0.0517001551547929,0.00248612075649927
shops1,Shops within 1 km,primary,2,sa1,SA1,1,house,House,1,none,No FE,1,full,840,0.0471431348149252,0.050397207735974,0.00325407292104884
shops1,Shops within 1 km,primary,2,sa1,SA1,1,house,House,1,none,No FE,1,full,841,0.0471798496910917,0.0489882137666977,0.00180836407560599
shops1,Shops within 1 km,primary,2,sa1,SA1,1,house,House,1,none,No FE,1,full,842,0.0463793550486899,0.0503981763912815,0.00401882134259162
shops1,Shops within 1 km,primary,2,sa1,SA1,1,house,House,1,none,No FE,1,full,843,0.0465535091948711,0.0510612147968349,0.00450770560196385
shops1,Shops within 1 km,primary,2,sa1,SA1,1,house,House,1,none,No FE,1,full,844,0.0481328115533981,0.051885017744123,0.00375220619072485
shops1,Shops within 1 km,primary,2,sa1,SA1,1,house,House,1,none,No FE,1,full,845,0.0486547441602402,0.0519844370415038,0.0033296928812636
shops1,Shops within 1 km,primary,2,sa1,SA1,1,house,House,1,none,No FE,1,full,846,0.0476942855389957,0.0514006663706056,0.00370638083160996
shops1,Shops within 1 km,primary,2,sa1,SA1,1,house,House,1,none,No FE,1,full,847,0.0426270589766368,0.0451508672399185,0.00252380826328173
shops1,Shops within 1 km,primary,2,sa1,SA1,1,house,House,1,none,No FE,1,full,848,0.0465862513170661,0.0516346148252959,0.00504836350822981
shops1,Shops within 1 km,primary,2,sa1,SA1,1,house,House,1,none,No FE,1,full,849,0.0499301269007174,0.0548597262996257,0.00492959939890828
shops1,Shops within 1 km,primary,2,sa1,SA1,1,house,House,1,none,No FE,1,full,850,0.0466543265697354,0.0508994182287475,0.00424509165901204
shops1,Shops within 1 km,primary,2,sa1,SA1,1,house,House,1,none,No FE,1,full,851,0.0439258611602221,0.0471831919138762,0.00325733075365408
shops1,Shops within 1 km,primary,2,sa1,SA1,1,house,House,1,none,No FE,1,full,852,0.0463090796878845,0.049960928971455,0.0036518492835705
shops1,Shops within 1 km,primary,2,sa1,SA1,1,house,House,1,none,No FE,1,full,853,0.0456042273203455,0.0490673686693787,0.00346314134903328
shops1,Shops within 1 km,primary,2,sa1,SA1,1,house,House,1,none,No FE,1,full,854,0.0462287410363798,0.0507886354768324,0.00455989444045261
shops1,Shops within 1 km,primary,2,sa1,SA1,1,house,House,1,none,No FE,1,full,855,0.0459276053010143,0.0474551669849,0.00152756168388574
shops1,Shops within 1 km,primary,2,sa1,SA1,1,house,House,1,none,No FE,1,full,856,0.0485799621510819,0.0527429125685146,0.00416295041743275
shops1,Shops within 1 km,primary,2,sa1,SA1,1,house,House,1,none,No FE,1,full,857,0.0472806135753843,0.0493822829150172,0.00210166933963289
shops1,Shops within 1 km,primary,2,sa1,SA1,1,house,House,1,none,No FE,1,full,858,0.048558811344169,0.0522937888948162,0.00373497755064715
shops1,Shops within 1 km,primary,2,sa1,SA1,1,house,House,1,none,No FE,1,full,859,0.0484473792426829,0.0512376272366733,0.00279024799399039
shops1,Shops within 1 km,primary,2,sa1,SA1,1,house,House,1,none,No FE,1,full,860,0.0462776323427221,0.0490290656629117,0.00275143332018957
shops1,Shops within 1 km,primary,2,sa1,SA1,1,house,House,1,none,No FE,1,full,861,0.0500884302874517,0.0532287788528222,0.00314034856537057
shops1,Shops within 1 km,primary,2,sa1,SA1,1,house,House,1,none,No FE,1,full,862,0.0486328472134017,0.0511715304364177,0.00253868322301605
shops1,Shops within 1 km,primary,2,sa1,SA1,1,house,House,1,none,No FE,1,full,863,0.047285795427049,0.0497520654035306,0.00246626997648154
shops1,Shops within 1 km,primary,2,sa1,SA1,1,house,House,1,none,No FE,1,full,864,0.0474728581363578,0.0502514823286522,0.00277862419229439
shops1,Shops within 1 km,primary,2,sa1,SA1,1,house,House,1,none,No FE,1,full,865,0.0493202236466469,0.0526235461454297,0.00330332249878274
shops1,Shops within 1 km,primary,2,sa1,SA1,1,house,House,1,none,No FE,1,full,866,0.0487038690092917,0.0501248838632327,0.00142101485394108
shops1,Shops within 1 km,primary,2,sa1,SA1,1,house,House,1,none,No FE,1,full,867,0.0460994781235304,0.0482817427872757,0.0021822646637453
shops1,Shops within 1 km,primary,2,sa1,SA1,1,house,House,1,none,No FE,1,full,868,0.0456698406147538,0.0504168951154653,0.00474705450071142
shops1,Shops within 1 km,primary,2,sa1,SA1,1,house,House,1,none,No FE,1,full,869,0.048424194771236,0.0529924784196092,0.00456828364837312
shops1,Shops within 1 km,primary,2,sa1,SA1,1,house,House,1,none,No FE,1,full,870,0.0494562626356532,0.0528656421086766,0.00340937947302338
shops1,Shops within 1 km,primary,2,sa1,SA1,1,house,House,1,none,No FE,1,full,871,0.0483731829124355,0.0516316887039585,0.00325850579152295
shops1,Shops within 1 km,primary,2,sa1,SA1,1,house,House,1,none,No FE,1,full,872,0.0470686722167574,0.0497081383500728,0.00263946613331535
shops1,Shops within 1 km,primary,2,sa1,SA1,1,house,House,1,none,No FE,1,full,873,0.0499577543070944,0.0516874785548889,0.00172972424779455
shops1,Shops within 1 km,primary,2,sa1,SA1,1,house,House,1,none,No FE,1,full,874,0.0476142183994506,0.049910608132067,0.00229638973261638
shops1,Shops within 1 km,primary,2,sa1,SA1,1,house,House,1,none,No FE,1,full,875,0.0478629687864192,0.0507108573400889,0.0028478885536697
shops1,Shops within 1 km,primary,2,sa1,SA1,1,house,House,1,none,No FE,1,full,876,0.0462476450419117,0.0502223026584876,0.00397465761657591
shops1,Shops within 1 km,primary,2,sa1,SA1,1,house,House,1,none,No FE,1,full,877,0.0453508198420806,0.0498861682312587,0.00453534838917814
shops1,Shops within 1 km,primary,2,sa1,SA1,1,house,House,1,none,No FE,1,full,878,0.0517829494987507,0.0560768133007107,0.00429386380196004
shops1,Shops within 1 km,primary,2,sa1,SA1,1,house,House,1,none,No FE,1,full,879,0.0478642458726642,0.0509350123701671,0.00307076649750287
shops1,Shops within 1 km,primary,2,sa1,SA1,1,house,House,1,none,No FE,1,full,880,0.0487255330432835,0.0500325606625995,0.00130702761931603
shops1,Shops within 1 km,primary,2,sa1,SA1,1,house,House,1,none,No FE,1,full,881,0.0443747697547131,0.0492172368524551,0.00484246709774204
shops1,Shops within 1 km,primary,2,sa1,SA1,1,house,House,1,none,No FE,1,full,882,0.0476877125069842,0.0520454982729535,0.0043577857659693
shops1,Shops within 1 km,primary,2,sa1,SA1,1,house,House,1,none,No FE,1,full,883,0.0487370009402883,0.0532869295275337,0.00454992858724546
shops1,Shops within 1 km,primary,2,sa1,SA1,1,house,House,1,none,No FE,1,full,884,0.0467043307419939,0.0518137564712261,0.00510942572923223
shops1,Shops within 1 km,primary,2,sa1,SA1,1,house,House,1,none,No FE,1,full,885,0.0498434366536729,0.0532691379193328,0.00342570126565992
shops1,Shops within 1 km,primary,2,sa1,SA1,1,house,House,1,none,No FE,1,full,886,0.0458000740374738,0.0503829088074394,0.00458283476996553
shops1,Shops within 1 km,primary,2,sa1,SA1,1,house,House,1,none,No FE,1,full,887,0.0486424061174032,0.0510481190748155,0.00240571295741226
shops1,Shops within 1 km,primary,2,sa1,SA1,1,house,House,1,none,No FE,1,full,888,0.048934687684292,0.0548086328082387,0.00587394512394671
shops1,Shops within 1 km,primary,2,sa1,SA1,1,house,House,1,none,No FE,1,full,889,0.0480203093849585,0.0515747579369616,0.00355444855200311
shops1,Shops within 1 km,primary,2,sa1,SA1,1,house,House,1,none,No FE,1,full,890,0.0493932559791047,0.05058130124083,0.00118804526172524
shops1,Shops within 1 km,primary,2,sa1,SA1,1,house,House,1,none,No FE,1,full,891,0.0485466487030262,0.0525468430016459,0.00400019429861974
shops1,Shops within 1 km,primary,2,sa1,SA1,1,house,House,1,none,No FE,1,full,892,0.0483771367082747,0.0511151517566669,0.00273801504839217
shops1,Shops within 1 km,primary,2,sa1,SA1,1,house,House,1,none,No FE,1,full,893,0.0500241195460535,0.0544081901997674,0.00438407065371384
shops1,Shops within 1 km,primary,2,sa1,SA1,1,house,House,1,none,No FE,1,full,894,0.0477632030088071,0.0510474932027945,0.00328429019398744
shops1,Shops within 1 km,primary,2,sa1,SA1,1,house,House,1,none,No FE,1,full,895,0.0458216634171283,0.0492091350874912,0.00338747167036295
shops1,Shops within 1 km,primary,2,sa1,SA1,1,house,House,1,none,No FE,1,full,896,0.0457278288473473,0.0490684316209074,0.00334060277356012
shops1,Shops within 1 km,primary,2,sa1,SA1,1,house,House,1,none,No FE,1,full,897,0.0487506688535599,0.0528246173687027,0.00407394851514283
shops1,Shops within 1 km,primary,2,sa1,SA1,1,house,House,1,none,No FE,1,full,898,0.0469812306716746,0.0498113752485352,0.00283014457686064
shops1,Shops within 1 km,primary,2,sa1,SA1,1,house,House,1,none,No FE,1,full,899,0.0489265604177993,0.0534691741406284,0.00454261372282914
shops1,Shops within 1 km,primary,2,sa1,SA1,1,house,House,1,none,No FE,1,full,900,0.0503165744637271,0.0531348476568242,0.00281827319309712
shops1,Shops within 1 km,primary,2,sa1,SA1,1,house,House,1,none,No FE,1,full,901,0.047699625882645,0.0517287629711151,0.00402913708847007
shops1,Shops within 1 km,primary,2,sa1,SA1,1,house,House,1,none,No FE,1,full,902,0.0459227631249174,0.049500670822167,0.00357790769724966
shops1,Shops within 1 km,primary,2,sa1,SA1,1,house,House,1,none,No FE,1,full,903,0.0466163227142728,0.0488307224424225,0.0022143997281497
shops1,Shops within 1 km,primary,2,sa1,SA1,1,house,House,1,none,No FE,1,full,904,0.0467408472628436,0.0495177960686313,0.00277694880578772
shops1,Shops within 1 km,primary,2,sa1,SA1,1,house,House,1,none,No FE,1,full,905,0.0486008752935542,0.0512627724893971,0.00266189719584285
shops1,Shops within 1 km,primary,2,sa1,SA1,1,house,House,1,none,No FE,1,full,906,0.0498303245126166,0.0536219403584542,0.00379161584583762
shops1,Shops within 1 km,primary,2,sa1,SA1,1,house,House,1,none,No FE,1,full,907,0.0473729396170337,0.0514183719968517,0.00404543237981803
shops1,Shops within 1 km,primary,2,sa1,SA1,1,house,House,1,none,No FE,1,full,908,0.0465259129470356,0.0493842600430795,0.00285834709604389
shops1,Shops within 1 km,primary,2,sa1,SA1,1,house,House,1,none,No FE,1,full,909,0.0475425950587173,0.050096355642322,0.00255376058360467
shops1,Shops within 1 km,primary,2,sa1,SA1,1,house,House,1,none,No FE,1,full,910,0.0495058481913722,0.0518004305369725,0.00229458234560032
shops1,Shops within 1 km,primary,2,sa1,SA1,1,house,House,1,none,No FE,1,full,911,0.0469102560528237,0.0512430825495084,0.00433282649668462
shops1,Shops within 1 km,primary,2,sa1,SA1,1,house,House,1,none,No FE,1,full,912,0.0450423242769887,0.0490590851035484,0.00401676082655974
shops1,Shops within 1 km,primary,2,sa1,SA1,1,house,House,1,none,No FE,1,full,913,0.0463343063681556,0.0507111956373152,0.00437688926915957
shops1,Shops within 1 km,primary,2,sa1,SA1,1,house,House,1,none,No FE,1,full,914,0.0465908742833853,0.0493242939657725,0.0027334196823872
shops1,Shops within 1 km,primary,2,sa1,SA1,1,house,House,1,none,No FE,1,full,915,0.0478036783774762,0.0504952726705598,0.00269159429308356
shops1,Shops within 1 km,primary,2,sa1,SA1,1,house,House,1,none,No FE,1,full,916,0.047146796868729,0.0512828302410715,0.00413603337234252
shops1,Shops within 1 km,primary,2,sa1,SA1,1,house,House,1,none,No FE,1,full,917,0.0466535471181923,0.050256764358389,0.00360321724019666
shops1,Shops within 1 km,primary,2,sa1,SA1,1,house,House,1,none,No FE,1,full,918,0.0484216076210488,0.0527711639343022,0.00434955631325346
shops1,Shops within 1 km,primary,2,sa1,SA1,1,house,House,1,none,No FE,1,full,919,0.0476297998951792,0.0499730471935682,0.00234324729838903
shops1,Shops within 1 km,primary,2,sa1,SA1,1,house,House,1,none,No FE,1,full,920,0.0479759185288804,0.051228670066803,0.00325275153792259
shops1,Shops within 1 km,primary,2,sa1,SA1,1,house,House,1,none,No FE,1,full,921,0.04896169089849,0.0519979792557866,0.00303628835729654
shops1,Shops within 1 km,primary,2,sa1,SA1,1,house,House,1,none,No FE,1,full,922,0.048077183648076,0.0505730143436879,0.00249583069561191
shops1,Shops within 1 km,primary,2,sa1,SA1,1,house,House,1,none,No FE,1,full,923,0.0445573250840651,0.0503547272181759,0.00579740213411084
shops1,Shops within 1 km,primary,2,sa1,SA1,1,house,House,1,none,No FE,1,full,924,0.0482908408163944,0.0504792171879177,0.00218837637152335
shops1,Shops within 1 km,primary,2,sa1,SA1,1,house,House,1,none,No FE,1,full,925,0.0439533601767481,0.0472249554829581,0.00327159530621004
shops1,Shops within 1 km,primary,2,sa1,SA1,1,house,House,1,none,No FE,1,full,926,0.0445431367310794,0.0481944388201991,0.00365130208911966
shops1,Shops within 1 km,primary,2,sa1,SA1,1,house,House,1,none,No FE,1,full,927,0.0463450708223925,0.049721505122581,0.00337643430018849
shops1,Shops within 1 km,primary,2,sa1,SA1,1,house,House,1,none,No FE,1,full,928,0.0489551421521339,0.0511621264075477,0.00220698425541385
shops1,Shops within 1 km,primary,2,sa1,SA1,1,house,House,1,none,No FE,1,full,929,0.0470344488528739,0.0509403857923663,0.0039059369394924
shops1,Shops within 1 km,primary,2,sa1,SA1,1,house,House,1,none,No FE,1,full,930,0.0500591252830085,0.0539717056860547,0.00391258040304617
shops1,Shops within 1 km,primary,2,sa1,SA1,1,house,House,1,none,No FE,1,full,931,0.0501659041977358,0.0525873505950196,0.00242144639728379
shops1,Shops within 1 km,primary,2,sa1,SA1,1,house,House,1,none,No FE,1,full,932,0.0444649416927642,0.046864136195512,0.00239919450274775
shops1,Shops within 1 km,primary,2,sa1,SA1,1,house,House,1,none,No FE,1,full,933,0.0481557291719198,0.0507672230647887,0.00261149389286887
shops1,Shops within 1 km,primary,2,sa1,SA1,1,house,House,1,none,No FE,1,full,934,0.0488130094922374,0.0530120846913771,0.00419907519913978
shops1,Shops within 1 km,primary,2,sa1,SA1,1,house,House,1,none,No FE,1,full,935,0.0491485335524675,0.0530829850264294,0.00393445147396193
shops1,Shops within 1 km,primary,2,sa1,SA1,1,house,House,1,none,No FE,1,full,936,0.047178817711619,0.0498582376918397,0.00267941998022073
shops1,Shops within 1 km,primary,2,sa1,SA1,1,house,House,1,none,No FE,1,full,937,0.049773071787967,0.0534242129012662,0.00365114111329926
shops1,Shops within 1 km,primary,2,sa1,SA1,1,house,House,1,none,No FE,1,full,938,0.0503704937825887,0.0544735310952068,0.00410303731261803
shops1,Shops within 1 km,primary,2,sa1,SA1,1,house,House,1,none,No FE,1,full,939,0.0475297939483814,0.0512581330712303,0.00372833912284888
shops1,Shops within 1 km,primary,2,sa1,SA1,1,house,House,1,none,No FE,1,full,940,0.0468850738700403,0.0511869785751809,0.00430190470514061
shops1,Shops within 1 km,primary,2,sa1,SA1,1,house,House,1,none,No FE,1,full,941,0.0459276052513645,0.0492812429454722,0.00335363769410768
shops1,Shops within 1 km,primary,2,sa1,SA1,1,house,House,1,none,No FE,1,full,942,0.0501594306820015,0.0513616071804181,0.00120217649841665
shops1,Shops within 1 km,primary,2,sa1,SA1,1,house,House,1,none,No FE,1,full,943,0.0484672507493061,0.0521323149583277,0.00366506420902159
shops1,Shops within 1 km,primary,2,sa1,SA1,1,house,House,1,none,No FE,1,full,944,0.0512445725661577,0.0542983166373033,0.00305374407114553
shops1,Shops within 1 km,primary,2,sa1,SA1,1,house,House,1,none,No FE,1,full,945,0.0466855838255259,0.0508667822216967,0.00418119839617077
shops1,Shops within 1 km,primary,2,sa1,SA1,1,house,House,1,none,No FE,1,full,946,0.0492617016595091,0.0520999288432193,0.00283822718371019
shops1,Shops within 1 km,primary,2,sa1,SA1,1,house,House,1,none,No FE,1,full,947,0.0482237738043435,0.0518851756542283,0.00366140184988475
shops1,Shops within 1 km,primary,2,sa1,SA1,1,house,House,1,none,No FE,1,full,948,0.0480719852342321,0.0505426240339966,0.00247063879976442
shops1,Shops within 1 km,primary,2,sa1,SA1,1,house,House,1,none,No FE,1,full,949,0.0463313887089609,0.0482309852755175,0.00189959656655663
shops1,Shops within 1 km,primary,2,sa1,SA1,1,house,House,1,none,No FE,1,full,950,0.0467090424489869,0.0499474609747133,0.00323841852572644
shops1,Shops within 1 km,primary,2,sa1,SA1,1,house,House,1,none,No FE,1,full,951,0.0473967495178958,0.050645702550079,0.00324895303218321
shops1,Shops within 1 km,primary,2,sa1,SA1,1,house,House,1,none,No FE,1,full,952,0.0471979834909612,0.050977764839627,0.00377978134866581
shops1,Shops within 1 km,primary,2,sa1,SA1,1,house,House,1,none,No FE,1,full,953,0.0464728157141282,0.0499772270339172,0.00350441131978904
shops1,Shops within 1 km,primary,2,sa1,SA1,1,house,House,1,none,No FE,1,full,954,0.0480977623876151,0.0501228071922235,0.00202504480460843
shops1,Shops within 1 km,primary,2,sa1,SA1,1,house,House,1,none,No FE,1,full,955,0.0441124827791672,0.0470491126129264,0.0029366298337592
shops1,Shops within 1 km,primary,2,sa1,SA1,1,house,House,1,none,No FE,1,full,956,0.0473061260021935,0.0507730449879958,0.00346691898580229
shops1,Shops within 1 km,primary,2,sa1,SA1,1,house,House,1,none,No FE,1,full,957,0.0483335107211024,0.0507437033006881,0.00241019257958575
shops1,Shops within 1 km,primary,2,sa1,SA1,1,house,House,1,none,No FE,1,full,958,0.0473458859827126,0.0516882410641016,0.00434235508138902
shops1,Shops within 1 km,primary,2,sa1,SA1,1,house,House,1,none,No FE,1,full,959,0.0465045280420453,0.0493962084783171,0.00289168043627181
shops1,Shops within 1 km,primary,2,sa1,SA1,1,house,House,1,none,No FE,1,full,960,0.045152941183332,0.049859971984729,0.00470703080139698
shops1,Shops within 1 km,primary,2,sa1,SA1,1,house,House,1,none,No FE,1,full,961,0.0447656315765781,0.0491812754917854,0.00441564391520726
shops1,Shops within 1 km,primary,2,sa1,SA1,1,house,House,1,none,No FE,1,full,962,0.0451567616985378,0.0485487371885014,0.00339197548996353
shops1,Shops within 1 km,primary,2,sa1,SA1,1,house,House,1,none,No FE,1,full,963,0.0471315033411684,0.0509308587418362,0.00379935540066775
shops1,Shops within 1 km,primary,2,sa1,SA1,1,house,House,1,none,No FE,1,full,964,0.0481073066803362,0.051941760911315,0.00383445423097872
shops1,Shops within 1 km,primary,2,sa1,SA1,1,house,House,1,none,No FE,1,full,965,0.0472590930770483,0.0508941251611538,0.00363503208410543
shops1,Shops within 1 km,primary,2,sa1,SA1,1,house,House,1,none,No FE,1,full,966,0.0461075200332399,0.0502808352555346,0.0041733152222947
shops1,Shops within 1 km,primary,2,sa1,SA1,1,house,House,1,none,No FE,1,full,967,0.0462467360107174,0.0488812353112947,0.00263449930057738
shops1,Shops within 1 km,primary,2,sa1,SA1,1,house,House,1,none,No FE,1,full,968,0.0481986336279377,0.0521559593514772,0.00395732572353956
shops1,Shops within 1 km,primary,2,sa1,SA1,1,house,House,1,none,No FE,1,full,969,0.0468385238396364,0.0502771096518995,0.00343858581226306
shops1,Shops within 1 km,primary,2,sa1,SA1,1,house,House,1,none,No FE,1,full,970,0.0465135827016129,0.0489704904814239,0.00245690777981096
shops1,Shops within 1 km,primary,2,sa1,SA1,1,house,House,1,none,No FE,1,full,971,0.04779371436614,0.0505766305953861,0.00278291622924601
shops1,Shops within 1 km,primary,2,sa1,SA1,1,house,House,1,none,No FE,1,full,972,0.0479416380072806,0.0515336022637609,0.00359196425648031
shops1,Shops within 1 km,primary,2,sa1,SA1,1,house,House,1,none,No FE,1,full,973,0.0480779180984789,0.0512218410993915,0.00314392300091267
shops1,Shops within 1 km,primary,2,sa1,SA1,1,house,House,1,none,No FE,1,full,974,0.0460526249285983,0.0494351642083926,0.00338253927979437
shops1,Shops within 1 km,primary,2,sa1,SA1,1,house,House,1,none,No FE,1,full,975,0.049465136656427,0.0539837083053097,0.0045185716488827
shops1,Shops within 1 km,primary,2,sa1,SA1,1,house,House,1,none,No FE,1,full,976,0.0490632120067357,0.053139395251132,0.00407618324439631
shops1,Shops within 1 km,primary,2,sa1,SA1,1,house,House,1,none,No FE,1,full,977,0.0498138419110724,0.0524516325258701,0.00263779061479768
shops1,Shops within 1 km,primary,2,sa1,SA1,1,house,House,1,none,No FE,1,full,978,0.0465954933662142,0.0509043908732623,0.0043088975070481
shops1,Shops within 1 km,primary,2,sa1,SA1,1,house,House,1,none,No FE,1,full,979,0.0499928439069031,0.0535828404719775,0.00358999656507437
shops1,Shops within 1 km,primary,2,sa1,SA1,1,house,House,1,none,No FE,1,full,980,0.0464949155954596,0.0499962182089996,0.00350130261354001
shops1,Shops within 1 km,primary,2,sa1,SA1,1,house,House,1,none,No FE,1,full,981,0.0492592472680013,0.0522572819402117,0.00299803467221041
shops1,Shops within 1 km,primary,2,sa1,SA1,1,house,House,1,none,No FE,1,full,982,0.0468083002188084,0.0494636956916246,0.00265539547281619
shops1,Shops within 1 km,primary,2,sa1,SA1,1,house,House,1,none,No FE,1,full,983,0.0457315698701997,0.0484090469835999,0.00267747711340018
shops1,Shops within 1 km,primary,2,sa1,SA1,1,house,House,1,none,No FE,1,full,984,0.0481942799849727,0.0527874801437,0.00459320015872728
shops1,Shops within 1 km,primary,2,sa1,SA1,1,house,House,1,none,No FE,1,full,985,0.0464876284233326,0.0485073841393066,0.00201975571597396
shops1,Shops within 1 km,primary,2,sa1,SA1,1,house,House,1,none,No FE,1,full,986,0.0473711613683284,0.0510630194781119,0.00369185810978345
shops1,Shops within 1 km,primary,2,sa1,SA1,1,house,House,1,none,No FE,1,full,987,0.0470249216474742,0.0505414363234351,0.00351651467596089
shops1,Shops within 1 km,primary,2,sa1,SA1,1,house,House,1,none,No FE,1,full,988,0.0484269773171761,0.0508422233212731,0.00241524600409698
shops1,Shops within 1 km,primary,2,sa1,SA1,1,house,House,1,none,No FE,1,full,989,0.0484660124018615,0.054779167220767,0.00631315481890551
shops1,Shops within 1 km,primary,2,sa1,SA1,1,house,House,1,none,No FE,1,full,990,0.0452327689665375,0.0484065759324605,0.003173806965923
shops1,Shops within 1 km,primary,2,sa1,SA1,1,house,House,1,none,No FE,1,full,991,0.0470206186968014,0.0508816037171271,0.00386098502032561
shops1,Shops within 1 km,primary,2,sa1,SA1,1,house,House,1,none,No FE,1,full,992,0.0481052655750065,0.0511904133339193,0.00308514775891273
shops1,Shops within 1 km,primary,2,sa1,SA1,1,house,House,1,none,No FE,1,full,993,0.0475017017689582,0.0514019410379476,0.00390023926898943
shops1,Shops within 1 km,primary,2,sa1,SA1,1,house,House,1,none,No FE,1,full,994,0.0488240254002788,0.0509530550053068,0.00212902960502795
shops1,Shops within 1 km,primary,2,sa1,SA1,1,house,House,1,none,No FE,1,full,995,0.0442246000294427,0.0485737776486563,0.00434917761921354
shops1,Shops within 1 km,primary,2,sa1,SA1,1,house,House,1,none,No FE,1,full,996,0.0477921066726452,0.0520818381776723,0.00428973150502715
shops1,Shops within 1 km,primary,2,sa1,SA1,1,house,House,1,none,No FE,1,full,997,0.0471640957761276,0.0502890567965117,0.00312496102038404
shops1,Shops within 1 km,primary,2,sa1,SA1,1,house,House,1,none,No FE,1,full,998,0.0454301008493422,0.048368018000624,0.00293791715128182
shops1,Shops within 1 km,primary,2,sa1,SA1,1,house,House,1,none,No FE,1,full,999,0.047560133571677,0.0498488519957175,0.0022887184240405
shops1,Shops within 1 km,primary,2,sa2,SA2,2,apartment,Apartment,2,none,No FE,1,full,1,0.0513577903192452,0.0362340337357149,-0.0151237565835303
shops1,Shops within 1 km,primary,2,sa2,SA2,2,apartment,Apartment,2,none,No FE,1,full,2,0.0592713789939529,0.0260822631924154,-0.0331891158015374
shops1,Shops within 1 km,primary,2,sa2,SA2,2,apartment,Apartment,2,none,No FE,1,full,3,0.0380104309022508,0.00539501396021709,-0.0326154169420338
shops1,Shops within 1 km,primary,2,sa2,SA2,2,apartment,Apartment,2,none,No FE,1,full,4,0.0472405233881955,0.0171807373930689,-0.0300597859951266
shops1,Shops within 1 km,primary,2,sa2,SA2,2,apartment,Apartment,2,none,No FE,1,full,5,0.0516182631271367,0.0331008674434522,-0.0185173956836845
shops1,Shops within 1 km,primary,2,sa2,SA2,2,apartment,Apartment,2,none,No FE,1,full,6,0.0342733607776666,0.00968157259259788,-0.0245917881850688
shops1,Shops within 1 km,primary,2,sa2,SA2,2,apartment,Apartment,2,none,No FE,1,full,7,0.0591796450053598,0.027151726005499,-0.0320279189998608
shops1,Shops within 1 km,primary,2,sa2,SA2,2,apartment,Apartment,2,none,No FE,1,full,8,0.0400908302063072,0.0228189826960107,-0.0172718475102965
shops1,Shops within 1 km,primary,2,sa2,SA2,2,apartment,Apartment,2,none,No FE,1,full,9,0.0585622274917917,0.012363739086532,-0.0461984884052597
shops1,Shops within 1 km,primary,2,sa2,SA2,2,apartment,Apartment,2,none,No FE,1,full,10,0.0440520178815959,0.00915364999667498,-0.034898367884921
shops1,Shops within 1 km,primary,2,sa2,SA2,2,apartment,Apartment,2,none,No FE,1,full,11,0.0321395217607912,0.0150237975078229,-0.0171157242529683
shops1,Shops within 1 km,primary,2,sa2,SA2,2,apartment,Apartment,2,none,No FE,1,full,12,0.0385593521159655,0.0115043152078805,-0.027055036908085
shops1,Shops within 1 km,primary,2,sa2,SA2,2,apartment,Apartment,2,none,No FE,1,full,13,0.0456306616747831,0.0216805210030957,-0.0239501406716874
shops1,Shops within 1 km,primary,2,sa2,SA2,2,apartment,Apartment,2,none,No FE,1,full,14,0.0403868672340278,0.0338484012779061,-0.00653846595612172
shops1,Shops within 1 km,primary,2,sa2,SA2,2,apartment,Apartment,2,none,No FE,1,full,15,0.0397550500926186,0.0241371489523555,-0.0156179011402631
shops1,Shops within 1 km,primary,2,sa2,SA2,2,apartment,Apartment,2,none,No FE,1,full,16,0.042497945033919,0.0122643503186584,-0.0302335947152606
shops1,Shops within 1 km,primary,2,sa2,SA2,2,apartment,Apartment,2,none,No FE,1,full,17,0.0350402121023991,0.00395920347888316,-0.0310810086235159
shops1,Shops within 1 km,primary,2,sa2,SA2,2,apartment,Apartment,2,none,No FE,1,full,18,0.0505192235306472,0.0108482723041275,-0.0396709512265197
shops1,Shops within 1 km,primary,2,sa2,SA2,2,apartment,Apartment,2,none,No FE,1,full,19,0.0450024542416162,0.0107346367175311,-0.0342678175240851
shops1,Shops within 1 km,primary,2,sa2,SA2,2,apartment,Apartment,2,none,No FE,1,full,20,0.047592500496955,0.0268282274010622,-0.0207642730958928
shops1,Shops within 1 km,primary,2,sa2,SA2,2,apartment,Apartment,2,none,No FE,1,full,21,0.0561796562093492,0.0314125880047299,-0.0247670682046193
shops1,Shops within 1 km,primary,2,sa2,SA2,2,apartment,Apartment,2,none,No FE,1,full,22,0.0551002394582624,0.0311547096132402,-0.0239455298450222
shops1,Shops within 1 km,primary,2,sa2,SA2,2,apartment,Apartment,2,none,No FE,1,full,23,0.0547617371715687,0.0151610527598601,-0.0396006844117086
shops1,Shops within 1 km,primary,2,sa2,SA2,2,apartment,Apartment,2,none,No FE,1,full,24,0.0342996984717198,0.023532988856902,-0.0107667096148178
shops1,Shops within 1 km,primary,2,sa2,SA2,2,apartment,Apartment,2,none,No FE,1,full,25,0.0605157825478957,0.0408374094175005,-0.0196783731303952
shops1,Shops within 1 km,primary,2,sa2,SA2,2,apartment,Apartment,2,none,No FE,1,full,26,0.0352260230719213,0.0170523831711021,-0.0181736399008192
shops1,Shops within 1 km,primary,2,sa2,SA2,2,apartment,Apartment,2,none,No FE,1,full,27,0.0545938264035573,0.0270556229797745,-0.0275382034237828
shops1,Shops within 1 km,primary,2,sa2,SA2,2,apartment,Apartment,2,none,No FE,1,full,28,0.0659037203598678,0.0204939575571196,-0.0454097628027483
shops1,Shops within 1 km,primary,2,sa2,SA2,2,apartment,Apartment,2,none,No FE,1,full,29,0.0526148775639248,0.031639267683203,-0.0209756098807218
shops1,Shops within 1 km,primary,2,sa2,SA2,2,apartment,Apartment,2,none,No FE,1,full,30,0.0565392583768421,0.029106034668073,-0.0274332237087691
shops1,Shops within 1 km,primary,2,sa2,SA2,2,apartment,Apartment,2,none,No FE,1,full,31,0.0638262375517153,0.0302041414736782,-0.0336220960780371
shops1,Shops within 1 km,primary,2,sa2,SA2,2,apartment,Apartment,2,none,No FE,1,full,32,0.0380975985004877,0.0199785889540631,-0.0181190095464245
shops1,Shops within 1 km,primary,2,sa2,SA2,2,apartment,Apartment,2,none,No FE,1,full,33,0.0472406718975601,0.0194510964179343,-0.0277895754796258
shops1,Shops within 1 km,primary,2,sa2,SA2,2,apartment,Apartment,2,none,No FE,1,full,34,0.0506431286364136,0.0167167781408745,-0.0339263504955391
shops1,Shops within 1 km,primary,2,sa2,SA2,2,apartment,Apartment,2,none,No FE,1,full,35,0.063812971474146,0.0311702338980631,-0.0326427375760829
shops1,Shops within 1 km,primary,2,sa2,SA2,2,apartment,Apartment,2,none,No FE,1,full,36,0.0414703411217177,0.00708799801061317,-0.0343823431111045
shops1,Shops within 1 km,primary,2,sa2,SA2,2,apartment,Apartment,2,none,No FE,1,full,37,0.0517928103207345,0.0101963709776641,-0.0415964393430703
shops1,Shops within 1 km,primary,2,sa2,SA2,2,apartment,Apartment,2,none,No FE,1,full,38,0.0722611572112619,0.0289534293867726,-0.0433077278244893
shops1,Shops within 1 km,primary,2,sa2,SA2,2,apartment,Apartment,2,none,No FE,1,full,39,0.0562405165004355,0.0213095104005596,-0.0349310060998759
shops1,Shops within 1 km,primary,2,sa2,SA2,2,apartment,Apartment,2,none,No FE,1,full,40,0.0534158971546902,0.0211332732542988,-0.0322826239003914
shops1,Shops within 1 km,primary,2,sa2,SA2,2,apartment,Apartment,2,none,No FE,1,full,41,0.0472533877955258,0.0402300521360851,-0.00702333565944068
shops1,Shops within 1 km,primary,2,sa2,SA2,2,apartment,Apartment,2,none,No FE,1,full,42,0.0524504954766912,0.030088324413184,-0.0223621710635072
shops1,Shops within 1 km,primary,2,sa2,SA2,2,apartment,Apartment,2,none,No FE,1,full,43,0.0480297921120711,0.0139535675272208,-0.0340762245848504
shops1,Shops within 1 km,primary,2,sa2,SA2,2,apartment,Apartment,2,none,No FE,1,full,44,0.0538362822848524,0.0259563878718506,-0.0278798944130018
shops1,Shops within 1 km,primary,2,sa2,SA2,2,apartment,Apartment,2,none,No FE,1,full,45,0.0397288781051118,0.0292503773719589,-0.0104785007331529
shops1,Shops within 1 km,primary,2,sa2,SA2,2,apartment,Apartment,2,none,No FE,1,full,46,0.0342813845260865,0.0245157443320955,-0.00976564019399094
shops1,Shops within 1 km,primary,2,sa2,SA2,2,apartment,Apartment,2,none,No FE,1,full,47,0.0669268295501592,0.0222801460541387,-0.0446466834960204
shops1,Shops within 1 km,primary,2,sa2,SA2,2,apartment,Apartment,2,none,No FE,1,full,48,0.0665430269460208,0.0350189830178627,-0.0315240439281581
shops1,Shops within 1 km,primary,2,sa2,SA2,2,apartment,Apartment,2,none,No FE,1,full,49,0.0447576638518593,0.0218071595813988,-0.0229505042704605
shops1,Shops within 1 km,primary,2,sa2,SA2,2,apartment,Apartment,2,none,No FE,1,full,50,0.0409398706282466,0.0251016928042573,-0.0158381778239893
shops1,Shops within 1 km,primary,2,sa2,SA2,2,apartment,Apartment,2,none,No FE,1,full,51,0.0425814078709883,0.0165871637078977,-0.0259942441630906
shops1,Shops within 1 km,primary,2,sa2,SA2,2,apartment,Apartment,2,none,No FE,1,full,52,0.0401230792209948,0.0140401747008736,-0.0260829045201213
shops1,Shops within 1 km,primary,2,sa2,SA2,2,apartment,Apartment,2,none,No FE,1,full,53,0.0547615694505763,0.0132055678973312,-0.0415560015532451
shops1,Shops within 1 km,primary,2,sa2,SA2,2,apartment,Apartment,2,none,No FE,1,full,54,0.0398077136960296,0.00839917804461164,-0.031408535651418
shops1,Shops within 1 km,primary,2,sa2,SA2,2,apartment,Apartment,2,none,No FE,1,full,55,0.047265452938922,0.0183388199637089,-0.0289266329752131
shops1,Shops within 1 km,primary,2,sa2,SA2,2,apartment,Apartment,2,none,No FE,1,full,56,0.0491789811530458,0.0231753850347488,-0.0260035961182971
shops1,Shops within 1 km,primary,2,sa2,SA2,2,apartment,Apartment,2,none,No FE,1,full,57,0.0662265412964425,0.0349003565292779,-0.0313261847671646
shops1,Shops within 1 km,primary,2,sa2,SA2,2,apartment,Apartment,2,none,No FE,1,full,58,0.0529762894875722,0.0160655560810251,-0.0369107334065471
shops1,Shops within 1 km,primary,2,sa2,SA2,2,apartment,Apartment,2,none,No FE,1,full,59,0.0501633423272829,0.00558921836844187,-0.0445741239588411
shops1,Shops within 1 km,primary,2,sa2,SA2,2,apartment,Apartment,2,none,No FE,1,full,60,0.0656430460059096,0.0241950338290847,-0.0414480121768249
shops1,Shops within 1 km,primary,2,sa2,SA2,2,apartment,Apartment,2,none,No FE,1,full,61,0.0555712095471365,0.0273582641462981,-0.0282129454008384
shops1,Shops within 1 km,primary,2,sa2,SA2,2,apartment,Apartment,2,none,No FE,1,full,62,0.0486526541387382,0.0265614030638926,-0.0220912510748456
shops1,Shops within 1 km,primary,2,sa2,SA2,2,apartment,Apartment,2,none,No FE,1,full,63,0.058773120674909,0.024272942578787,-0.0345001780961221
shops1,Shops within 1 km,primary,2,sa2,SA2,2,apartment,Apartment,2,none,No FE,1,full,64,0.0420161604288076,0.0115404815529408,-0.0304756788758668
shops1,Shops within 1 km,primary,2,sa2,SA2,2,apartment,Apartment,2,none,No FE,1,full,65,0.0502731475685675,0.0159577070565391,-0.0343154405120284
shops1,Shops within 1 km,primary,2,sa2,SA2,2,apartment,Apartment,2,none,No FE,1,full,66,0.0398459792823172,0.0176645980958428,-0.0221813811864744
shops1,Shops within 1 km,primary,2,sa2,SA2,2,apartment,Apartment,2,none,No FE,1,full,67,0.0502761089709456,0.0247825919943817,-0.0254935169765639
shops1,Shops within 1 km,primary,2,sa2,SA2,2,apartment,Apartment,2,none,No FE,1,full,68,0.0529179959676339,0.00932684187982355,-0.0435911540878103
shops1,Shops within 1 km,primary,2,sa2,SA2,2,apartment,Apartment,2,none,No FE,1,full,69,0.0609865023847112,0.0173051890400652,-0.0436813133446461
shops1,Shops within 1 km,primary,2,sa2,SA2,2,apartment,Apartment,2,none,No FE,1,full,70,0.0428882597846345,0.0231992261347149,-0.0196890336499196
shops1,Shops within 1 km,primary,2,sa2,SA2,2,apartment,Apartment,2,none,No FE,1,full,71,0.0471815168094794,0.0155255816354043,-0.0316559351740751
shops1,Shops within 1 km,primary,2,sa2,SA2,2,apartment,Apartment,2,none,No FE,1,full,72,0.0465825703931177,0.0148965175051463,-0.0316860528879714
shops1,Shops within 1 km,primary,2,sa2,SA2,2,apartment,Apartment,2,none,No FE,1,full,73,0.045621587977032,0.0357760784157903,-0.00984550956124174
shops1,Shops within 1 km,primary,2,sa2,SA2,2,apartment,Apartment,2,none,No FE,1,full,74,0.0630819059397906,0.0367494669194765,-0.0263324390203141
shops1,Shops within 1 km,primary,2,sa2,SA2,2,apartment,Apartment,2,none,No FE,1,full,75,0.0483085744951586,0.0126859944816905,-0.0356225800134681
shops1,Shops within 1 km,primary,2,sa2,SA2,2,apartment,Apartment,2,none,No FE,1,full,76,0.0550222807906118,0.0241246156175701,-0.0308976651730416
shops1,Shops within 1 km,primary,2,sa2,SA2,2,apartment,Apartment,2,none,No FE,1,full,77,0.0391745665801777,0.00270471416948526,-0.0364698524106925
shops1,Shops within 1 km,primary,2,sa2,SA2,2,apartment,Apartment,2,none,No FE,1,full,78,0.0406648455057383,0.0182339127207692,-0.0224309327849691
shops1,Shops within 1 km,primary,2,sa2,SA2,2,apartment,Apartment,2,none,No FE,1,full,79,0.0398235526872111,0.029361675105663,-0.0104618775815481
shops1,Shops within 1 km,primary,2,sa2,SA2,2,apartment,Apartment,2,none,No FE,1,full,80,0.0267616626621411,0.0145403089478127,-0.0122213537143284
shops1,Shops within 1 km,primary,2,sa2,SA2,2,apartment,Apartment,2,none,No FE,1,full,81,0.0407737912772991,0.0314212628162446,-0.00935252846105452
shops1,Shops within 1 km,primary,2,sa2,SA2,2,apartment,Apartment,2,none,No FE,1,full,82,0.0536619485878704,0.00661838062053132,-0.0470435679673391
shops1,Shops within 1 km,primary,2,sa2,SA2,2,apartment,Apartment,2,none,No FE,1,full,83,0.0479526515125444,0.030746938044343,-0.0172057134682014
shops1,Shops within 1 km,primary,2,sa2,SA2,2,apartment,Apartment,2,none,No FE,1,full,84,0.048552432830035,0.0293950897343911,-0.0191573430956439
shops1,Shops within 1 km,primary,2,sa2,SA2,2,apartment,Apartment,2,none,No FE,1,full,85,0.0570909627079955,0.0512728029628015,-0.00581815974519393
shops1,Shops within 1 km,primary,2,sa2,SA2,2,apartment,Apartment,2,none,No FE,1,full,86,0.0440728075930692,0.0254499215378472,-0.018622886055222
shops1,Shops within 1 km,primary,2,sa2,SA2,2,apartment,Apartment,2,none,No FE,1,full,87,0.0536555533127482,0.010919044805937,-0.0427365085068112
shops1,Shops within 1 km,primary,2,sa2,SA2,2,apartment,Apartment,2,none,No FE,1,full,88,0.0478286284370671,0.0188672892048123,-0.0289613392322548
shops1,Shops within 1 km,primary,2,sa2,SA2,2,apartment,Apartment,2,none,No FE,1,full,89,0.0549990654023417,0.0325969451851542,-0.0224021202171875
shops1,Shops within 1 km,primary,2,sa2,SA2,2,apartment,Apartment,2,none,No FE,1,full,90,0.0596057794161664,0.0239752109637937,-0.0356305684523727
shops1,Shops within 1 km,primary,2,sa2,SA2,2,apartment,Apartment,2,none,No FE,1,full,91,0.0506648735394217,0.0294735185019698,-0.0211913550374519
shops1,Shops within 1 km,primary,2,sa2,SA2,2,apartment,Apartment,2,none,No FE,1,full,92,0.0309743793848949,0.00962441374074987,-0.021349965644145
shops1,Shops within 1 km,primary,2,sa2,SA2,2,apartment,Apartment,2,none,No FE,1,full,93,0.0564126188401691,0.0139508821359463,-0.0424617367042228
shops1,Shops within 1 km,primary,2,sa2,SA2,2,apartment,Apartment,2,none,No FE,1,full,94,0.0653326766975675,0.0324578582197607,-0.0328748184778068
shops1,Shops within 1 km,primary,2,sa2,SA2,2,apartment,Apartment,2,none,No FE,1,full,95,0.0523950131937781,0.0224169392470117,-0.0299780739467663
shops1,Shops within 1 km,primary,2,sa2,SA2,2,apartment,Apartment,2,none,No FE,1,full,96,0.0359235090038131,0.0141543170495283,-0.0217691919542848
shops1,Shops within 1 km,primary,2,sa2,SA2,2,apartment,Apartment,2,none,No FE,1,full,97,0.0481581878071908,0.00406717966486092,-0.0440910081423299
shops1,Shops within 1 km,primary,2,sa2,SA2,2,apartment,Apartment,2,none,No FE,1,full,98,0.0427121126044677,0.0266224067961394,-0.0160897058083283
shops1,Shops within 1 km,primary,2,sa2,SA2,2,apartment,Apartment,2,none,No FE,1,full,99,0.0527270629058607,0.0333568448826243,-0.0193702180232364
shops1,Shops within 1 km,primary,2,sa2,SA2,2,apartment,Apartment,2,none,No FE,1,full,100,0.0637066824565731,0.0185287949789922,-0.0451778874775809
shops1,Shops within 1 km,primary,2,sa2,SA2,2,apartment,Apartment,2,none,No FE,1,full,101,0.0559581790573883,0.0262166334059281,-0.0297415456514602
shops1,Shops within 1 km,primary,2,sa2,SA2,2,apartment,Apartment,2,none,No FE,1,full,102,0.0597820064043063,0.0309594840595866,-0.0288225223447197
shops1,Shops within 1 km,primary,2,sa2,SA2,2,apartment,Apartment,2,none,No FE,1,full,103,0.0639315175618908,0.0376990215175969,-0.0262324960442939
shops1,Shops within 1 km,primary,2,sa2,SA2,2,apartment,Apartment,2,none,No FE,1,full,104,0.043881083688512,0.0274743866737341,-0.0164066970147779
shops1,Shops within 1 km,primary,2,sa2,SA2,2,apartment,Apartment,2,none,No FE,1,full,105,0.056745493313431,0.0180490513436606,-0.0386964419697705
shops1,Shops within 1 km,primary,2,sa2,SA2,2,apartment,Apartment,2,none,No FE,1,full,106,0.0580204671869949,0.0238963910706479,-0.0341240761163471
shops1,Shops within 1 km,primary,2,sa2,SA2,2,apartment,Apartment,2,none,No FE,1,full,107,0.0365035833535419,0.0087398018259943,-0.0277637815275476
shops1,Shops within 1 km,primary,2,sa2,SA2,2,apartment,Apartment,2,none,No FE,1,full,108,0.0505237245175634,0.00502742359642364,-0.0454963009211397
shops1,Shops within 1 km,primary,2,sa2,SA2,2,apartment,Apartment,2,none,No FE,1,full,109,0.0319520294266915,0.0126763442987191,-0.0192756851279724
shops1,Shops within 1 km,primary,2,sa2,SA2,2,apartment,Apartment,2,none,No FE,1,full,110,0.0402922908469634,0.00965993443882359,-0.0306323564081398
shops1,Shops within 1 km,primary,2,sa2,SA2,2,apartment,Apartment,2,none,No FE,1,full,111,0.047275486517738,0.0264770085160081,-0.0207984780017298
shops1,Shops within 1 km,primary,2,sa2,SA2,2,apartment,Apartment,2,none,No FE,1,full,112,0.0528816117017156,0.00114877537134779,-0.0517328363303678
shops1,Shops within 1 km,primary,2,sa2,SA2,2,apartment,Apartment,2,none,No FE,1,full,113,0.0583661429922409,0.0396890978417547,-0.0186770451504862
shops1,Shops within 1 km,primary,2,sa2,SA2,2,apartment,Apartment,2,none,No FE,1,full,114,0.0549425999589513,0.0383574020228272,-0.0165851979361241
shops1,Shops within 1 km,primary,2,sa2,SA2,2,apartment,Apartment,2,none,No FE,1,full,115,0.0403529262772022,0.0196053644896133,-0.0207475617875889
shops1,Shops within 1 km,primary,2,sa2,SA2,2,apartment,Apartment,2,none,No FE,1,full,116,0.0405117365199592,0.0469234727192768,0.0064117361993176
shops1,Shops within 1 km,primary,2,sa2,SA2,2,apartment,Apartment,2,none,No FE,1,full,117,0.059165101172035,0.0336382662412537,-0.0255268349307814
shops1,Shops within 1 km,primary,2,sa2,SA2,2,apartment,Apartment,2,none,No FE,1,full,118,0.0574449643159314,0.0388216869467082,-0.0186232773692233
shops1,Shops within 1 km,primary,2,sa2,SA2,2,apartment,Apartment,2,none,No FE,1,full,119,0.0438668329636021,0.00486279289193523,-0.0390040400716669
shops1,Shops within 1 km,primary,2,sa2,SA2,2,apartment,Apartment,2,none,No FE,1,full,120,0.0534760979325389,0.0295229733858242,-0.0239531245467147
shops1,Shops within 1 km,primary,2,sa2,SA2,2,apartment,Apartment,2,none,No FE,1,full,121,0.0413956331496618,0.0142106032246138,-0.0271850299250479
shops1,Shops within 1 km,primary,2,sa2,SA2,2,apartment,Apartment,2,none,No FE,1,full,122,0.0324743792762024,0.0236951564387225,-0.00877922283747987
shops1,Shops within 1 km,primary,2,sa2,SA2,2,apartment,Apartment,2,none,No FE,1,full,123,0.0584242804237487,0.0240648479036709,-0.0343594325200778
shops1,Shops within 1 km,primary,2,sa2,SA2,2,apartment,Apartment,2,none,No FE,1,full,124,0.0604093249012312,0.0248478871576417,-0.0355614377435895
shops1,Shops within 1 km,primary,2,sa2,SA2,2,apartment,Apartment,2,none,No FE,1,full,125,0.0347093552068581,0.00809214028378393,-0.0266172149230742
shops1,Shops within 1 km,primary,2,sa2,SA2,2,apartment,Apartment,2,none,No FE,1,full,126,0.0519207846696548,0.00092039493730715,-0.0510003897323477
shops1,Shops within 1 km,primary,2,sa2,SA2,2,apartment,Apartment,2,none,No FE,1,full,127,0.0480640923406394,0.0156727659601621,-0.0323913263804773
shops1,Shops within 1 km,primary,2,sa2,SA2,2,apartment,Apartment,2,none,No FE,1,full,128,0.0539299583262115,0.0345718958037562,-0.0193580625224553
shops1,Shops within 1 km,primary,2,sa2,SA2,2,apartment,Apartment,2,none,No FE,1,full,129,0.0417312216275513,0.0153807209159089,-0.0263505007116424
shops1,Shops within 1 km,primary,2,sa2,SA2,2,apartment,Apartment,2,none,No FE,1,full,130,0.0455038264930152,0.013935557775275,-0.0315682687177402
shops1,Shops within 1 km,primary,2,sa2,SA2,2,apartment,Apartment,2,none,No FE,1,full,131,0.061959559854402,0.0188158175568437,-0.0431437422975583
shops1,Shops within 1 km,primary,2,sa2,SA2,2,apartment,Apartment,2,none,No FE,1,full,132,0.0508713377809436,0.0270413448172832,-0.0238299929636603
shops1,Shops within 1 km,primary,2,sa2,SA2,2,apartment,Apartment,2,none,No FE,1,full,133,0.037445212111454,0.0288745780863436,-0.00857063402511043
shops1,Shops within 1 km,primary,2,sa2,SA2,2,apartment,Apartment,2,none,No FE,1,full,134,0.0543016238910291,0.0277092933422286,-0.0265923305488005
shops1,Shops within 1 km,primary,2,sa2,SA2,2,apartment,Apartment,2,none,No FE,1,full,135,0.058103531841089,0.0371845553563503,-0.0209189764847387
shops1,Shops within 1 km,primary,2,sa2,SA2,2,apartment,Apartment,2,none,No FE,1,full,136,0.0399446606225338,0.021697734468294,-0.0182469261542398
shops1,Shops within 1 km,primary,2,sa2,SA2,2,apartment,Apartment,2,none,No FE,1,full,137,0.0543088605611084,0.016163410319915,-0.0381454502411934
shops1,Shops within 1 km,primary,2,sa2,SA2,2,apartment,Apartment,2,none,No FE,1,full,138,0.0423784480743316,0.0253681385918383,-0.0170103094824933
shops1,Shops within 1 km,primary,2,sa2,SA2,2,apartment,Apartment,2,none,No FE,1,full,139,0.0545751786447035,0.0271549003121228,-0.0274202783325807
shops1,Shops within 1 km,primary,2,sa2,SA2,2,apartment,Apartment,2,none,No FE,1,full,140,0.0382986447321241,0.0122084278210076,-0.0260902169111166
shops1,Shops within 1 km,primary,2,sa2,SA2,2,apartment,Apartment,2,none,No FE,1,full,141,0.0699887810790849,0.0277371838047051,-0.0422515972743798
shops1,Shops within 1 km,primary,2,sa2,SA2,2,apartment,Apartment,2,none,No FE,1,full,142,0.0547605555663785,0.0170327393798849,-0.0377278161864936
shops1,Shops within 1 km,primary,2,sa2,SA2,2,apartment,Apartment,2,none,No FE,1,full,143,0.0445467188038936,0.0102245351820276,-0.034322183621866
shops1,Shops within 1 km,primary,2,sa2,SA2,2,apartment,Apartment,2,none,No FE,1,full,144,0.0551299845698399,0.0174410910493632,-0.0376888935204766
shops1,Shops within 1 km,primary,2,sa2,SA2,2,apartment,Apartment,2,none,No FE,1,full,145,0.0406014802045092,0.0119145781982776,-0.0286869020062316
shops1,Shops within 1 km,primary,2,sa2,SA2,2,apartment,Apartment,2,none,No FE,1,full,146,0.0491027543517822,0.0220780332174904,-0.0270247211342918
shops1,Shops within 1 km,primary,2,sa2,SA2,2,apartment,Apartment,2,none,No FE,1,full,147,0.0556500778883738,0.0454155079858673,-0.0102345699025065
shops1,Shops within 1 km,primary,2,sa2,SA2,2,apartment,Apartment,2,none,No FE,1,full,148,0.0543224011037728,0.0231789399400469,-0.0311434611637259
shops1,Shops within 1 km,primary,2,sa2,SA2,2,apartment,Apartment,2,none,No FE,1,full,149,0.0651073602949121,0.035344056222394,-0.0297633040725181
shops1,Shops within 1 km,primary,2,sa2,SA2,2,apartment,Apartment,2,none,No FE,1,full,150,0.0348049154805096,0.0251691047711299,-0.0096358107093797
shops1,Shops within 1 km,primary,2,sa2,SA2,2,apartment,Apartment,2,none,No FE,1,full,151,0.055971812046438,0.0177360669517627,-0.0382357450946753
shops1,Shops within 1 km,primary,2,sa2,SA2,2,apartment,Apartment,2,none,No FE,1,full,152,0.0368106890549921,0.0140465515628131,-0.022764137492179
shops1,Shops within 1 km,primary,2,sa2,SA2,2,apartment,Apartment,2,none,No FE,1,full,153,0.0509765378882406,0.0293865479514481,-0.0215899899367925
shops1,Shops within 1 km,primary,2,sa2,SA2,2,apartment,Apartment,2,none,No FE,1,full,154,0.0441008140188366,0.0181015625550347,-0.025999251463802
shops1,Shops within 1 km,primary,2,sa2,SA2,2,apartment,Apartment,2,none,No FE,1,full,155,0.0539625148052864,0.00595127604928831,-0.0480112387559981
shops1,Shops within 1 km,primary,2,sa2,SA2,2,apartment,Apartment,2,none,No FE,1,full,156,0.0491131208835714,0.0116076536245639,-0.0375054672590075
shops1,Shops within 1 km,primary,2,sa2,SA2,2,apartment,Apartment,2,none,No FE,1,full,157,0.0387063558771924,0.0312262644761069,-0.00748009140108547
shops1,Shops within 1 km,primary,2,sa2,SA2,2,apartment,Apartment,2,none,No FE,1,full,158,0.039892815101512,0.0158805296080063,-0.0240122854935057
shops1,Shops within 1 km,primary,2,sa2,SA2,2,apartment,Apartment,2,none,No FE,1,full,159,0.0419671702634047,0.0174565062126316,-0.0245106640507731
shops1,Shops within 1 km,primary,2,sa2,SA2,2,apartment,Apartment,2,none,No FE,1,full,160,0.0414832817743269,0.0275326971537516,-0.0139505846205753
shops1,Shops within 1 km,primary,2,sa2,SA2,2,apartment,Apartment,2,none,No FE,1,full,161,0.054788798512665,0.0396049446348656,-0.0151838538777994
shops1,Shops within 1 km,primary,2,sa2,SA2,2,apartment,Apartment,2,none,No FE,1,full,162,0.0492785249874362,0.0269140612744146,-0.0223644637130216
shops1,Shops within 1 km,primary,2,sa2,SA2,2,apartment,Apartment,2,none,No FE,1,full,163,0.045183251923611,0.0257266491880309,-0.01945660273558
shops1,Shops within 1 km,primary,2,sa2,SA2,2,apartment,Apartment,2,none,No FE,1,full,164,0.0525464788161529,0.0140861938359257,-0.0384602849802272
shops1,Shops within 1 km,primary,2,sa2,SA2,2,apartment,Apartment,2,none,No FE,1,full,165,0.0433644446241542,0.0272706057385444,-0.0160938388856098
shops1,Shops within 1 km,primary,2,sa2,SA2,2,apartment,Apartment,2,none,No FE,1,full,166,0.0481080777953548,0.0197843714500123,-0.0283237063453425
shops1,Shops within 1 km,primary,2,sa2,SA2,2,apartment,Apartment,2,none,No FE,1,full,167,0.0458638197197131,0.0119362980121872,-0.0339275217075259
shops1,Shops within 1 km,primary,2,sa2,SA2,2,apartment,Apartment,2,none,No FE,1,full,168,0.0502348593254253,0.0290238614285785,-0.0212109978968468
shops1,Shops within 1 km,primary,2,sa2,SA2,2,apartment,Apartment,2,none,No FE,1,full,169,0.0389859990776643,0.0117405394517992,-0.0272454596258652
shops1,Shops within 1 km,primary,2,sa2,SA2,2,apartment,Apartment,2,none,No FE,1,full,170,0.0536187490856913,0.0313259726776159,-0.0222927764080754
shops1,Shops within 1 km,primary,2,sa2,SA2,2,apartment,Apartment,2,none,No FE,1,full,171,0.030041344997648,0.00588520169242974,-0.0241561433052183
shops1,Shops within 1 km,primary,2,sa2,SA2,2,apartment,Apartment,2,none,No FE,1,full,172,0.0386460614935973,0.00906276616962675,-0.0295832953239706
shops1,Shops within 1 km,primary,2,sa2,SA2,2,apartment,Apartment,2,none,No FE,1,full,173,0.0368026882666383,0.0321575994614313,-0.00464508880520703
shops1,Shops within 1 km,primary,2,sa2,SA2,2,apartment,Apartment,2,none,No FE,1,full,174,0.055075487960309,0.0281879279631704,-0.0268875599971386
shops1,Shops within 1 km,primary,2,sa2,SA2,2,apartment,Apartment,2,none,No FE,1,full,175,0.051618339480601,0.0383239001193996,-0.0132944393612014
shops1,Shops within 1 km,primary,2,sa2,SA2,2,apartment,Apartment,2,none,No FE,1,full,176,0.0434263844938017,0.034045833208008,-0.00938055128579372
shops1,Shops within 1 km,primary,2,sa2,SA2,2,apartment,Apartment,2,none,No FE,1,full,177,0.0429076483990651,0.0382937834952546,-0.0046138649038105
shops1,Shops within 1 km,primary,2,sa2,SA2,2,apartment,Apartment,2,none,No FE,1,full,178,0.0510126039688694,0.0345879761872686,-0.0164246277816007
shops1,Shops within 1 km,primary,2,sa2,SA2,2,apartment,Apartment,2,none,No FE,1,full,179,0.0482386317760797,0.0153009941398074,-0.0329376376362723
shops1,Shops within 1 km,primary,2,sa2,SA2,2,apartment,Apartment,2,none,No FE,1,full,180,0.0411641299366535,0.012281130077449,-0.0288829998592045
shops1,Shops within 1 km,primary,2,sa2,SA2,2,apartment,Apartment,2,none,No FE,1,full,181,0.0374223090166332,0.00462917535485053,-0.0327931336617827
shops1,Shops within 1 km,primary,2,sa2,SA2,2,apartment,Apartment,2,none,No FE,1,full,182,0.0441303208774795,0.0254903479132902,-0.0186399729641893
shops1,Shops within 1 km,primary,2,sa2,SA2,2,apartment,Apartment,2,none,No FE,1,full,183,0.051496975494227,0.0214530147279138,-0.0300439607663132
shops1,Shops within 1 km,primary,2,sa2,SA2,2,apartment,Apartment,2,none,No FE,1,full,184,0.0488570250227643,0.017724358789379,-0.0311326662333853
shops1,Shops within 1 km,primary,2,sa2,SA2,2,apartment,Apartment,2,none,No FE,1,full,185,0.0465231106568732,0.0174349187911391,-0.0290881918657341
shops1,Shops within 1 km,primary,2,sa2,SA2,2,apartment,Apartment,2,none,No FE,1,full,186,0.0591560505576884,0.0240722472653321,-0.0350838032923562
shops1,Shops within 1 km,primary,2,sa2,SA2,2,apartment,Apartment,2,none,No FE,1,full,187,0.049081271019116,0.0354713141973969,-0.0136099568217191
shops1,Shops within 1 km,primary,2,sa2,SA2,2,apartment,Apartment,2,none,No FE,1,full,188,0.0560911472097232,0.0187660007754755,-0.0373251464342478
shops1,Shops within 1 km,primary,2,sa2,SA2,2,apartment,Apartment,2,none,No FE,1,full,189,0.0531011746755087,0.0219975963196466,-0.0311035783558621
shops1,Shops within 1 km,primary,2,sa2,SA2,2,apartment,Apartment,2,none,No FE,1,full,190,0.0529121751654524,0.0407205540726704,-0.012191621092782
shops1,Shops within 1 km,primary,2,sa2,SA2,2,apartment,Apartment,2,none,No FE,1,full,191,0.0404395977595965,0.00576888877557868,-0.0346707089840178
shops1,Shops within 1 km,primary,2,sa2,SA2,2,apartment,Apartment,2,none,No FE,1,full,192,0.0362389128920965,0.00032434163038942,-0.0359145712617071
shops1,Shops within 1 km,primary,2,sa2,SA2,2,apartment,Apartment,2,none,No FE,1,full,193,0.0575528728042329,0.0214108539350761,-0.0361420188691568
shops1,Shops within 1 km,primary,2,sa2,SA2,2,apartment,Apartment,2,none,No FE,1,full,194,0.046317566771103,0.0377865800547046,-0.00853098671639838
shops1,Shops within 1 km,primary,2,sa2,SA2,2,apartment,Apartment,2,none,No FE,1,full,195,0.0509840077763044,0.0297702580250171,-0.0212137497512873
shops1,Shops within 1 km,primary,2,sa2,SA2,2,apartment,Apartment,2,none,No FE,1,full,196,0.0491877860237312,0.0125779376986067,-0.0366098483251244
shops1,Shops within 1 km,primary,2,sa2,SA2,2,apartment,Apartment,2,none,No FE,1,full,197,0.0536358274652495,0.0209237952629228,-0.0327120322023266
shops1,Shops within 1 km,primary,2,sa2,SA2,2,apartment,Apartment,2,none,No FE,1,full,198,0.0448875929145321,0.0275716703978175,-0.0173159225167146
shops1,Shops within 1 km,primary,2,sa2,SA2,2,apartment,Apartment,2,none,No FE,1,full,199,0.0459032462092093,0.0336015353979599,-0.0123017108112494
shops1,Shops within 1 km,primary,2,sa2,SA2,2,apartment,Apartment,2,none,No FE,1,full,200,0.0565232075651427,0.0335418624802342,-0.0229813450849085
shops1,Shops within 1 km,primary,2,sa2,SA2,2,apartment,Apartment,2,none,No FE,1,full,201,0.0536748465281653,0.0243401403139348,-0.0293347062142305
shops1,Shops within 1 km,primary,2,sa2,SA2,2,apartment,Apartment,2,none,No FE,1,full,202,0.0344089348062892,0.0188869803818829,-0.0155219544244064
shops1,Shops within 1 km,primary,2,sa2,SA2,2,apartment,Apartment,2,none,No FE,1,full,203,0.0463111365194145,0.0167047938294071,-0.0296063426900073
shops1,Shops within 1 km,primary,2,sa2,SA2,2,apartment,Apartment,2,none,No FE,1,full,204,0.0517175231696217,0.0312153770590019,-0.0205021461106198
shops1,Shops within 1 km,primary,2,sa2,SA2,2,apartment,Apartment,2,none,No FE,1,full,205,0.0460688920140088,0.00689911194944123,-0.0391697800645676
shops1,Shops within 1 km,primary,2,sa2,SA2,2,apartment,Apartment,2,none,No FE,1,full,206,0.0555551064382802,0.0195184176862452,-0.036036688752035
shops1,Shops within 1 km,primary,2,sa2,SA2,2,apartment,Apartment,2,none,No FE,1,full,207,0.0496456811394251,0.00926271177686892,-0.0403829693625562
shops1,Shops within 1 km,primary,2,sa2,SA2,2,apartment,Apartment,2,none,No FE,1,full,208,0.0637295660963788,0.0136467612879451,-0.0500828048084337
shops1,Shops within 1 km,primary,2,sa2,SA2,2,apartment,Apartment,2,none,No FE,1,full,209,0.0380613062516145,0.0221509125948106,-0.0159103936568038
shops1,Shops within 1 km,primary,2,sa2,SA2,2,apartment,Apartment,2,none,No FE,1,full,210,0.054806440196945,0.0103087554595985,-0.0444976847373464
shops1,Shops within 1 km,primary,2,sa2,SA2,2,apartment,Apartment,2,none,No FE,1,full,211,0.0492529021318112,0.0227441726386819,-0.0265087294931293
shops1,Shops within 1 km,primary,2,sa2,SA2,2,apartment,Apartment,2,none,No FE,1,full,212,0.0433414239920515,0.0177878051745709,-0.0255536188174806
shops1,Shops within 1 km,primary,2,sa2,SA2,2,apartment,Apartment,2,none,No FE,1,full,213,0.0368966028958102,0.0248308673601586,-0.0120657355356516
shops1,Shops within 1 km,primary,2,sa2,SA2,2,apartment,Apartment,2,none,No FE,1,full,214,0.0523338139049113,0.0244047599139618,-0.0279290539909495
shops1,Shops within 1 km,primary,2,sa2,SA2,2,apartment,Apartment,2,none,No FE,1,full,215,0.0583337128556127,0.0115509859177001,-0.0467827269379126
shops1,Shops within 1 km,primary,2,sa2,SA2,2,apartment,Apartment,2,none,No FE,1,full,216,0.0641572304513997,0.040402746787518,-0.0237544836638818
shops1,Shops within 1 km,primary,2,sa2,SA2,2,apartment,Apartment,2,none,No FE,1,full,217,0.0305090485586083,0.012479719093721,-0.0180293294648873
shops1,Shops within 1 km,primary,2,sa2,SA2,2,apartment,Apartment,2,none,No FE,1,full,218,0.0383645871950917,0.00986171191102441,-0.0285028752840673
shops1,Shops within 1 km,primary,2,sa2,SA2,2,apartment,Apartment,2,none,No FE,1,full,219,0.0461250865141539,0.0116603492968069,-0.034464737217347
shops1,Shops within 1 km,primary,2,sa2,SA2,2,apartment,Apartment,2,none,No FE,1,full,220,0.0506763134392579,0.0261317094259809,-0.024544604013277
shops1,Shops within 1 km,primary,2,sa2,SA2,2,apartment,Apartment,2,none,No FE,1,full,221,0.0537657276272485,0.0279365603229162,-0.0258291673043323
shops1,Shops within 1 km,primary,2,sa2,SA2,2,apartment,Apartment,2,none,No FE,1,full,222,0.0377204768102712,0.0224691184154845,-0.0152513583947867
shops1,Shops within 1 km,primary,2,sa2,SA2,2,apartment,Apartment,2,none,No FE,1,full,223,0.05371986347415,0.0297986373821393,-0.0239212260920108
shops1,Shops within 1 km,primary,2,sa2,SA2,2,apartment,Apartment,2,none,No FE,1,full,224,0.051348447974378,0.0384339231289647,-0.0129145248454133
shops1,Shops within 1 km,primary,2,sa2,SA2,2,apartment,Apartment,2,none,No FE,1,full,225,0.0429363296713259,0.0147708637939159,-0.02816546587741
shops1,Shops within 1 km,primary,2,sa2,SA2,2,apartment,Apartment,2,none,No FE,1,full,226,0.045344178562213,0.000877526831705566,-0.0444666517305074
shops1,Shops within 1 km,primary,2,sa2,SA2,2,apartment,Apartment,2,none,No FE,1,full,227,0.0389390763761355,0.024431374535553,-0.0145077018405825
shops1,Shops within 1 km,primary,2,sa2,SA2,2,apartment,Apartment,2,none,No FE,1,full,228,0.0526925469311859,0.0224575023138019,-0.0302350446173839
shops1,Shops within 1 km,primary,2,sa2,SA2,2,apartment,Apartment,2,none,No FE,1,full,229,0.0400635683281889,0.0376619662866533,-0.00240160204153558
shops1,Shops within 1 km,primary,2,sa2,SA2,2,apartment,Apartment,2,none,No FE,1,full,230,0.0448985597090456,-0.000517701403111692,-0.0454162611121573
shops1,Shops within 1 km,primary,2,sa2,SA2,2,apartment,Apartment,2,none,No FE,1,full,231,0.0501857651320496,0.0137066332478522,-0.0364791318841975
shops1,Shops within 1 km,primary,2,sa2,SA2,2,apartment,Apartment,2,none,No FE,1,full,232,0.0301984991368207,0.0127215429536151,-0.0174769561832056
shops1,Shops within 1 km,primary,2,sa2,SA2,2,apartment,Apartment,2,none,No FE,1,full,233,0.0571021397148153,0.0171312604746238,-0.0399708792401914
shops1,Shops within 1 km,primary,2,sa2,SA2,2,apartment,Apartment,2,none,No FE,1,full,234,0.0529866028094414,0.0213258361558913,-0.0316607666535501
shops1,Shops within 1 km,primary,2,sa2,SA2,2,apartment,Apartment,2,none,No FE,1,full,235,0.0399837561529185,0.019632895431593,-0.0203508607213255
shops1,Shops within 1 km,primary,2,sa2,SA2,2,apartment,Apartment,2,none,No FE,1,full,236,0.0576527496553093,0.022578459708148,-0.0350742899471613
shops1,Shops within 1 km,primary,2,sa2,SA2,2,apartment,Apartment,2,none,No FE,1,full,237,0.0634607450829145,0.0433551807954833,-0.0201055642874312
shops1,Shops within 1 km,primary,2,sa2,SA2,2,apartment,Apartment,2,none,No FE,1,full,238,0.0442464791523823,0.00375516615422748,-0.0404913129981548
shops1,Shops within 1 km,primary,2,sa2,SA2,2,apartment,Apartment,2,none,No FE,1,full,239,0.0597550380100405,0.0199063464387832,-0.0398486915712573
shops1,Shops within 1 km,primary,2,sa2,SA2,2,apartment,Apartment,2,none,No FE,1,full,240,0.0610401400436224,0.0231486272453941,-0.0378915127982284
shops1,Shops within 1 km,primary,2,sa2,SA2,2,apartment,Apartment,2,none,No FE,1,full,241,0.0556751808108005,0.0258446213155323,-0.0298305594952682
shops1,Shops within 1 km,primary,2,sa2,SA2,2,apartment,Apartment,2,none,No FE,1,full,242,0.055677450371431,0.0152235151579117,-0.0404539352135193
shops1,Shops within 1 km,primary,2,sa2,SA2,2,apartment,Apartment,2,none,No FE,1,full,243,0.0428776764493003,0.0124141309856886,-0.0304635454636117
shops1,Shops within 1 km,primary,2,sa2,SA2,2,apartment,Apartment,2,none,No FE,1,full,244,0.054745808003568,0.0284196457996544,-0.0263261622039136
shops1,Shops within 1 km,primary,2,sa2,SA2,2,apartment,Apartment,2,none,No FE,1,full,245,0.0513801744645235,0.0319696103879185,-0.0194105640766051
shops1,Shops within 1 km,primary,2,sa2,SA2,2,apartment,Apartment,2,none,No FE,1,full,246,0.0686411901138056,0.0313194216689624,-0.0373217684448431
shops1,Shops within 1 km,primary,2,sa2,SA2,2,apartment,Apartment,2,none,No FE,1,full,247,0.0473937711261021,-0.000169250186306355,-0.0475630213124085
shops1,Shops within 1 km,primary,2,sa2,SA2,2,apartment,Apartment,2,none,No FE,1,full,248,0.0636368400223758,0.0283313596580289,-0.0353054803643468
shops1,Shops within 1 km,primary,2,sa2,SA2,2,apartment,Apartment,2,none,No FE,1,full,249,0.0406867373280409,0.0301270112282582,-0.0105597260997827
shops1,Shops within 1 km,primary,2,sa2,SA2,2,apartment,Apartment,2,none,No FE,1,full,250,0.0444353629593699,0.0168452659146411,-0.0275900970447288
shops1,Shops within 1 km,primary,2,sa2,SA2,2,apartment,Apartment,2,none,No FE,1,full,251,0.0415201487483928,0.0130381804771441,-0.0284819682712487
shops1,Shops within 1 km,primary,2,sa2,SA2,2,apartment,Apartment,2,none,No FE,1,full,252,0.0347330568287205,0.0151856581208844,-0.0195473987078361
shops1,Shops within 1 km,primary,2,sa2,SA2,2,apartment,Apartment,2,none,No FE,1,full,253,0.0527733492279562,0.00865788148834791,-0.0441154677396083
shops1,Shops within 1 km,primary,2,sa2,SA2,2,apartment,Apartment,2,none,No FE,1,full,254,0.040298730641134,0.0204858062849076,-0.0198129243562264
shops1,Shops within 1 km,primary,2,sa2,SA2,2,apartment,Apartment,2,none,No FE,1,full,255,0.0547339327750017,0.0179605542064691,-0.0367733785685325
shops1,Shops within 1 km,primary,2,sa2,SA2,2,apartment,Apartment,2,none,No FE,1,full,256,0.0318209379847758,0.0141718515270329,-0.0176490864577429
shops1,Shops within 1 km,primary,2,sa2,SA2,2,apartment,Apartment,2,none,No FE,1,full,257,0.0516225579204785,0.0204895718263262,-0.0311329860941524
shops1,Shops within 1 km,primary,2,sa2,SA2,2,apartment,Apartment,2,none,No FE,1,full,258,0.0454378848133805,0.0220295385343751,-0.0234083462790054
shops1,Shops within 1 km,primary,2,sa2,SA2,2,apartment,Apartment,2,none,No FE,1,full,259,0.0497896681940759,0.0380290227119798,-0.0117606454820961
shops1,Shops within 1 km,primary,2,sa2,SA2,2,apartment,Apartment,2,none,No FE,1,full,260,0.0541294580814411,0.0216301159535907,-0.0324993421278504
shops1,Shops within 1 km,primary,2,sa2,SA2,2,apartment,Apartment,2,none,No FE,1,full,261,0.0632446173659891,0.0174936719700115,-0.0457509453959776
shops1,Shops within 1 km,primary,2,sa2,SA2,2,apartment,Apartment,2,none,No FE,1,full,262,0.0567681918698859,0.0401224250570519,-0.0166457668128341
shops1,Shops within 1 km,primary,2,sa2,SA2,2,apartment,Apartment,2,none,No FE,1,full,263,0.0627822105168843,0.0407419576371661,-0.0220402528797183
shops1,Shops within 1 km,primary,2,sa2,SA2,2,apartment,Apartment,2,none,No FE,1,full,264,0.0542512500010083,0.0283741143871175,-0.0258771356138907
shops1,Shops within 1 km,primary,2,sa2,SA2,2,apartment,Apartment,2,none,No FE,1,full,265,0.0434697952206776,0.0123091039696079,-0.0311606912510697
shops1,Shops within 1 km,primary,2,sa2,SA2,2,apartment,Apartment,2,none,No FE,1,full,266,0.0567043801704477,0.0381957817606406,-0.0185085984098071
shops1,Shops within 1 km,primary,2,sa2,SA2,2,apartment,Apartment,2,none,No FE,1,full,267,0.0594280321845907,0.0340084737717681,-0.0254195584128226
shops1,Shops within 1 km,primary,2,sa2,SA2,2,apartment,Apartment,2,none,No FE,1,full,268,0.0406721186417524,0.0172399152479201,-0.0234322033938323
shops1,Shops within 1 km,primary,2,sa2,SA2,2,apartment,Apartment,2,none,No FE,1,full,269,0.0240800328834824,0.00589977164194726,-0.0181802612415351
shops1,Shops within 1 km,primary,2,sa2,SA2,2,apartment,Apartment,2,none,No FE,1,full,270,0.0456428949813918,0.0307439954396625,-0.0148988995417292
shops1,Shops within 1 km,primary,2,sa2,SA2,2,apartment,Apartment,2,none,No FE,1,full,271,0.0441433757659375,0.00888869266677302,-0.0352546830991645
shops1,Shops within 1 km,primary,2,sa2,SA2,2,apartment,Apartment,2,none,No FE,1,full,272,0.0465762562619849,0.0237880872972088,-0.022788168964776
shops1,Shops within 1 km,primary,2,sa2,SA2,2,apartment,Apartment,2,none,No FE,1,full,273,0.0512773577167194,0.0333235283633299,-0.0179538293533895
shops1,Shops within 1 km,primary,2,sa2,SA2,2,apartment,Apartment,2,none,No FE,1,full,274,0.044823722029818,0.0344522279401621,-0.0103714940896559
shops1,Shops within 1 km,primary,2,sa2,SA2,2,apartment,Apartment,2,none,No FE,1,full,275,0.0437649560375599,0.0277898432059173,-0.0159751128316426
shops1,Shops within 1 km,primary,2,sa2,SA2,2,apartment,Apartment,2,none,No FE,1,full,276,0.0458698393248883,0.0136265245841899,-0.0322433147406984
shops1,Shops within 1 km,primary,2,sa2,SA2,2,apartment,Apartment,2,none,No FE,1,full,277,0.0564879250934279,0.00595485231715798,-0.0505330727762699
shops1,Shops within 1 km,primary,2,sa2,SA2,2,apartment,Apartment,2,none,No FE,1,full,278,0.0331270251464567,0.012792318352864,-0.0203347067935927
shops1,Shops within 1 km,primary,2,sa2,SA2,2,apartment,Apartment,2,none,No FE,1,full,279,0.062504067179599,0.00925141018472739,-0.0532526569948716
shops1,Shops within 1 km,primary,2,sa2,SA2,2,apartment,Apartment,2,none,No FE,1,full,280,0.0568888438974674,0.0228499435669876,-0.0340389003304799
shops1,Shops within 1 km,primary,2,sa2,SA2,2,apartment,Apartment,2,none,No FE,1,full,281,0.030116828310894,0.0159632239864973,-0.0141536043243967
shops1,Shops within 1 km,primary,2,sa2,SA2,2,apartment,Apartment,2,none,No FE,1,full,282,0.0433245196873081,0.00566051939877805,-0.0376640002885301
shops1,Shops within 1 km,primary,2,sa2,SA2,2,apartment,Apartment,2,none,No FE,1,full,283,0.0413078884080152,0.0242463300067809,-0.0170615584012343
shops1,Shops within 1 km,primary,2,sa2,SA2,2,apartment,Apartment,2,none,No FE,1,full,284,0.0278184535335091,0.00813013180189259,-0.0196883217316165
shops1,Shops within 1 km,primary,2,sa2,SA2,2,apartment,Apartment,2,none,No FE,1,full,285,0.0593530346148802,0.0211745056750961,-0.0381785289397841
shops1,Shops within 1 km,primary,2,sa2,SA2,2,apartment,Apartment,2,none,No FE,1,full,286,0.0407046843176107,0.0196418005843297,-0.021062883733281
shops1,Shops within 1 km,primary,2,sa2,SA2,2,apartment,Apartment,2,none,No FE,1,full,287,0.0391887849112769,0.0108940481092167,-0.0282947368020603
shops1,Shops within 1 km,primary,2,sa2,SA2,2,apartment,Apartment,2,none,No FE,1,full,288,0.0440425511988982,0.0218269381402905,-0.0222156130586077
shops1,Shops within 1 km,primary,2,sa2,SA2,2,apartment,Apartment,2,none,No FE,1,full,289,0.0590880631317925,0.0346009005814313,-0.0244871625503612
shops1,Shops within 1 km,primary,2,sa2,SA2,2,apartment,Apartment,2,none,No FE,1,full,290,0.0541477195202969,0.0110433004531135,-0.0431044190671834
shops1,Shops within 1 km,primary,2,sa2,SA2,2,apartment,Apartment,2,none,No FE,1,full,291,0.0418604369271434,0.0204814484337199,-0.0213789884934235
shops1,Shops within 1 km,primary,2,sa2,SA2,2,apartment,Apartment,2,none,No FE,1,full,292,0.0583466393999559,0.00890147291695367,-0.0494451664830022
shops1,Shops within 1 km,primary,2,sa2,SA2,2,apartment,Apartment,2,none,No FE,1,full,293,0.0410065030027797,0.00952819321354005,-0.0314783097892396
shops1,Shops within 1 km,primary,2,sa2,SA2,2,apartment,Apartment,2,none,No FE,1,full,294,0.0413195832818939,0.011153008772947,-0.0301665745089469
shops1,Shops within 1 km,primary,2,sa2,SA2,2,apartment,Apartment,2,none,No FE,1,full,295,0.0496679675249202,0.0211285269818072,-0.028539440543113
shops1,Shops within 1 km,primary,2,sa2,SA2,2,apartment,Apartment,2,none,No FE,1,full,296,0.0604748004141783,0.0303148201893673,-0.0301599802248109
shops1,Shops within 1 km,primary,2,sa2,SA2,2,apartment,Apartment,2,none,No FE,1,full,297,0.0532591554123781,0.0300634954730325,-0.0231956599393456
shops1,Shops within 1 km,primary,2,sa2,SA2,2,apartment,Apartment,2,none,No FE,1,full,298,0.0550970335202496,0.0218136595632259,-0.0332833739570236
shops1,Shops within 1 km,primary,2,sa2,SA2,2,apartment,Apartment,2,none,No FE,1,full,299,0.0456397879759619,0.016773783861823,-0.0288660041141389
shops1,Shops within 1 km,primary,2,sa2,SA2,2,apartment,Apartment,2,none,No FE,1,full,300,0.0349314284892426,0.0160377707014043,-0.0188936577878383
shops1,Shops within 1 km,primary,2,sa2,SA2,2,apartment,Apartment,2,none,No FE,1,full,301,0.0460654591302193,0.00928207702278408,-0.0367833821074352
shops1,Shops within 1 km,primary,2,sa2,SA2,2,apartment,Apartment,2,none,No FE,1,full,302,0.0558760068873614,0.0255496139330261,-0.0303263929543354
shops1,Shops within 1 km,primary,2,sa2,SA2,2,apartment,Apartment,2,none,No FE,1,full,303,0.0516863622861231,0.0122481903914795,-0.0394381718946436
shops1,Shops within 1 km,primary,2,sa2,SA2,2,apartment,Apartment,2,none,No FE,1,full,304,0.0481515295350783,0.0191294179065098,-0.0290221116285685
shops1,Shops within 1 km,primary,2,sa2,SA2,2,apartment,Apartment,2,none,No FE,1,full,305,0.056961651582549,0.0225292313930393,-0.0344324201895097
shops1,Shops within 1 km,primary,2,sa2,SA2,2,apartment,Apartment,2,none,No FE,1,full,306,0.0578515772278619,0.0512231564839109,-0.00662842074395095
shops1,Shops within 1 km,primary,2,sa2,SA2,2,apartment,Apartment,2,none,No FE,1,full,307,0.0512988536564618,0.0347928102198703,-0.0165060434365914
shops1,Shops within 1 km,primary,2,sa2,SA2,2,apartment,Apartment,2,none,No FE,1,full,308,0.0507946091873498,0.0259521601319203,-0.0248424490554295
shops1,Shops within 1 km,primary,2,sa2,SA2,2,apartment,Apartment,2,none,No FE,1,full,309,0.0369307105866877,0.00713650861212031,-0.0297942019745674
shops1,Shops within 1 km,primary,2,sa2,SA2,2,apartment,Apartment,2,none,No FE,1,full,310,0.0310446179554058,0.00692405185133965,-0.0241205661040662
shops1,Shops within 1 km,primary,2,sa2,SA2,2,apartment,Apartment,2,none,No FE,1,full,311,0.0546417567139031,0.0329663395408418,-0.0216754171730613
shops1,Shops within 1 km,primary,2,sa2,SA2,2,apartment,Apartment,2,none,No FE,1,full,312,0.0433975993280548,0.0154435650305862,-0.0279540342974686
shops1,Shops within 1 km,primary,2,sa2,SA2,2,apartment,Apartment,2,none,No FE,1,full,313,0.0522131413708014,0.0200667114962497,-0.0321464298745517
shops1,Shops within 1 km,primary,2,sa2,SA2,2,apartment,Apartment,2,none,No FE,1,full,314,0.0606134678779255,0.0288406326380935,-0.031772835239832
shops1,Shops within 1 km,primary,2,sa2,SA2,2,apartment,Apartment,2,none,No FE,1,full,315,0.0478147449503793,0.025229963610267,-0.0225847813401122
shops1,Shops within 1 km,primary,2,sa2,SA2,2,apartment,Apartment,2,none,No FE,1,full,316,0.0591344129665245,0.049676614271123,-0.00945779869540152
shops1,Shops within 1 km,primary,2,sa2,SA2,2,apartment,Apartment,2,none,No FE,1,full,317,0.0460653517686388,0.0226383779443973,-0.0234269738242415
shops1,Shops within 1 km,primary,2,sa2,SA2,2,apartment,Apartment,2,none,No FE,1,full,318,0.049758078287303,0.0200171952944097,-0.0297408829928933
shops1,Shops within 1 km,primary,2,sa2,SA2,2,apartment,Apartment,2,none,No FE,1,full,319,0.042531851560443,0.00360727353762223,-0.0389245780228208
shops1,Shops within 1 km,primary,2,sa2,SA2,2,apartment,Apartment,2,none,No FE,1,full,320,0.0291971953076763,0.018773789751794,-0.0104234055558823
shops1,Shops within 1 km,primary,2,sa2,SA2,2,apartment,Apartment,2,none,No FE,1,full,321,0.0541311278587469,0.0274312319380172,-0.0266998959207297
shops1,Shops within 1 km,primary,2,sa2,SA2,2,apartment,Apartment,2,none,No FE,1,full,322,0.0323211075100876,0.0270685394092567,-0.00525256810083088
shops1,Shops within 1 km,primary,2,sa2,SA2,2,apartment,Apartment,2,none,No FE,1,full,323,0.036842956604444,0.0317386120824236,-0.00510434452202039
shops1,Shops within 1 km,primary,2,sa2,SA2,2,apartment,Apartment,2,none,No FE,1,full,324,0.0434185029271693,0.00854776952349197,-0.0348707334036773
shops1,Shops within 1 km,primary,2,sa2,SA2,2,apartment,Apartment,2,none,No FE,1,full,325,0.0353143216793635,0.0179851525453196,-0.0173291691340439
shops1,Shops within 1 km,primary,2,sa2,SA2,2,apartment,Apartment,2,none,No FE,1,full,326,0.035641155325892,0.0195786415597478,-0.0160625137661442
shops1,Shops within 1 km,primary,2,sa2,SA2,2,apartment,Apartment,2,none,No FE,1,full,327,0.0518336135589986,0.0346931297018375,-0.0171404838571611
shops1,Shops within 1 km,primary,2,sa2,SA2,2,apartment,Apartment,2,none,No FE,1,full,328,0.0515414895360127,0.0136812959974831,-0.0378601935385296
shops1,Shops within 1 km,primary,2,sa2,SA2,2,apartment,Apartment,2,none,No FE,1,full,329,0.0435836905118356,0.0160111767432704,-0.0275725137685652
shops1,Shops within 1 km,primary,2,sa2,SA2,2,apartment,Apartment,2,none,No FE,1,full,330,0.0552763048281136,0.0345731994630768,-0.0207031053650368
shops1,Shops within 1 km,primary,2,sa2,SA2,2,apartment,Apartment,2,none,No FE,1,full,331,0.0486747944117551,0.0126474057260505,-0.0360273886857047
shops1,Shops within 1 km,primary,2,sa2,SA2,2,apartment,Apartment,2,none,No FE,1,full,332,0.0525249972253858,0.0351231420291528,-0.017401855196233
shops1,Shops within 1 km,primary,2,sa2,SA2,2,apartment,Apartment,2,none,No FE,1,full,333,0.050231309566885,0.0301829764670748,-0.0200483330998101
shops1,Shops within 1 km,primary,2,sa2,SA2,2,apartment,Apartment,2,none,No FE,1,full,334,0.0434646283179385,0.00412534405450432,-0.0393392842634342
shops1,Shops within 1 km,primary,2,sa2,SA2,2,apartment,Apartment,2,none,No FE,1,full,335,0.0389401599666584,0.00302194355282135,-0.0359182164138371
shops1,Shops within 1 km,primary,2,sa2,SA2,2,apartment,Apartment,2,none,No FE,1,full,336,0.0433728690658395,0.0225981752419914,-0.0207746938238481
shops1,Shops within 1 km,primary,2,sa2,SA2,2,apartment,Apartment,2,none,No FE,1,full,337,0.0349105730916049,0.0136795221453828,-0.0212310509462221
shops1,Shops within 1 km,primary,2,sa2,SA2,2,apartment,Apartment,2,none,No FE,1,full,338,0.0390057856541935,0.0163393606692454,-0.0226664249849481
shops1,Shops within 1 km,primary,2,sa2,SA2,2,apartment,Apartment,2,none,No FE,1,full,339,0.0386925882472143,0.0160434163041801,-0.0226491719430342
shops1,Shops within 1 km,primary,2,sa2,SA2,2,apartment,Apartment,2,none,No FE,1,full,340,0.0488615719923563,0.0178935077601395,-0.0309680642322168
shops1,Shops within 1 km,primary,2,sa2,SA2,2,apartment,Apartment,2,none,No FE,1,full,341,0.0515736049398106,0.0125981748926541,-0.0389754300471565
shops1,Shops within 1 km,primary,2,sa2,SA2,2,apartment,Apartment,2,none,No FE,1,full,342,0.0581401709563947,0.0197180628692402,-0.0384221080871545
shops1,Shops within 1 km,primary,2,sa2,SA2,2,apartment,Apartment,2,none,No FE,1,full,343,0.03472606438705,0.0310734439649345,-0.00365262042211558
shops1,Shops within 1 km,primary,2,sa2,SA2,2,apartment,Apartment,2,none,No FE,1,full,344,0.0433858158482906,0.021549043842177,-0.0218367720061136
shops1,Shops within 1 km,primary,2,sa2,SA2,2,apartment,Apartment,2,none,No FE,1,full,345,0.0594814827708201,0.0341289708618042,-0.0253525119090159
shops1,Shops within 1 km,primary,2,sa2,SA2,2,apartment,Apartment,2,none,No FE,1,full,346,0.0631171489261666,0.037900203938016,-0.0252169449881507
shops1,Shops within 1 km,primary,2,sa2,SA2,2,apartment,Apartment,2,none,No FE,1,full,347,0.0655354177013327,0.0285774553840344,-0.0369579623172983
shops1,Shops within 1 km,primary,2,sa2,SA2,2,apartment,Apartment,2,none,No FE,1,full,348,0.0436844884195687,0.0104953626956993,-0.0331891257238694
shops1,Shops within 1 km,primary,2,sa2,SA2,2,apartment,Apartment,2,none,No FE,1,full,349,0.0366485518291292,0.0284672471513487,-0.00818130467778057
shops1,Shops within 1 km,primary,2,sa2,SA2,2,apartment,Apartment,2,none,No FE,1,full,350,0.0624552090426523,0.0167689758178451,-0.0456862332248072
shops1,Shops within 1 km,primary,2,sa2,SA2,2,apartment,Apartment,2,none,No FE,1,full,351,0.0619628843836151,0.0224371838138769,-0.0395257005697382
shops1,Shops within 1 km,primary,2,sa2,SA2,2,apartment,Apartment,2,none,No FE,1,full,352,0.0583810827457448,0.0260791260359901,-0.0323019567097547
shops1,Shops within 1 km,primary,2,sa2,SA2,2,apartment,Apartment,2,none,No FE,1,full,353,0.0728637918665801,0.0298713952537548,-0.0429923966128252
shops1,Shops within 1 km,primary,2,sa2,SA2,2,apartment,Apartment,2,none,No FE,1,full,354,0.0491406759013776,0.00221770677609219,-0.0469229691252854
shops1,Shops within 1 km,primary,2,sa2,SA2,2,apartment,Apartment,2,none,No FE,1,full,355,0.0621640882296904,0.0350501391554348,-0.0271139490742556
shops1,Shops within 1 km,primary,2,sa2,SA2,2,apartment,Apartment,2,none,No FE,1,full,356,0.0486711605065448,0.0301598558868028,-0.0185113046197419
shops1,Shops within 1 km,primary,2,sa2,SA2,2,apartment,Apartment,2,none,No FE,1,full,357,0.0477487663520636,0.0185326204178412,-0.0292161459342224
shops1,Shops within 1 km,primary,2,sa2,SA2,2,apartment,Apartment,2,none,No FE,1,full,358,0.0590099775480555,0.02483555192452,-0.0341744256235354
shops1,Shops within 1 km,primary,2,sa2,SA2,2,apartment,Apartment,2,none,No FE,1,full,359,0.0458425999941411,0.0284636159727581,-0.017378984021383
shops1,Shops within 1 km,primary,2,sa2,SA2,2,apartment,Apartment,2,none,No FE,1,full,360,0.0559270239960351,0.0432328092901297,-0.0126942147059054
shops1,Shops within 1 km,primary,2,sa2,SA2,2,apartment,Apartment,2,none,No FE,1,full,361,0.0457711193725241,0.0181810124228357,-0.0275901069496884
shops1,Shops within 1 km,primary,2,sa2,SA2,2,apartment,Apartment,2,none,No FE,1,full,362,0.0378373743855536,0.0344018119500925,-0.00343556243546111
shops1,Shops within 1 km,primary,2,sa2,SA2,2,apartment,Apartment,2,none,No FE,1,full,363,0.036398335656613,0.0189520711957597,-0.0174462644608533
shops1,Shops within 1 km,primary,2,sa2,SA2,2,apartment,Apartment,2,none,No FE,1,full,364,0.0381586296126641,-0.000147585527534022,-0.0383062151401981
shops1,Shops within 1 km,primary,2,sa2,SA2,2,apartment,Apartment,2,none,No FE,1,full,365,0.0563555353242471,0.0446651508233565,-0.0116903845008907
shops1,Shops within 1 km,primary,2,sa2,SA2,2,apartment,Apartment,2,none,No FE,1,full,366,0.0439143829600154,0.01441030114132,-0.0295040818186954
shops1,Shops within 1 km,primary,2,sa2,SA2,2,apartment,Apartment,2,none,No FE,1,full,367,0.0345348229129099,0.025176574278099,-0.00935824863481098
shops1,Shops within 1 km,primary,2,sa2,SA2,2,apartment,Apartment,2,none,No FE,1,full,368,0.0355757101571525,0.025794654265496,-0.0097810558916565
shops1,Shops within 1 km,primary,2,sa2,SA2,2,apartment,Apartment,2,none,No FE,1,full,369,0.0526512224939464,0.0264545741295898,-0.0261966483643566
shops1,Shops within 1 km,primary,2,sa2,SA2,2,apartment,Apartment,2,none,No FE,1,full,370,0.0454866815337945,0.0134719450610778,-0.0320147364727166
shops1,Shops within 1 km,primary,2,sa2,SA2,2,apartment,Apartment,2,none,No FE,1,full,371,0.0371843327932008,0.0345222458809115,-0.00266208691228936
shops1,Shops within 1 km,primary,2,sa2,SA2,2,apartment,Apartment,2,none,No FE,1,full,372,0.0541524719257046,0.0331091700567235,-0.0210433018689812
shops1,Shops within 1 km,primary,2,sa2,SA2,2,apartment,Apartment,2,none,No FE,1,full,373,0.03043825317982,0.0279995632287094,-0.0024386899511106
shops1,Shops within 1 km,primary,2,sa2,SA2,2,apartment,Apartment,2,none,No FE,1,full,374,0.0462312457246492,0.0134368845176531,-0.0327943612069961
shops1,Shops within 1 km,primary,2,sa2,SA2,2,apartment,Apartment,2,none,No FE,1,full,375,0.0442975527260398,0.0189222368925245,-0.0253753158335154
shops1,Shops within 1 km,primary,2,sa2,SA2,2,apartment,Apartment,2,none,No FE,1,full,376,0.0622713195367239,0.0245064890827742,-0.0377648304539497
shops1,Shops within 1 km,primary,2,sa2,SA2,2,apartment,Apartment,2,none,No FE,1,full,377,0.0407050881593653,0.0199890897544448,-0.0207159984049205
shops1,Shops within 1 km,primary,2,sa2,SA2,2,apartment,Apartment,2,none,No FE,1,full,378,0.0511444079989553,0.0337762464839838,-0.0173681615149714
shops1,Shops within 1 km,primary,2,sa2,SA2,2,apartment,Apartment,2,none,No FE,1,full,379,0.0411144265970877,0.0169793080331873,-0.0241351185639004
shops1,Shops within 1 km,primary,2,sa2,SA2,2,apartment,Apartment,2,none,No FE,1,full,380,0.0340636826401717,0.017152356895024,-0.0169113257451477
shops1,Shops within 1 km,primary,2,sa2,SA2,2,apartment,Apartment,2,none,No FE,1,full,381,0.0510312291052841,0.0356754523451136,-0.0153557767601705
shops1,Shops within 1 km,primary,2,sa2,SA2,2,apartment,Apartment,2,none,No FE,1,full,382,0.0440621306072845,0.0264935205847609,-0.0175686100225236
shops1,Shops within 1 km,primary,2,sa2,SA2,2,apartment,Apartment,2,none,No FE,1,full,383,0.0595731561157816,0.0224639357679537,-0.0371092203478279
shops1,Shops within 1 km,primary,2,sa2,SA2,2,apartment,Apartment,2,none,No FE,1,full,384,0.0445045713537936,0.00652922674644952,-0.037975344607344
shops1,Shops within 1 km,primary,2,sa2,SA2,2,apartment,Apartment,2,none,No FE,1,full,385,0.0401081096969472,0.000554464393320013,-0.0395536453036272
shops1,Shops within 1 km,primary,2,sa2,SA2,2,apartment,Apartment,2,none,No FE,1,full,386,0.0557838046085106,0.0246449245909991,-0.0311388800175115
shops1,Shops within 1 km,primary,2,sa2,SA2,2,apartment,Apartment,2,none,No FE,1,full,387,0.028390578891344,0.0217298778541094,-0.00666070103723464
shops1,Shops within 1 km,primary,2,sa2,SA2,2,apartment,Apartment,2,none,No FE,1,full,388,0.045070788369977,0.0201739066557334,-0.0248968817142435
shops1,Shops within 1 km,primary,2,sa2,SA2,2,apartment,Apartment,2,none,No FE,1,full,389,0.0441677403444641,0.0150982343206562,-0.0290695060238079
shops1,Shops within 1 km,primary,2,sa2,SA2,2,apartment,Apartment,2,none,No FE,1,full,390,0.0609890879059225,0.0156944115335224,-0.0452946763724001
shops1,Shops within 1 km,primary,2,sa2,SA2,2,apartment,Apartment,2,none,No FE,1,full,391,0.0429396621909253,0.00513597958029259,-0.0378036826106327
shops1,Shops within 1 km,primary,2,sa2,SA2,2,apartment,Apartment,2,none,No FE,1,full,392,0.0439048713045417,0.0168839485297706,-0.0270209227747711
shops1,Shops within 1 km,primary,2,sa2,SA2,2,apartment,Apartment,2,none,No FE,1,full,393,0.0357331483159869,0.0150300936978706,-0.0207030546181163
shops1,Shops within 1 km,primary,2,sa2,SA2,2,apartment,Apartment,2,none,No FE,1,full,394,0.0422507995832882,0.0257955343690726,-0.0164552652142156
shops1,Shops within 1 km,primary,2,sa2,SA2,2,apartment,Apartment,2,none,No FE,1,full,395,0.0450143179787375,0.0275881476581179,-0.0174261703206196
shops1,Shops within 1 km,primary,2,sa2,SA2,2,apartment,Apartment,2,none,No FE,1,full,396,0.0471785926091736,0.0126434115421804,-0.0345351810669932
shops1,Shops within 1 km,primary,2,sa2,SA2,2,apartment,Apartment,2,none,No FE,1,full,397,0.0306086639586286,0.0141951633941529,-0.0164135005644757
shops1,Shops within 1 km,primary,2,sa2,SA2,2,apartment,Apartment,2,none,No FE,1,full,398,0.0406097820725131,0.0164411066917715,-0.0241686753807416
shops1,Shops within 1 km,primary,2,sa2,SA2,2,apartment,Apartment,2,none,No FE,1,full,399,0.0630355059662556,0.020700138221335,-0.0423353677449206
shops1,Shops within 1 km,primary,2,sa2,SA2,2,apartment,Apartment,2,none,No FE,1,full,400,0.0574223814529798,0.0120025627688563,-0.0454198186841234
shops1,Shops within 1 km,primary,2,sa2,SA2,2,apartment,Apartment,2,none,No FE,1,full,401,0.0488813269540427,0.0175274478673749,-0.0313538790866678
shops1,Shops within 1 km,primary,2,sa2,SA2,2,apartment,Apartment,2,none,No FE,1,full,402,0.0650936450414465,0.0308921914961456,-0.034201453545301
shops1,Shops within 1 km,primary,2,sa2,SA2,2,apartment,Apartment,2,none,No FE,1,full,403,0.0404369238486873,0.02157092035746,-0.0188660034912274
shops1,Shops within 1 km,primary,2,sa2,SA2,2,apartment,Apartment,2,none,No FE,1,full,404,0.0456239066029601,0.0302892395511743,-0.0153346670517858
shops1,Shops within 1 km,primary,2,sa2,SA2,2,apartment,Apartment,2,none,No FE,1,full,405,0.0375232776076235,0.00884107202838094,-0.0286822055792426
shops1,Shops within 1 km,primary,2,sa2,SA2,2,apartment,Apartment,2,none,No FE,1,full,406,0.0704849550533542,0.0418143190867515,-0.0286706359666027
shops1,Shops within 1 km,primary,2,sa2,SA2,2,apartment,Apartment,2,none,No FE,1,full,407,0.0459594214602892,0.0361250313266085,-0.0098343901336807
shops1,Shops within 1 km,primary,2,sa2,SA2,2,apartment,Apartment,2,none,No FE,1,full,408,0.0539029219841397,0.0296303616706469,-0.0242725603134928
shops1,Shops within 1 km,primary,2,sa2,SA2,2,apartment,Apartment,2,none,No FE,1,full,409,0.0573157293680598,0.00785683184322512,-0.0494588975248347
shops1,Shops within 1 km,primary,2,sa2,SA2,2,apartment,Apartment,2,none,No FE,1,full,410,0.0401980451290094,0.00929925120106237,-0.0308987939279471
shops1,Shops within 1 km,primary,2,sa2,SA2,2,apartment,Apartment,2,none,No FE,1,full,411,0.0452568770611319,0.000499537251899083,-0.0447573398092328
shops1,Shops within 1 km,primary,2,sa2,SA2,2,apartment,Apartment,2,none,No FE,1,full,412,0.0525578299413165,0.0213696587670446,-0.0311881711742718
shops1,Shops within 1 km,primary,2,sa2,SA2,2,apartment,Apartment,2,none,No FE,1,full,413,0.0497689770996821,0.0159053955046764,-0.0338635815950057
shops1,Shops within 1 km,primary,2,sa2,SA2,2,apartment,Apartment,2,none,No FE,1,full,414,0.0467366521178128,0.0327801506971182,-0.0139565014206945
shops1,Shops within 1 km,primary,2,sa2,SA2,2,apartment,Apartment,2,none,No FE,1,full,415,0.0488589114272485,0.0339970430971656,-0.0148618683300829
shops1,Shops within 1 km,primary,2,sa2,SA2,2,apartment,Apartment,2,none,No FE,1,full,416,0.0404957982301217,0.0206879171174671,-0.0198078811126546
shops1,Shops within 1 km,primary,2,sa2,SA2,2,apartment,Apartment,2,none,No FE,1,full,417,0.0516060173192177,0.0213843571448302,-0.0302216601743875
shops1,Shops within 1 km,primary,2,sa2,SA2,2,apartment,Apartment,2,none,No FE,1,full,418,0.0531057703467628,0.0159520802136528,-0.03715369013311
shops1,Shops within 1 km,primary,2,sa2,SA2,2,apartment,Apartment,2,none,No FE,1,full,419,0.0534809847061029,0.0161631270528121,-0.0373178576532907
shops1,Shops within 1 km,primary,2,sa2,SA2,2,apartment,Apartment,2,none,No FE,1,full,420,0.0591078865238071,0.0399629890454556,-0.0191448974783515
shops1,Shops within 1 km,primary,2,sa2,SA2,2,apartment,Apartment,2,none,No FE,1,full,421,0.0281648046755082,0.00631871028442653,-0.0218460943910817
shops1,Shops within 1 km,primary,2,sa2,SA2,2,apartment,Apartment,2,none,No FE,1,full,422,0.0601788111093649,0.0175004136914684,-0.0426783974178964
shops1,Shops within 1 km,primary,2,sa2,SA2,2,apartment,Apartment,2,none,No FE,1,full,423,0.050384741185355,0.0260808282312553,-0.0243039129540997
shops1,Shops within 1 km,primary,2,sa2,SA2,2,apartment,Apartment,2,none,No FE,1,full,424,0.0338564464868617,0.0105675034369423,-0.0232889430499194
shops1,Shops within 1 km,primary,2,sa2,SA2,2,apartment,Apartment,2,none,No FE,1,full,425,0.0293442123587564,-0.000674349061299259,-0.0300185614200557
shops1,Shops within 1 km,primary,2,sa2,SA2,2,apartment,Apartment,2,none,No FE,1,full,426,0.0512948070356719,0.0282610940824046,-0.0230337129532673
shops1,Shops within 1 km,primary,2,sa2,SA2,2,apartment,Apartment,2,none,No FE,1,full,427,0.0434893525222197,0.00553344225474885,-0.0379559102674709
shops1,Shops within 1 km,primary,2,sa2,SA2,2,apartment,Apartment,2,none,No FE,1,full,428,0.0463204405736311,0.0368925117616057,-0.00942792881202537
shops1,Shops within 1 km,primary,2,sa2,SA2,2,apartment,Apartment,2,none,No FE,1,full,429,0.057851529598138,0.00909161753722547,-0.0487599120609125
shops1,Shops within 1 km,primary,2,sa2,SA2,2,apartment,Apartment,2,none,No FE,1,full,430,0.0537267470399493,0.0380900474328609,-0.0156366996070884
shops1,Shops within 1 km,primary,2,sa2,SA2,2,apartment,Apartment,2,none,No FE,1,full,431,0.049463255767055,0.0147743216805056,-0.0346889340865494
shops1,Shops within 1 km,primary,2,sa2,SA2,2,apartment,Apartment,2,none,No FE,1,full,432,0.044821160117252,0.0377312877552217,-0.00708987236203031
shops1,Shops within 1 km,primary,2,sa2,SA2,2,apartment,Apartment,2,none,No FE,1,full,433,0.0375880799114577,-0.000809440088886663,-0.0383975200003443
shops1,Shops within 1 km,primary,2,sa2,SA2,2,apartment,Apartment,2,none,No FE,1,full,434,0.0605709301643641,0.0282652982467067,-0.0323056319176573
shops1,Shops within 1 km,primary,2,sa2,SA2,2,apartment,Apartment,2,none,No FE,1,full,435,0.0548260153557664,0.0451471156229844,-0.00967889973278199
shops1,Shops within 1 km,primary,2,sa2,SA2,2,apartment,Apartment,2,none,No FE,1,full,436,0.0442845564477163,0.0221554387029204,-0.0221291177447959
shops1,Shops within 1 km,primary,2,sa2,SA2,2,apartment,Apartment,2,none,No FE,1,full,437,0.0762459269616304,0.0244609535139204,-0.0517849734477099
shops1,Shops within 1 km,primary,2,sa2,SA2,2,apartment,Apartment,2,none,No FE,1,full,438,0.0556252850952878,0.0205422577411294,-0.0350830273541584
shops1,Shops within 1 km,primary,2,sa2,SA2,2,apartment,Apartment,2,none,No FE,1,full,439,0.0483015778189225,0.0140323180727407,-0.0342692597461818
shops1,Shops within 1 km,primary,2,sa2,SA2,2,apartment,Apartment,2,none,No FE,1,full,440,0.0492032250092932,0.0023666447177959,-0.0468365802914973
shops1,Shops within 1 km,primary,2,sa2,SA2,2,apartment,Apartment,2,none,No FE,1,full,441,0.0458090841429842,0.0229343078615431,-0.0228747762814411
shops1,Shops within 1 km,primary,2,sa2,SA2,2,apartment,Apartment,2,none,No FE,1,full,442,0.0507807442013419,0.0438454217033834,-0.00693532249795858
shops1,Shops within 1 km,primary,2,sa2,SA2,2,apartment,Apartment,2,none,No FE,1,full,443,0.040353246535435,0.0337318554986234,-0.00662139103681157
shops1,Shops within 1 km,primary,2,sa2,SA2,2,apartment,Apartment,2,none,No FE,1,full,444,0.0407956783173343,-0.00475427794752109,-0.0455499562648553
shops1,Shops within 1 km,primary,2,sa2,SA2,2,apartment,Apartment,2,none,No FE,1,full,445,0.0638832203332219,0.0430262991563348,-0.0208569211768871
shops1,Shops within 1 km,primary,2,sa2,SA2,2,apartment,Apartment,2,none,No FE,1,full,446,0.033928336261695,0.0102230860902308,-0.0237052501714642
shops1,Shops within 1 km,primary,2,sa2,SA2,2,apartment,Apartment,2,none,No FE,1,full,447,0.0506981178167606,0.0137901074274352,-0.0369080103893254
shops1,Shops within 1 km,primary,2,sa2,SA2,2,apartment,Apartment,2,none,No FE,1,full,448,0.0414552193499242,0.0105480375001932,-0.030907181849731
shops1,Shops within 1 km,primary,2,sa2,SA2,2,apartment,Apartment,2,none,No FE,1,full,449,0.0252762545270365,0.00884393560183166,-0.0164323189252049
shops1,Shops within 1 km,primary,2,sa2,SA2,2,apartment,Apartment,2,none,No FE,1,full,450,0.045660525855952,0.0242352981973439,-0.0214252276586081
shops1,Shops within 1 km,primary,2,sa2,SA2,2,apartment,Apartment,2,none,No FE,1,full,451,0.0449841411851522,0.0364884609785912,-0.00849568020656096
shops1,Shops within 1 km,primary,2,sa2,SA2,2,apartment,Apartment,2,none,No FE,1,full,452,0.0507150712644833,0.0271670209150233,-0.02354805034946
shops1,Shops within 1 km,primary,2,sa2,SA2,2,apartment,Apartment,2,none,No FE,1,full,453,0.0371462296953432,0.0306182097208036,-0.00652801997453957
shops1,Shops within 1 km,primary,2,sa2,SA2,2,apartment,Apartment,2,none,No FE,1,full,454,0.0470807354890028,0.0215371304260408,-0.025543605062962
shops1,Shops within 1 km,primary,2,sa2,SA2,2,apartment,Apartment,2,none,No FE,1,full,455,0.0432935696309708,0.0181306793294912,-0.0251628903014796
shops1,Shops within 1 km,primary,2,sa2,SA2,2,apartment,Apartment,2,none,No FE,1,full,456,0.0518713934488669,0.0196335851509277,-0.0322378082979392
shops1,Shops within 1 km,primary,2,sa2,SA2,2,apartment,Apartment,2,none,No FE,1,full,457,0.0566375127021359,0.0260507649541424,-0.0305867477479935
shops1,Shops within 1 km,primary,2,sa2,SA2,2,apartment,Apartment,2,none,No FE,1,full,458,0.0484762378252168,0.0216431811881795,-0.0268330566370373
shops1,Shops within 1 km,primary,2,sa2,SA2,2,apartment,Apartment,2,none,No FE,1,full,459,0.0422942652391086,0.0326875953177452,-0.00960666992136341
shops1,Shops within 1 km,primary,2,sa2,SA2,2,apartment,Apartment,2,none,No FE,1,full,460,0.0469036358700311,0.00575360610482357,-0.0411500297652075
shops1,Shops within 1 km,primary,2,sa2,SA2,2,apartment,Apartment,2,none,No FE,1,full,461,0.0459208245987907,0.0135483849301466,-0.0323724396686441
shops1,Shops within 1 km,primary,2,sa2,SA2,2,apartment,Apartment,2,none,No FE,1,full,462,0.0332591505806508,0.0229792729821295,-0.0102798775985213
shops1,Shops within 1 km,primary,2,sa2,SA2,2,apartment,Apartment,2,none,No FE,1,full,463,0.0428483556158396,0.031590489172512,-0.0112578664433276
shops1,Shops within 1 km,primary,2,sa2,SA2,2,apartment,Apartment,2,none,No FE,1,full,464,0.0477588176358993,0.0176295763876063,-0.030129241248293
shops1,Shops within 1 km,primary,2,sa2,SA2,2,apartment,Apartment,2,none,No FE,1,full,465,0.0315468357966979,0.0156597827347345,-0.0158870530619633
shops1,Shops within 1 km,primary,2,sa2,SA2,2,apartment,Apartment,2,none,No FE,1,full,466,0.0557537436747496,0.0284078937882448,-0.0273458498865048
shops1,Shops within 1 km,primary,2,sa2,SA2,2,apartment,Apartment,2,none,No FE,1,full,467,0.0575505841922962,0.0251809402272263,-0.0323696439650698
shops1,Shops within 1 km,primary,2,sa2,SA2,2,apartment,Apartment,2,none,No FE,1,full,468,0.057920630511872,0.0198529045719668,-0.0380677259399052
shops1,Shops within 1 km,primary,2,sa2,SA2,2,apartment,Apartment,2,none,No FE,1,full,469,0.0436516330550961,0.01415432169858,-0.0294973113565161
shops1,Shops within 1 km,primary,2,sa2,SA2,2,apartment,Apartment,2,none,No FE,1,full,470,0.0475443758752793,0.010339926410834,-0.0372044494644452
shops1,Shops within 1 km,primary,2,sa2,SA2,2,apartment,Apartment,2,none,No FE,1,full,471,0.0501542704025396,0.0209034784340477,-0.0292507919684919
shops1,Shops within 1 km,primary,2,sa2,SA2,2,apartment,Apartment,2,none,No FE,1,full,472,0.0602332468317501,0.0278864520235201,-0.03234679480823
shops1,Shops within 1 km,primary,2,sa2,SA2,2,apartment,Apartment,2,none,No FE,1,full,473,0.0622966802896839,0.0238027898142906,-0.0384938904753932
shops1,Shops within 1 km,primary,2,sa2,SA2,2,apartment,Apartment,2,none,No FE,1,full,474,0.045369912304813,0.0339670206121888,-0.0114028916926242
shops1,Shops within 1 km,primary,2,sa2,SA2,2,apartment,Apartment,2,none,No FE,1,full,475,0.025904154422863,0.0251949047689671,-0.000709249653895856
shops1,Shops within 1 km,primary,2,sa2,SA2,2,apartment,Apartment,2,none,No FE,1,full,476,0.0495866793778413,0.0274841767080443,-0.022102502669797
shops1,Shops within 1 km,primary,2,sa2,SA2,2,apartment,Apartment,2,none,No FE,1,full,477,0.0415224183111036,0.0270895810848663,-0.0144328372262373
shops1,Shops within 1 km,primary,2,sa2,SA2,2,apartment,Apartment,2,none,No FE,1,full,478,0.062732040619076,0.0405676428640236,-0.0221643977550524
shops1,Shops within 1 km,primary,2,sa2,SA2,2,apartment,Apartment,2,none,No FE,1,full,479,0.0522090370838418,0.0210303087427611,-0.0311787283410807
shops1,Shops within 1 km,primary,2,sa2,SA2,2,apartment,Apartment,2,none,No FE,1,full,480,0.0428292724479209,0.015780932082256,-0.0270483403656648
shops1,Shops within 1 km,primary,2,sa2,SA2,2,apartment,Apartment,2,none,No FE,1,full,481,0.0517685614056415,0.0223893824059271,-0.0293791789997144
shops1,Shops within 1 km,primary,2,sa2,SA2,2,apartment,Apartment,2,none,No FE,1,full,482,0.0552533611654872,0.0254427595595613,-0.0298106016059259
shops1,Shops within 1 km,primary,2,sa2,SA2,2,apartment,Apartment,2,none,No FE,1,full,483,0.0561986845135957,0.0211740164017055,-0.0350246681118902
shops1,Shops within 1 km,primary,2,sa2,SA2,2,apartment,Apartment,2,none,No FE,1,full,484,0.042789938014933,0.0100867289493934,-0.0327032090655396
shops1,Shops within 1 km,primary,2,sa2,SA2,2,apartment,Apartment,2,none,No FE,1,full,485,0.0517293783985063,0.0315360710053473,-0.020193307393159
shops1,Shops within 1 km,primary,2,sa2,SA2,2,apartment,Apartment,2,none,No FE,1,full,486,0.0458357154759451,0.0102175259676967,-0.0356181895082483
shops1,Shops within 1 km,primary,2,sa2,SA2,2,apartment,Apartment,2,none,No FE,1,full,487,0.038936427079224,0.0155899962165932,-0.0233464308626308
shops1,Shops within 1 km,primary,2,sa2,SA2,2,apartment,Apartment,2,none,No FE,1,full,488,0.0398681166721159,0.012532946226222,-0.0273351704458939
shops1,Shops within 1 km,primary,2,sa2,SA2,2,apartment,Apartment,2,none,No FE,1,full,489,0.0476382300069051,0.0210909202236176,-0.0265473097832874
shops1,Shops within 1 km,primary,2,sa2,SA2,2,apartment,Apartment,2,none,No FE,1,full,490,0.0613139931953675,0.0254708582098532,-0.0358431349855142
shops1,Shops within 1 km,primary,2,sa2,SA2,2,apartment,Apartment,2,none,No FE,1,full,491,0.0449564320476651,0.0290193657376975,-0.0159370663099676
shops1,Shops within 1 km,primary,2,sa2,SA2,2,apartment,Apartment,2,none,No FE,1,full,492,0.0576738895099204,0.0214787199260299,-0.0361951695838905
shops1,Shops within 1 km,primary,2,sa2,SA2,2,apartment,Apartment,2,none,No FE,1,full,493,0.0562952677980523,0.0330511054941482,-0.0232441623039042
shops1,Shops within 1 km,primary,2,sa2,SA2,2,apartment,Apartment,2,none,No FE,1,full,494,0.0598774490179963,0.0345928914847481,-0.0252845575332483
shops1,Shops within 1 km,primary,2,sa2,SA2,2,apartment,Apartment,2,none,No FE,1,full,495,0.0506018351723947,0.0167496614351737,-0.033852173737221
shops1,Shops within 1 km,primary,2,sa2,SA2,2,apartment,Apartment,2,none,No FE,1,full,496,0.0558818386287913,0.0323806169911611,-0.0235012216376301
shops1,Shops within 1 km,primary,2,sa2,SA2,2,apartment,Apartment,2,none,No FE,1,full,497,0.0392226159280845,0.017410252497583,-0.0218123634305015
shops1,Shops within 1 km,primary,2,sa2,SA2,2,apartment,Apartment,2,none,No FE,1,full,498,0.0511127994540912,0.0381804774673298,-0.0129323219867613
shops1,Shops within 1 km,primary,2,sa2,SA2,2,apartment,Apartment,2,none,No FE,1,full,499,0.0429051249645018,0.00785417374399631,-0.0350509512205055
shops1,Shops within 1 km,primary,2,sa2,SA2,2,apartment,Apartment,2,none,No FE,1,full,500,0.0470013263068679,0.0206623724655351,-0.0263389538413328
shops1,Shops within 1 km,primary,2,sa2,SA2,2,apartment,Apartment,2,none,No FE,1,full,501,0.062797673044173,0.0336337540692331,-0.0291639189749399
shops1,Shops within 1 km,primary,2,sa2,SA2,2,apartment,Apartment,2,none,No FE,1,full,502,0.0583338608793183,0.0266851370387923,-0.031648723840526
shops1,Shops within 1 km,primary,2,sa2,SA2,2,apartment,Apartment,2,none,No FE,1,full,503,0.0461237465869157,0.00546693824104393,-0.0406568083458718
shops1,Shops within 1 km,primary,2,sa2,SA2,2,apartment,Apartment,2,none,No FE,1,full,504,0.0540916256789621,0.0133243143755371,-0.040767311303425
shops1,Shops within 1 km,primary,2,sa2,SA2,2,apartment,Apartment,2,none,No FE,1,full,505,0.0469508725559184,0.023058488679777,-0.0238923838761414
shops1,Shops within 1 km,primary,2,sa2,SA2,2,apartment,Apartment,2,none,No FE,1,full,506,0.0619664022936011,0.0319395039226631,-0.030026898370938
shops1,Shops within 1 km,primary,2,sa2,SA2,2,apartment,Apartment,2,none,No FE,1,full,507,0.0536849614976425,0.0271260629148165,-0.026558898582826
shops1,Shops within 1 km,primary,2,sa2,SA2,2,apartment,Apartment,2,none,No FE,1,full,508,0.0397011650293309,0.0342725695803016,-0.0054285954490293
shops1,Shops within 1 km,primary,2,sa2,SA2,2,apartment,Apartment,2,none,No FE,1,full,509,0.0478122934393134,0.0332085075807428,-0.0146037858585706
shops1,Shops within 1 km,primary,2,sa2,SA2,2,apartment,Apartment,2,none,No FE,1,full,510,0.023743725298032,0.0119563708220061,-0.0117873544760259
shops1,Shops within 1 km,primary,2,sa2,SA2,2,apartment,Apartment,2,none,No FE,1,full,511,0.0614357721709049,0.0389039125526996,-0.0225318596182053
shops1,Shops within 1 km,primary,2,sa2,SA2,2,apartment,Apartment,2,none,No FE,1,full,512,0.0493323500647408,0.0195841878654201,-0.0297481621993207
shops1,Shops within 1 km,primary,2,sa2,SA2,2,apartment,Apartment,2,none,No FE,1,full,513,0.0387543666604846,0.0313451887828099,-0.00740917787767465
shops1,Shops within 1 km,primary,2,sa2,SA2,2,apartment,Apartment,2,none,No FE,1,full,514,0.0386310465151316,0.0309060064722832,-0.00772504004284842
shops1,Shops within 1 km,primary,2,sa2,SA2,2,apartment,Apartment,2,none,No FE,1,full,515,0.0385906090694936,0.0115008441080333,-0.0270897649614603
shops1,Shops within 1 km,primary,2,sa2,SA2,2,apartment,Apartment,2,none,No FE,1,full,516,0.0400045482212483,0.0101874959044049,-0.0298170523168434
shops1,Shops within 1 km,primary,2,sa2,SA2,2,apartment,Apartment,2,none,No FE,1,full,517,0.0357725939297307,0.0165201260407125,-0.0192524678890182
shops1,Shops within 1 km,primary,2,sa2,SA2,2,apartment,Apartment,2,none,No FE,1,full,518,0.0423883746413377,0.0211258790382608,-0.0212624956030769
shops1,Shops within 1 km,primary,2,sa2,SA2,2,apartment,Apartment,2,none,No FE,1,full,519,0.040577051201745,0.0172346062281928,-0.0233424449735523
shops1,Shops within 1 km,primary,2,sa2,SA2,2,apartment,Apartment,2,none,No FE,1,full,520,0.0466104061055051,0.00557725373549496,-0.0410331523700101
shops1,Shops within 1 km,primary,2,sa2,SA2,2,apartment,Apartment,2,none,No FE,1,full,521,0.05362384727338,0.0228991331169117,-0.0307247141564683
shops1,Shops within 1 km,primary,2,sa2,SA2,2,apartment,Apartment,2,none,No FE,1,full,522,0.0381193878715166,0.0205130210004516,-0.0176063668710651
shops1,Shops within 1 km,primary,2,sa2,SA2,2,apartment,Apartment,2,none,No FE,1,full,523,0.0598532789576646,0.0107393459820068,-0.0491139329756578
shops1,Shops within 1 km,primary,2,sa2,SA2,2,apartment,Apartment,2,none,No FE,1,full,524,0.059194335723923,0.0322276140136001,-0.0269667217103228
shops1,Shops within 1 km,primary,2,sa2,SA2,2,apartment,Apartment,2,none,No FE,1,full,525,0.0547549004093993,0.0195387507526309,-0.0352161496567684
shops1,Shops within 1 km,primary,2,sa2,SA2,2,apartment,Apartment,2,none,No FE,1,full,526,0.0468581502557968,0.0347123527539073,-0.0121457975018895
shops1,Shops within 1 km,primary,2,sa2,SA2,2,apartment,Apartment,2,none,No FE,1,full,527,0.031697438545921,0.0228129447996568,-0.00888449374626416
shops1,Shops within 1 km,primary,2,sa2,SA2,2,apartment,Apartment,2,none,No FE,1,full,528,0.0538440411128484,0.0277960041192127,-0.0260480369936356
shops1,Shops within 1 km,primary,2,sa2,SA2,2,apartment,Apartment,2,none,No FE,1,full,529,0.0462262013622543,0.0213427759582113,-0.024883425404043
shops1,Shops within 1 km,primary,2,sa2,SA2,2,apartment,Apartment,2,none,No FE,1,full,530,0.050362404355064,0.0290547723162077,-0.0213076320388562
shops1,Shops within 1 km,primary,2,sa2,SA2,2,apartment,Apartment,2,none,No FE,1,full,531,0.0468842410776563,0.011455146880212,-0.0354290941974443
shops1,Shops within 1 km,primary,2,sa2,SA2,2,apartment,Apartment,2,none,No FE,1,full,532,0.0388150636514473,0.00047420743000292,-0.0383408562214444
shops1,Shops within 1 km,primary,2,sa2,SA2,2,apartment,Apartment,2,none,No FE,1,full,533,0.0379919683561203,0.00273831127722104,-0.0352536570788992
shops1,Shops within 1 km,primary,2,sa2,SA2,2,apartment,Apartment,2,none,No FE,1,full,534,0.0450691687167379,0.00770484284828561,-0.0373643258684523
shops1,Shops within 1 km,primary,2,sa2,SA2,2,apartment,Apartment,2,none,No FE,1,full,535,0.0502070911576675,0.0151935641293091,-0.0350135270283585
shops1,Shops within 1 km,primary,2,sa2,SA2,2,apartment,Apartment,2,none,No FE,1,full,536,0.0516411523851046,0.0192895861943802,-0.0323515661907244
shops1,Shops within 1 km,primary,2,sa2,SA2,2,apartment,Apartment,2,none,No FE,1,full,537,0.0496813400707504,0.0166313296119589,-0.0330500104587915
shops1,Shops within 1 km,primary,2,sa2,SA2,2,apartment,Apartment,2,none,No FE,1,full,538,0.0541687503280127,0.0275431362027376,-0.0266256141252751
shops1,Shops within 1 km,primary,2,sa2,SA2,2,apartment,Apartment,2,none,No FE,1,full,539,0.0368022432160907,0.013684208086187,-0.0231180351299037
shops1,Shops within 1 km,primary,2,sa2,SA2,2,apartment,Apartment,2,none,No FE,1,full,540,0.0648430763232097,0.037156492639604,-0.0276865836836056
shops1,Shops within 1 km,primary,2,sa2,SA2,2,apartment,Apartment,2,none,No FE,1,full,541,0.0462514798887611,0.0209007423701847,-0.0253507375185765
shops1,Shops within 1 km,primary,2,sa2,SA2,2,apartment,Apartment,2,none,No FE,1,full,542,0.0545332354784912,0.0102348686367913,-0.0442983668416999
shops1,Shops within 1 km,primary,2,sa2,SA2,2,apartment,Apartment,2,none,No FE,1,full,543,0.0460712760402277,0.0415116643572543,-0.00455961168297342
shops1,Shops within 1 km,primary,2,sa2,SA2,2,apartment,Apartment,2,none,No FE,1,full,544,0.0473059663468897,0.0264918826457113,-0.0208140837011783
shops1,Shops within 1 km,primary,2,sa2,SA2,2,apartment,Apartment,2,none,No FE,1,full,545,0.0535124221667114,0.0302823714737509,-0.0232300506929604
shops1,Shops within 1 km,primary,2,sa2,SA2,2,apartment,Apartment,2,none,No FE,1,full,546,0.047819474489922,0.00852220898562707,-0.0392972655042949
shops1,Shops within 1 km,primary,2,sa2,SA2,2,apartment,Apartment,2,none,No FE,1,full,547,0.0475701659796368,-0.00278867876628474,-0.0503588447459215
shops1,Shops within 1 km,primary,2,sa2,SA2,2,apartment,Apartment,2,none,No FE,1,full,548,0.0439792408887164,0.0158155153348964,-0.0281637255538199
shops1,Shops within 1 km,primary,2,sa2,SA2,2,apartment,Apartment,2,none,No FE,1,full,549,0.0579498937224721,0.0228295450652958,-0.0351203486571763
shops1,Shops within 1 km,primary,2,sa2,SA2,2,apartment,Apartment,2,none,No FE,1,full,550,0.0376959779048425,0.0225189837501588,-0.0151769941546837
shops1,Shops within 1 km,primary,2,sa2,SA2,2,apartment,Apartment,2,none,No FE,1,full,551,0.0543629876514358,0.0179410136993676,-0.0364219739520682
shops1,Shops within 1 km,primary,2,sa2,SA2,2,apartment,Apartment,2,none,No FE,1,full,552,0.052147761537807,0.0278218800149443,-0.0243258815228626
shops1,Shops within 1 km,primary,2,sa2,SA2,2,apartment,Apartment,2,none,No FE,1,full,553,0.0559134312136426,0.021250130804583,-0.0346633004090596
shops1,Shops within 1 km,primary,2,sa2,SA2,2,apartment,Apartment,2,none,No FE,1,full,554,0.0574905188617801,0.025225257994508,-0.0322652608672722
shops1,Shops within 1 km,primary,2,sa2,SA2,2,apartment,Apartment,2,none,No FE,1,full,555,0.0342821223049002,0.0214888902844413,-0.012793232020459
shops1,Shops within 1 km,primary,2,sa2,SA2,2,apartment,Apartment,2,none,No FE,1,full,556,0.035042442524916,0.000347139249826774,-0.0346953032750892
shops1,Shops within 1 km,primary,2,sa2,SA2,2,apartment,Apartment,2,none,No FE,1,full,557,0.037313864064394,0.0213807915347705,-0.0159330725296235
shops1,Shops within 1 km,primary,2,sa2,SA2,2,apartment,Apartment,2,none,No FE,1,full,558,0.0459438262209488,0.0306275401233631,-0.0153162860975858
shops1,Shops within 1 km,primary,2,sa2,SA2,2,apartment,Apartment,2,none,No FE,1,full,559,0.0494804329276753,0.0484929622006354,-0.000987470727039856
shops1,Shops within 1 km,primary,2,sa2,SA2,2,apartment,Apartment,2,none,No FE,1,full,560,0.0329929121860241,0.00242944934921089,-0.0305634628368132
shops1,Shops within 1 km,primary,2,sa2,SA2,2,apartment,Apartment,2,none,No FE,1,full,561,0.0484743586322473,0.0388533416356165,-0.00962101699663082
shops1,Shops within 1 km,primary,2,sa2,SA2,2,apartment,Apartment,2,none,No FE,1,full,562,0.0678072038497864,0.0320396057694893,-0.0357675980802971
shops1,Shops within 1 km,primary,2,sa2,SA2,2,apartment,Apartment,2,none,No FE,1,full,563,0.0561895640878823,0.00898588132421725,-0.0472036827636651
shops1,Shops within 1 km,primary,2,sa2,SA2,2,apartment,Apartment,2,none,No FE,1,full,564,0.0484597512957434,0.0269396644408859,-0.0215200868548575
shops1,Shops within 1 km,primary,2,sa2,SA2,2,apartment,Apartment,2,none,No FE,1,full,565,0.0478646833546252,0.0403183561967559,-0.00754632715786935
shops1,Shops within 1 km,primary,2,sa2,SA2,2,apartment,Apartment,2,none,No FE,1,full,566,0.0438203123714398,0.0248456679820197,-0.0189746443894201
shops1,Shops within 1 km,primary,2,sa2,SA2,2,apartment,Apartment,2,none,No FE,1,full,567,0.0375720306802844,0.00902063201448996,-0.0285513986657945
shops1,Shops within 1 km,primary,2,sa2,SA2,2,apartment,Apartment,2,none,No FE,1,full,568,0.0514932634215844,0.0197515468683105,-0.0317417165532739
shops1,Shops within 1 km,primary,2,sa2,SA2,2,apartment,Apartment,2,none,No FE,1,full,569,0.0469930195746487,0.0156939025812594,-0.0312991169933893
shops1,Shops within 1 km,primary,2,sa2,SA2,2,apartment,Apartment,2,none,No FE,1,full,570,0.0564260168018696,0.0140775015606518,-0.0423485152412179
shops1,Shops within 1 km,primary,2,sa2,SA2,2,apartment,Apartment,2,none,No FE,1,full,571,0.0490777144844132,0.0104299710737339,-0.0386477434106794
shops1,Shops within 1 km,primary,2,sa2,SA2,2,apartment,Apartment,2,none,No FE,1,full,572,0.0623357392272103,0.0478795516202182,-0.0144561876069921
shops1,Shops within 1 km,primary,2,sa2,SA2,2,apartment,Apartment,2,none,No FE,1,full,573,0.0515000274078238,0.0220886981305694,-0.0294113292772544
shops1,Shops within 1 km,primary,2,sa2,SA2,2,apartment,Apartment,2,none,No FE,1,full,574,0.0498780557721573,0.0441867686055003,-0.00569128716665699
shops1,Shops within 1 km,primary,2,sa2,SA2,2,apartment,Apartment,2,none,No FE,1,full,575,0.0450863025117417,0.0299120391886177,-0.015174263323124
shops1,Shops within 1 km,primary,2,sa2,SA2,2,apartment,Apartment,2,none,No FE,1,full,576,0.0404836478541749,0.0141607531125325,-0.0263228947416424
shops1,Shops within 1 km,primary,2,sa2,SA2,2,apartment,Apartment,2,none,No FE,1,full,577,0.0478234083580146,0.0325602704579105,-0.0152631379001041
shops1,Shops within 1 km,primary,2,sa2,SA2,2,apartment,Apartment,2,none,No FE,1,full,578,0.0421286458766452,0.0155097947575059,-0.0266188511191393
shops1,Shops within 1 km,primary,2,sa2,SA2,2,apartment,Apartment,2,none,No FE,1,full,579,0.0362840564708031,0.011923991348766,-0.0243600651220371
shops1,Shops within 1 km,primary,2,sa2,SA2,2,apartment,Apartment,2,none,No FE,1,full,580,0.0580797837428992,0.0207850044553732,-0.037294779287526
shops1,Shops within 1 km,primary,2,sa2,SA2,2,apartment,Apartment,2,none,No FE,1,full,581,0.0370790549916074,0.0108093990023645,-0.0262696559892429
shops1,Shops within 1 km,primary,2,sa2,SA2,2,apartment,Apartment,2,none,No FE,1,full,582,0.0391620977818004,0.0206078201664965,-0.0185542776153039
shops1,Shops within 1 km,primary,2,sa2,SA2,2,apartment,Apartment,2,none,No FE,1,full,583,0.0344452573897374,0.0103130806777865,-0.0241321767119509
shops1,Shops within 1 km,primary,2,sa2,SA2,2,apartment,Apartment,2,none,No FE,1,full,584,0.0544768131215378,0.0231354828661168,-0.031341330255421
shops1,Shops within 1 km,primary,2,sa2,SA2,2,apartment,Apartment,2,none,No FE,1,full,585,0.0489268639606212,0.0285889747365434,-0.0203378892240778
shops1,Shops within 1 km,primary,2,sa2,SA2,2,apartment,Apartment,2,none,No FE,1,full,586,0.0493608580457146,0.019193941299806,-0.0301669167459086
shops1,Shops within 1 km,primary,2,sa2,SA2,2,apartment,Apartment,2,none,No FE,1,full,587,0.0443421925028719,0.0367278099525422,-0.00761438255032969
shops1,Shops within 1 km,primary,2,sa2,SA2,2,apartment,Apartment,2,none,No FE,1,full,588,0.0599207315916304,0.0212092249185954,-0.038711506673035
shops1,Shops within 1 km,primary,2,sa2,SA2,2,apartment,Apartment,2,none,No FE,1,full,589,0.0340320328681829,0.00227590954884341,-0.0317561233193395
shops1,Shops within 1 km,primary,2,sa2,SA2,2,apartment,Apartment,2,none,No FE,1,full,590,0.0583210767261839,0.0314480828709441,-0.0268729938552397
shops1,Shops within 1 km,primary,2,sa2,SA2,2,apartment,Apartment,2,none,No FE,1,full,591,0.0358354836759953,0.0151928203826508,-0.0206426632933445
shops1,Shops within 1 km,primary,2,sa2,SA2,2,apartment,Apartment,2,none,No FE,1,full,592,0.0345579746756224,0.0243122119220977,-0.0102457627535246
shops1,Shops within 1 km,primary,2,sa2,SA2,2,apartment,Apartment,2,none,No FE,1,full,593,0.0465489096623703,0.0290782065649969,-0.0174707030973734
shops1,Shops within 1 km,primary,2,sa2,SA2,2,apartment,Apartment,2,none,No FE,1,full,594,0.039154417401807,0.0208262039397794,-0.0183282134620276
shops1,Shops within 1 km,primary,2,sa2,SA2,2,apartment,Apartment,2,none,No FE,1,full,595,0.0579210163864125,0.0129631143708747,-0.0449579020155378
shops1,Shops within 1 km,primary,2,sa2,SA2,2,apartment,Apartment,2,none,No FE,1,full,596,0.0426180478025152,0.0173883446669306,-0.0252297031355845
shops1,Shops within 1 km,primary,2,sa2,SA2,2,apartment,Apartment,2,none,No FE,1,full,597,0.0530412001467322,0.0318376082027844,-0.0212035919439478
shops1,Shops within 1 km,primary,2,sa2,SA2,2,apartment,Apartment,2,none,No FE,1,full,598,0.0675544172564126,0.0256648623804822,-0.0418895548759305
shops1,Shops within 1 km,primary,2,sa2,SA2,2,apartment,Apartment,2,none,No FE,1,full,599,0.0366062237407395,0.00791202863914916,-0.0286941951015903
shops1,Shops within 1 km,primary,2,sa2,SA2,2,apartment,Apartment,2,none,No FE,1,full,600,0.0513886280594484,0.0199407243002634,-0.031447903759185
shops1,Shops within 1 km,primary,2,sa2,SA2,2,apartment,Apartment,2,none,No FE,1,full,601,0.0304333604868131,0.0101910903398962,-0.0202422701469169
shops1,Shops within 1 km,primary,2,sa2,SA2,2,apartment,Apartment,2,none,No FE,1,full,602,0.0573764062854167,0.0183083372026944,-0.0390680690827222
shops1,Shops within 1 km,primary,2,sa2,SA2,2,apartment,Apartment,2,none,No FE,1,full,603,0.0409431820304876,0.0171889854338718,-0.0237541965966157
shops1,Shops within 1 km,primary,2,sa2,SA2,2,apartment,Apartment,2,none,No FE,1,full,604,0.049358154272041,0.0152608452160671,-0.0340973090559739
shops1,Shops within 1 km,primary,2,sa2,SA2,2,apartment,Apartment,2,none,No FE,1,full,605,0.0594461009919669,0.0215048945384375,-0.0379412064535294
shops1,Shops within 1 km,primary,2,sa2,SA2,2,apartment,Apartment,2,none,No FE,1,full,606,0.0469351284900146,0.0207248993135014,-0.0262102291765132
shops1,Shops within 1 km,primary,2,sa2,SA2,2,apartment,Apartment,2,none,No FE,1,full,607,0.0423267740816107,0.0110681666741764,-0.0312586074074343
shops1,Shops within 1 km,primary,2,sa2,SA2,2,apartment,Apartment,2,none,No FE,1,full,608,0.050682290212202,0.0282492127033731,-0.0224330775088289
shops1,Shops within 1 km,primary,2,sa2,SA2,2,apartment,Apartment,2,none,No FE,1,full,609,0.0495463231958192,0.0237216820725525,-0.0258246411232668
shops1,Shops within 1 km,primary,2,sa2,SA2,2,apartment,Apartment,2,none,No FE,1,full,610,0.0542627705148015,0.0341165889194773,-0.0201461815953242
shops1,Shops within 1 km,primary,2,sa2,SA2,2,apartment,Apartment,2,none,No FE,1,full,611,0.0523334236721022,0.0146527977156743,-0.0376806259564279
shops1,Shops within 1 km,primary,2,sa2,SA2,2,apartment,Apartment,2,none,No FE,1,full,612,0.0495956537060377,0.0302969295088227,-0.019298724197215
shops1,Shops within 1 km,primary,2,sa2,SA2,2,apartment,Apartment,2,none,No FE,1,full,613,0.0476626093023701,0.0362642270693757,-0.0113983822329944
shops1,Shops within 1 km,primary,2,sa2,SA2,2,apartment,Apartment,2,none,No FE,1,full,614,0.0385296331486418,0.00530131021672285,-0.033228322931919
shops1,Shops within 1 km,primary,2,sa2,SA2,2,apartment,Apartment,2,none,No FE,1,full,615,0.0449441242667417,0.0188912004013594,-0.0260529238653823
shops1,Shops within 1 km,primary,2,sa2,SA2,2,apartment,Apartment,2,none,No FE,1,full,616,0.0410930306840285,0.00799599410761807,-0.0330970365764104
shops1,Shops within 1 km,primary,2,sa2,SA2,2,apartment,Apartment,2,none,No FE,1,full,617,0.0398072560856728,0.0309269590551147,-0.00888029703055802
shops1,Shops within 1 km,primary,2,sa2,SA2,2,apartment,Apartment,2,none,No FE,1,full,618,0.0437127208235049,0.0160480165415735,-0.0276647042819314
shops1,Shops within 1 km,primary,2,sa2,SA2,2,apartment,Apartment,2,none,No FE,1,full,619,0.044791133096772,0.0349669303778021,-0.00982420271896989
shops1,Shops within 1 km,primary,2,sa2,SA2,2,apartment,Apartment,2,none,No FE,1,full,620,0.038084652772559,0.0245051965612275,-0.0135794562113315
shops1,Shops within 1 km,primary,2,sa2,SA2,2,apartment,Apartment,2,none,No FE,1,full,621,0.0593954568861997,0.0292237781628412,-0.0301716787233585
shops1,Shops within 1 km,primary,2,sa2,SA2,2,apartment,Apartment,2,none,No FE,1,full,622,0.041768439861303,0.0269080153545452,-0.0148604245067578
shops1,Shops within 1 km,primary,2,sa2,SA2,2,apartment,Apartment,2,none,No FE,1,full,623,0.0486193886823651,0.0222592718540218,-0.0263601168283433
shops1,Shops within 1 km,primary,2,sa2,SA2,2,apartment,Apartment,2,none,No FE,1,full,624,0.0344448538076332,0.0178118935633248,-0.0166329602443085
shops1,Shops within 1 km,primary,2,sa2,SA2,2,apartment,Apartment,2,none,No FE,1,full,625,0.0495087430738712,0.0174504955661006,-0.0320582475077706
shops1,Shops within 1 km,primary,2,sa2,SA2,2,apartment,Apartment,2,none,No FE,1,full,626,0.0398153294395082,0.0341500881170554,-0.00566524132245275
shops1,Shops within 1 km,primary,2,sa2,SA2,2,apartment,Apartment,2,none,No FE,1,full,627,0.0625285180401158,0.0257284749721999,-0.0368000430679159
shops1,Shops within 1 km,primary,2,sa2,SA2,2,apartment,Apartment,2,none,No FE,1,full,628,0.0616176406028542,0.0238035926027218,-0.0378140480001325
shops1,Shops within 1 km,primary,2,sa2,SA2,2,apartment,Apartment,2,none,No FE,1,full,629,0.0528858179336516,0.0268066861970484,-0.0260791317366032
shops1,Shops within 1 km,primary,2,sa2,SA2,2,apartment,Apartment,2,none,No FE,1,full,630,0.0449241261844881,0.0113572728372893,-0.0335668533471989
shops1,Shops within 1 km,primary,2,sa2,SA2,2,apartment,Apartment,2,none,No FE,1,full,631,0.057115026757025,0.0173163714061021,-0.0397986553509229
shops1,Shops within 1 km,primary,2,sa2,SA2,2,apartment,Apartment,2,none,No FE,1,full,632,0.0523117999094405,0.0100432747132373,-0.0422685251962031
shops1,Shops within 1 km,primary,2,sa2,SA2,2,apartment,Apartment,2,none,No FE,1,full,633,0.0359933956361102,0.0142410686773948,-0.0217523269587153
shops1,Shops within 1 km,primary,2,sa2,SA2,2,apartment,Apartment,2,none,No FE,1,full,634,0.0428867608623321,0.0192645875799265,-0.0236221732824056
shops1,Shops within 1 km,primary,2,sa2,SA2,2,apartment,Apartment,2,none,No FE,1,full,635,0.0425804147840097,0.0247848619234953,-0.0177955528605143
shops1,Shops within 1 km,primary,2,sa2,SA2,2,apartment,Apartment,2,none,No FE,1,full,636,0.0548532957222296,0.0385865302335482,-0.0162667654886815
shops1,Shops within 1 km,primary,2,sa2,SA2,2,apartment,Apartment,2,none,No FE,1,full,637,0.0350459694229741,0.0316253223858242,-0.00342064703714998
shops1,Shops within 1 km,primary,2,sa2,SA2,2,apartment,Apartment,2,none,No FE,1,full,638,0.0475048633900892,0.0259604061249747,-0.0215444572651145
shops1,Shops within 1 km,primary,2,sa2,SA2,2,apartment,Apartment,2,none,No FE,1,full,639,0.0525350939422418,0.0309010356167398,-0.021634058325502
shops1,Shops within 1 km,primary,2,sa2,SA2,2,apartment,Apartment,2,none,No FE,1,full,640,0.0554674568662676,0.0248531371903342,-0.0306143196759334
shops1,Shops within 1 km,primary,2,sa2,SA2,2,apartment,Apartment,2,none,No FE,1,full,641,0.0487757444862804,0.0273412763041862,-0.0214344681820942
shops1,Shops within 1 km,primary,2,sa2,SA2,2,apartment,Apartment,2,none,No FE,1,full,642,0.0544354039706503,0.0358116714878512,-0.0186237324827991
shops1,Shops within 1 km,primary,2,sa2,SA2,2,apartment,Apartment,2,none,No FE,1,full,643,0.0415010946090018,0.0238861809007784,-0.0176149137082234
shops1,Shops within 1 km,primary,2,sa2,SA2,2,apartment,Apartment,2,none,No FE,1,full,644,0.0488155132588269,0.0113982192080968,-0.0374172940507301
shops1,Shops within 1 km,primary,2,sa2,SA2,2,apartment,Apartment,2,none,No FE,1,full,645,0.0400674101641074,0.0273234756504675,-0.0127439345136399
shops1,Shops within 1 km,primary,2,sa2,SA2,2,apartment,Apartment,2,none,No FE,1,full,646,0.0327962631832955,0.0234518929131071,-0.00934437027018847
shops1,Shops within 1 km,primary,2,sa2,SA2,2,apartment,Apartment,2,none,No FE,1,full,647,0.0408099316282682,0.0140305510887366,-0.0267793805395316
shops1,Shops within 1 km,primary,2,sa2,SA2,2,apartment,Apartment,2,none,No FE,1,full,648,0.0525063172744622,0.0211899048063932,-0.031316412468069
shops1,Shops within 1 km,primary,2,sa2,SA2,2,apartment,Apartment,2,none,No FE,1,full,649,0.0408869520796552,0.0302767677140985,-0.0106101843655567
shops1,Shops within 1 km,primary,2,sa2,SA2,2,apartment,Apartment,2,none,No FE,1,full,650,0.0632007663919023,0.029983574945462,-0.0332171914464403
shops1,Shops within 1 km,primary,2,sa2,SA2,2,apartment,Apartment,2,none,No FE,1,full,651,0.0560954273696379,0.0252435693124911,-0.0308518580571469
shops1,Shops within 1 km,primary,2,sa2,SA2,2,apartment,Apartment,2,none,No FE,1,full,652,0.0400149257750308,0.0112283878376298,-0.028786537937401
shops1,Shops within 1 km,primary,2,sa2,SA2,2,apartment,Apartment,2,none,No FE,1,full,653,0.0442907035684443,0.0286340839609617,-0.0156566196074825
shops1,Shops within 1 km,primary,2,sa2,SA2,2,apartment,Apartment,2,none,No FE,1,full,654,0.0629483306636015,0.0367218690868104,-0.0262264615767911
shops1,Shops within 1 km,primary,2,sa2,SA2,2,apartment,Apartment,2,none,No FE,1,full,655,0.0488463663963373,0.0248833156916383,-0.023963050704699
shops1,Shops within 1 km,primary,2,sa2,SA2,2,apartment,Apartment,2,none,No FE,1,full,656,0.0454199145640838,0.00492695514183063,-0.0404929594222532
shops1,Shops within 1 km,primary,2,sa2,SA2,2,apartment,Apartment,2,none,No FE,1,full,657,0.0390466232113806,0.0254859199452361,-0.0135607032661445
shops1,Shops within 1 km,primary,2,sa2,SA2,2,apartment,Apartment,2,none,No FE,1,full,658,0.043745174398156,0.0181472741117678,-0.0255979002863882
shops1,Shops within 1 km,primary,2,sa2,SA2,2,apartment,Apartment,2,none,No FE,1,full,659,0.0409986838217486,0.0211247388055889,-0.0198739450161597
shops1,Shops within 1 km,primary,2,sa2,SA2,2,apartment,Apartment,2,none,No FE,1,full,660,0.0627709747466815,0.0060171427737527,-0.0567538319729288
shops1,Shops within 1 km,primary,2,sa2,SA2,2,apartment,Apartment,2,none,No FE,1,full,661,0.0542951931126496,0.0187304963406474,-0.0355646967720022
shops1,Shops within 1 km,primary,2,sa2,SA2,2,apartment,Apartment,2,none,No FE,1,full,662,0.0340458373240885,0.00367408118723216,-0.0303717561368563
shops1,Shops within 1 km,primary,2,sa2,SA2,2,apartment,Apartment,2,none,No FE,1,full,663,0.0552994211392825,0.0225294061119383,-0.0327700150273441
shops1,Shops within 1 km,primary,2,sa2,SA2,2,apartment,Apartment,2,none,No FE,1,full,664,0.0627289736040172,0.0359873051239702,-0.026741668480047
shops1,Shops within 1 km,primary,2,sa2,SA2,2,apartment,Apartment,2,none,No FE,1,full,665,0.0505882008012924,0.0291861698919462,-0.0214020309093462
shops1,Shops within 1 km,primary,2,sa2,SA2,2,apartment,Apartment,2,none,No FE,1,full,666,0.0292832782527969,0.0102889621549955,-0.0189943160978014
shops1,Shops within 1 km,primary,2,sa2,SA2,2,apartment,Apartment,2,none,No FE,1,full,667,0.0529850056991393,0.0123916276854754,-0.040593378013664
shops1,Shops within 1 km,primary,2,sa2,SA2,2,apartment,Apartment,2,none,No FE,1,full,668,0.0273829183105305,0.0133724843168856,-0.0140104339936449
shops1,Shops within 1 km,primary,2,sa2,SA2,2,apartment,Apartment,2,none,No FE,1,full,669,0.0457201418199823,0.0283390010630583,-0.017381140756924
shops1,Shops within 1 km,primary,2,sa2,SA2,2,apartment,Apartment,2,none,No FE,1,full,670,0.0467558258849209,0.0248923982024549,-0.021863427682466
shops1,Shops within 1 km,primary,2,sa2,SA2,2,apartment,Apartment,2,none,No FE,1,full,671,0.0540447301067434,0.0163655467483913,-0.0376791833583521
shops1,Shops within 1 km,primary,2,sa2,SA2,2,apartment,Apartment,2,none,No FE,1,full,672,0.0312226171897444,0.0155859281918186,-0.0156366889979258
shops1,Shops within 1 km,primary,2,sa2,SA2,2,apartment,Apartment,2,none,No FE,1,full,673,0.0299507957743662,0.0174202118846068,-0.0125305838897594
shops1,Shops within 1 km,primary,2,sa2,SA2,2,apartment,Apartment,2,none,No FE,1,full,674,0.0522849726020044,0.0324012368060301,-0.0198837357959743
shops1,Shops within 1 km,primary,2,sa2,SA2,2,apartment,Apartment,2,none,No FE,1,full,675,0.0472803474251996,0.0261822916355168,-0.0210980557896829
shops1,Shops within 1 km,primary,2,sa2,SA2,2,apartment,Apartment,2,none,No FE,1,full,676,0.0292657477187804,0.010920186639769,-0.0183455610790114
shops1,Shops within 1 km,primary,2,sa2,SA2,2,apartment,Apartment,2,none,No FE,1,full,677,0.0359283435419817,0.015619042000589,-0.0203093015413928
shops1,Shops within 1 km,primary,2,sa2,SA2,2,apartment,Apartment,2,none,No FE,1,full,678,0.0497294535684222,0.0281844051281014,-0.0215450484403208
shops1,Shops within 1 km,primary,2,sa2,SA2,2,apartment,Apartment,2,none,No FE,1,full,679,0.0378757606742273,0.0223474053748863,-0.0155283552993411
shops1,Shops within 1 km,primary,2,sa2,SA2,2,apartment,Apartment,2,none,No FE,1,full,680,0.039632927984763,0.0172952351196317,-0.0223376928651314
shops1,Shops within 1 km,primary,2,sa2,SA2,2,apartment,Apartment,2,none,No FE,1,full,681,0.047552163009349,0.00134508839029353,-0.0462070746190555
shops1,Shops within 1 km,primary,2,sa2,SA2,2,apartment,Apartment,2,none,No FE,1,full,682,0.0516499795505696,0.0235960202711295,-0.0280539592794401
shops1,Shops within 1 km,primary,2,sa2,SA2,2,apartment,Apartment,2,none,No FE,1,full,683,0.048993135627654,0.0239047092601069,-0.025088426367547
shops1,Shops within 1 km,primary,2,sa2,SA2,2,apartment,Apartment,2,none,No FE,1,full,684,0.0392712033731179,0.0265546469811842,-0.0127165563919337
shops1,Shops within 1 km,primary,2,sa2,SA2,2,apartment,Apartment,2,none,No FE,1,full,685,0.0535883405825524,0.0138718003783699,-0.0397165402041825
shops1,Shops within 1 km,primary,2,sa2,SA2,2,apartment,Apartment,2,none,No FE,1,full,686,0.0364908573962065,0.0105100577217376,-0.0259807996744689
shops1,Shops within 1 km,primary,2,sa2,SA2,2,apartment,Apartment,2,none,No FE,1,full,687,0.0470597815927616,0.0218304108269871,-0.0252293707657745
shops1,Shops within 1 km,primary,2,sa2,SA2,2,apartment,Apartment,2,none,No FE,1,full,688,0.0508223484824548,0.025675689546514,-0.0251466589359408
shops1,Shops within 1 km,primary,2,sa2,SA2,2,apartment,Apartment,2,none,No FE,1,full,689,0.0380505951728206,0.00796595051623787,-0.0300846446565828
shops1,Shops within 1 km,primary,2,sa2,SA2,2,apartment,Apartment,2,none,No FE,1,full,690,0.0428432746331925,0.0290583174207832,-0.0137849572124093
shops1,Shops within 1 km,primary,2,sa2,SA2,2,apartment,Apartment,2,none,No FE,1,full,691,0.0593937709348806,0.0289331415621312,-0.0304606293727494
shops1,Shops within 1 km,primary,2,sa2,SA2,2,apartment,Apartment,2,none,No FE,1,full,692,0.0502891868328599,0.0149202404890686,-0.0353689463437913
shops1,Shops within 1 km,primary,2,sa2,SA2,2,apartment,Apartment,2,none,No FE,1,full,693,0.0530875331403807,0.0286401946030796,-0.0244473385373011
shops1,Shops within 1 km,primary,2,sa2,SA2,2,apartment,Apartment,2,none,No FE,1,full,694,0.0225285708733513,0.0314068355974108,0.00887826472405958
shops1,Shops within 1 km,primary,2,sa2,SA2,2,apartment,Apartment,2,none,No FE,1,full,695,0.0428552328048018,0.0293573871856103,-0.0134978456191915
shops1,Shops within 1 km,primary,2,sa2,SA2,2,apartment,Apartment,2,none,No FE,1,full,696,0.0543450430237399,0.014888577687567,-0.0394564653361729
shops1,Shops within 1 km,primary,2,sa2,SA2,2,apartment,Apartment,2,none,No FE,1,full,697,0.0553455792911552,0.0304055365647666,-0.0249400427263886
shops1,Shops within 1 km,primary,2,sa2,SA2,2,apartment,Apartment,2,none,No FE,1,full,698,0.0522867390411926,0.01231503531217,-0.0399717037290225
shops1,Shops within 1 km,primary,2,sa2,SA2,2,apartment,Apartment,2,none,No FE,1,full,699,0.0552917823727635,0.0271539032960172,-0.0281378790767463
shops1,Shops within 1 km,primary,2,sa2,SA2,2,apartment,Apartment,2,none,No FE,1,full,700,0.0494996069583272,0.0302230807867703,-0.0192765261715568
shops1,Shops within 1 km,primary,2,sa2,SA2,2,apartment,Apartment,2,none,No FE,1,full,701,0.0350036086355619,0.00108525815199453,-0.0339183504835674
shops1,Shops within 1 km,primary,2,sa2,SA2,2,apartment,Apartment,2,none,No FE,1,full,702,0.0509592391893173,0.0292786925118774,-0.0216805466774399
shops1,Shops within 1 km,primary,2,sa2,SA2,2,apartment,Apartment,2,none,No FE,1,full,703,0.0527093870051119,0.0343846828396261,-0.0183247041654858
shops1,Shops within 1 km,primary,2,sa2,SA2,2,apartment,Apartment,2,none,No FE,1,full,704,0.0514391650117629,0.0140512749293753,-0.0373878900823877
shops1,Shops within 1 km,primary,2,sa2,SA2,2,apartment,Apartment,2,none,No FE,1,full,705,0.0513047640549625,0.0331913399946177,-0.0181134240603448
shops1,Shops within 1 km,primary,2,sa2,SA2,2,apartment,Apartment,2,none,No FE,1,full,706,0.0449674421599941,0.00845415174486257,-0.0365132904151316
shops1,Shops within 1 km,primary,2,sa2,SA2,2,apartment,Apartment,2,none,No FE,1,full,707,0.0434981943351201,0.0250332399277534,-0.0184649544073666
shops1,Shops within 1 km,primary,2,sa2,SA2,2,apartment,Apartment,2,none,No FE,1,full,708,0.0364183763104092,0.0298252459369277,-0.00659313037348148
shops1,Shops within 1 km,primary,2,sa2,SA2,2,apartment,Apartment,2,none,No FE,1,full,709,0.0415797929208805,0.0149738011162716,-0.0266059918046089
shops1,Shops within 1 km,primary,2,sa2,SA2,2,apartment,Apartment,2,none,No FE,1,full,710,0.0365319645987831,0.0157192268838965,-0.0208127377148866
shops1,Shops within 1 km,primary,2,sa2,SA2,2,apartment,Apartment,2,none,No FE,1,full,711,0.024311358272198,0.0121599421539266,-0.0121514161182713
shops1,Shops within 1 km,primary,2,sa2,SA2,2,apartment,Apartment,2,none,No FE,1,full,712,0.0485204242268364,0.00720966676826118,-0.0413107574585752
shops1,Shops within 1 km,primary,2,sa2,SA2,2,apartment,Apartment,2,none,No FE,1,full,713,0.0556626510599287,0.0407890477465135,-0.0148736033134152
shops1,Shops within 1 km,primary,2,sa2,SA2,2,apartment,Apartment,2,none,No FE,1,full,714,0.0364514904358974,0.0395334969882656,0.00308200655236821
shops1,Shops within 1 km,primary,2,sa2,SA2,2,apartment,Apartment,2,none,No FE,1,full,715,0.0497223232526767,0.0405443046290985,-0.00917801862357825
shops1,Shops within 1 km,primary,2,sa2,SA2,2,apartment,Apartment,2,none,No FE,1,full,716,0.0489630616454265,0.0268107942442682,-0.0221522674011583
shops1,Shops within 1 km,primary,2,sa2,SA2,2,apartment,Apartment,2,none,No FE,1,full,717,0.0458895680890414,0.0198396446979982,-0.0260499233910432
shops1,Shops within 1 km,primary,2,sa2,SA2,2,apartment,Apartment,2,none,No FE,1,full,718,0.0323991510433246,-0.00199915240927,-0.0343983034525946
shops1,Shops within 1 km,primary,2,sa2,SA2,2,apartment,Apartment,2,none,No FE,1,full,719,0.0478016772280448,0.025913508263684,-0.0218881689643608
shops1,Shops within 1 km,primary,2,sa2,SA2,2,apartment,Apartment,2,none,No FE,1,full,720,0.0453462872852391,0.0120685741573274,-0.0332777131279117
shops1,Shops within 1 km,primary,2,sa2,SA2,2,apartment,Apartment,2,none,No FE,1,full,721,0.052665965210338,0.0426490251812213,-0.0100169400291168
shops1,Shops within 1 km,primary,2,sa2,SA2,2,apartment,Apartment,2,none,No FE,1,full,722,0.0548785234388705,0.030714272482944,-0.0241642509559265
shops1,Shops within 1 km,primary,2,sa2,SA2,2,apartment,Apartment,2,none,No FE,1,full,723,0.033633303048511,0.00679698761133343,-0.0268363154371775
shops1,Shops within 1 km,primary,2,sa2,SA2,2,apartment,Apartment,2,none,No FE,1,full,724,0.0394051272840811,0.00658736952403554,-0.0328177577600456
shops1,Shops within 1 km,primary,2,sa2,SA2,2,apartment,Apartment,2,none,No FE,1,full,725,0.046792823830132,0.030252207315439,-0.0165406165146929
shops1,Shops within 1 km,primary,2,sa2,SA2,2,apartment,Apartment,2,none,No FE,1,full,726,0.0721487580619474,0.0262839217754101,-0.0458648362865373
shops1,Shops within 1 km,primary,2,sa2,SA2,2,apartment,Apartment,2,none,No FE,1,full,727,0.040604632709276,0.015910163074298,-0.024694469634978
shops1,Shops within 1 km,primary,2,sa2,SA2,2,apartment,Apartment,2,none,No FE,1,full,728,0.0600938382748652,0.0241189710669437,-0.0359748672079215
shops1,Shops within 1 km,primary,2,sa2,SA2,2,apartment,Apartment,2,none,No FE,1,full,729,0.0511341728775507,0.0352477550904495,-0.0158864177871012
shops1,Shops within 1 km,primary,2,sa2,SA2,2,apartment,Apartment,2,none,No FE,1,full,730,0.0525458285522697,0.0180114058464306,-0.0345344227058391
shops1,Shops within 1 km,primary,2,sa2,SA2,2,apartment,Apartment,2,none,No FE,1,full,731,0.0542671807029833,0.0130137124253368,-0.0412534682776465
shops1,Shops within 1 km,primary,2,sa2,SA2,2,apartment,Apartment,2,none,No FE,1,full,732,0.0414991817232402,0.0265750144825958,-0.0149241672406444
shops1,Shops within 1 km,primary,2,sa2,SA2,2,apartment,Apartment,2,none,No FE,1,full,733,0.0610293275279989,0.0322835194512151,-0.0287458080767839
shops1,Shops within 1 km,primary,2,sa2,SA2,2,apartment,Apartment,2,none,No FE,1,full,734,0.0398941159355218,0.00359560828768598,-0.0362985076478358
shops1,Shops within 1 km,primary,2,sa2,SA2,2,apartment,Apartment,2,none,No FE,1,full,735,0.0551038816082674,0.0324277554044895,-0.0226761262037779
shops1,Shops within 1 km,primary,2,sa2,SA2,2,apartment,Apartment,2,none,No FE,1,full,736,0.0463460124733773,0.0149572662547322,-0.0313887462186451
shops1,Shops within 1 km,primary,2,sa2,SA2,2,apartment,Apartment,2,none,No FE,1,full,737,0.0367768285843292,0.0121523752732508,-0.0246244533110784
shops1,Shops within 1 km,primary,2,sa2,SA2,2,apartment,Apartment,2,none,No FE,1,full,738,0.0492723537189757,0.0169552032729443,-0.0323171504460314
shops1,Shops within 1 km,primary,2,sa2,SA2,2,apartment,Apartment,2,none,No FE,1,full,739,0.0383648827726612,0.0116511539244805,-0.0267137288481807
shops1,Shops within 1 km,primary,2,sa2,SA2,2,apartment,Apartment,2,none,No FE,1,full,740,0.0421415413446341,0.014468940273618,-0.0276726010710161
shops1,Shops within 1 km,primary,2,sa2,SA2,2,apartment,Apartment,2,none,No FE,1,full,741,0.0615112915260473,0.0345055097591268,-0.0270057817669206
shops1,Shops within 1 km,primary,2,sa2,SA2,2,apartment,Apartment,2,none,No FE,1,full,742,0.0556648256583012,0.0139516454327348,-0.0417131802255663
shops1,Shops within 1 km,primary,2,sa2,SA2,2,apartment,Apartment,2,none,No FE,1,full,743,0.0630092655401905,0.0404239030412789,-0.0225853624989115
shops1,Shops within 1 km,primary,2,sa2,SA2,2,apartment,Apartment,2,none,No FE,1,full,744,0.0314152646204019,0.00773741125244531,-0.0236778533679566
shops1,Shops within 1 km,primary,2,sa2,SA2,2,apartment,Apartment,2,none,No FE,1,full,745,0.0420087700290846,0.00631748717466899,-0.0356912828544156
shops1,Shops within 1 km,primary,2,sa2,SA2,2,apartment,Apartment,2,none,No FE,1,full,746,0.0459481168883187,0.0263048456707128,-0.0196432712176059
shops1,Shops within 1 km,primary,2,sa2,SA2,2,apartment,Apartment,2,none,No FE,1,full,747,0.0436564983296226,0.0182265616986129,-0.0254299366310097
shops1,Shops within 1 km,primary,2,sa2,SA2,2,apartment,Apartment,2,none,No FE,1,full,748,0.0454273177628508,0.0151262784554749,-0.0303010393073759
shops1,Shops within 1 km,primary,2,sa2,SA2,2,apartment,Apartment,2,none,No FE,1,full,749,0.0476974086895064,0.0209134165568821,-0.0267839921326243
shops1,Shops within 1 km,primary,2,sa2,SA2,2,apartment,Apartment,2,none,No FE,1,full,750,0.0538244553549151,0.0238422124436701,-0.0299822429112451
shops1,Shops within 1 km,primary,2,sa2,SA2,2,apartment,Apartment,2,none,No FE,1,full,751,0.035475421514476,0.0184080377564548,-0.0170673837580212
shops1,Shops within 1 km,primary,2,sa2,SA2,2,apartment,Apartment,2,none,No FE,1,full,752,0.0480144470815807,0.00832607359225662,-0.0396883734893241
shops1,Shops within 1 km,primary,2,sa2,SA2,2,apartment,Apartment,2,none,No FE,1,full,753,0.0273203655724801,0.0017048372674213,-0.0256155283050588
shops1,Shops within 1 km,primary,2,sa2,SA2,2,apartment,Apartment,2,none,No FE,1,full,754,0.0526111316708502,0.025517244976015,-0.0270938866948352
shops1,Shops within 1 km,primary,2,sa2,SA2,2,apartment,Apartment,2,none,No FE,1,full,755,0.0596494216692161,0.0344833902650442,-0.0251660314041719
shops1,Shops within 1 km,primary,2,sa2,SA2,2,apartment,Apartment,2,none,No FE,1,full,756,0.0417826161137462,0.0201453064609016,-0.0216373096528447
shops1,Shops within 1 km,primary,2,sa2,SA2,2,apartment,Apartment,2,none,No FE,1,full,757,0.0341053952921698,0.00715923222045021,-0.0269461630717196
shops1,Shops within 1 km,primary,2,sa2,SA2,2,apartment,Apartment,2,none,No FE,1,full,758,0.0549500638716441,0.0260906862544185,-0.0288593776172256
shops1,Shops within 1 km,primary,2,sa2,SA2,2,apartment,Apartment,2,none,No FE,1,full,759,0.0463771171199585,0.0178781335169331,-0.0284989836030254
shops1,Shops within 1 km,primary,2,sa2,SA2,2,apartment,Apartment,2,none,No FE,1,full,760,0.0383983338786462,0.0227929788858207,-0.0156053549928255
shops1,Shops within 1 km,primary,2,sa2,SA2,2,apartment,Apartment,2,none,No FE,1,full,761,0.0453002936705123,0.0449423836127314,-0.000357910057780929
shops1,Shops within 1 km,primary,2,sa2,SA2,2,apartment,Apartment,2,none,No FE,1,full,762,0.0422091620469532,0.0238006833967524,-0.0184084786502009
shops1,Shops within 1 km,primary,2,sa2,SA2,2,apartment,Apartment,2,none,No FE,1,full,763,0.0595415069510328,0.0214757621536166,-0.0380657447974162
shops1,Shops within 1 km,primary,2,sa2,SA2,2,apartment,Apartment,2,none,No FE,1,full,764,0.0620669985264382,0.0330700279951516,-0.0289969705312866
shops1,Shops within 1 km,primary,2,sa2,SA2,2,apartment,Apartment,2,none,No FE,1,full,765,0.0625671613199246,0.0369381484460117,-0.0256290128739129
shops1,Shops within 1 km,primary,2,sa2,SA2,2,apartment,Apartment,2,none,No FE,1,full,766,0.0566682641852834,0.044926953808503,-0.0117413103767804
shops1,Shops within 1 km,primary,2,sa2,SA2,2,apartment,Apartment,2,none,No FE,1,full,767,0.0371903121601723,0.00854386863104584,-0.0286464435291265
shops1,Shops within 1 km,primary,2,sa2,SA2,2,apartment,Apartment,2,none,No FE,1,full,768,0.0616761523350459,0.0424218254953122,-0.0192543268397338
shops1,Shops within 1 km,primary,2,sa2,SA2,2,apartment,Apartment,2,none,No FE,1,full,769,0.0443855378284239,0.0385927713066611,-0.0057927665217628
shops1,Shops within 1 km,primary,2,sa2,SA2,2,apartment,Apartment,2,none,No FE,1,full,770,0.0458324846305702,0.0355039892697075,-0.0103284953608628
shops1,Shops within 1 km,primary,2,sa2,SA2,2,apartment,Apartment,2,none,No FE,1,full,771,0.0438132970565846,0.022540231869953,-0.0212730651866316
shops1,Shops within 1 km,primary,2,sa2,SA2,2,apartment,Apartment,2,none,No FE,1,full,772,0.0559323593575137,0.026708293503493,-0.0292240658540208
shops1,Shops within 1 km,primary,2,sa2,SA2,2,apartment,Apartment,2,none,No FE,1,full,773,0.0465493454343494,0.028086353896761,-0.0184629915375884
shops1,Shops within 1 km,primary,2,sa2,SA2,2,apartment,Apartment,2,none,No FE,1,full,774,0.037166542397461,0.0133770957097721,-0.0237894466876889
shops1,Shops within 1 km,primary,2,sa2,SA2,2,apartment,Apartment,2,none,No FE,1,full,775,0.0348785135760041,0.0175582930060417,-0.0173202205699624
shops1,Shops within 1 km,primary,2,sa2,SA2,2,apartment,Apartment,2,none,No FE,1,full,776,0.0530581424489222,0.010155139832792,-0.0429030026161302
shops1,Shops within 1 km,primary,2,sa2,SA2,2,apartment,Apartment,2,none,No FE,1,full,777,0.0547315986018019,0.0294376878847246,-0.0252939107170772
shops1,Shops within 1 km,primary,2,sa2,SA2,2,apartment,Apartment,2,none,No FE,1,full,778,0.0545899649738715,0.0113149194834972,-0.0432750454903743
shops1,Shops within 1 km,primary,2,sa2,SA2,2,apartment,Apartment,2,none,No FE,1,full,779,0.0591553549231792,0.0239386453389819,-0.0352167095841973
shops1,Shops within 1 km,primary,2,sa2,SA2,2,apartment,Apartment,2,none,No FE,1,full,780,0.035806520674913,0.0127592307905395,-0.0230472898843735
shops1,Shops within 1 km,primary,2,sa2,SA2,2,apartment,Apartment,2,none,No FE,1,full,781,0.0663242292923922,0.0289295774903816,-0.0373946518020106
shops1,Shops within 1 km,primary,2,sa2,SA2,2,apartment,Apartment,2,none,No FE,1,full,782,0.0438026948870346,0.0164256103303067,-0.027377084556728
shops1,Shops within 1 km,primary,2,sa2,SA2,2,apartment,Apartment,2,none,No FE,1,full,783,0.0645874453313072,0.0313810549531003,-0.0332063903782069
shops1,Shops within 1 km,primary,2,sa2,SA2,2,apartment,Apartment,2,none,No FE,1,full,784,0.0493275706413365,0.0145523347282449,-0.0347752359130916
shops1,Shops within 1 km,primary,2,sa2,SA2,2,apartment,Apartment,2,none,No FE,1,full,785,0.0472592025755585,0.0254439426655949,-0.0218152599099636
shops1,Shops within 1 km,primary,2,sa2,SA2,2,apartment,Apartment,2,none,No FE,1,full,786,0.0558488537313819,0.0192241400794996,-0.0366247136518822
shops1,Shops within 1 km,primary,2,sa2,SA2,2,apartment,Apartment,2,none,No FE,1,full,787,0.0362675423287024,0.0135564369684916,-0.0227111053602108
shops1,Shops within 1 km,primary,2,sa2,SA2,2,apartment,Apartment,2,none,No FE,1,full,788,0.0365945139754026,0.0170959678790609,-0.0194985460963417
shops1,Shops within 1 km,primary,2,sa2,SA2,2,apartment,Apartment,2,none,No FE,1,full,789,0.0573685219343483,0.0107594123123056,-0.0466091096220426
shops1,Shops within 1 km,primary,2,sa2,SA2,2,apartment,Apartment,2,none,No FE,1,full,790,0.0339100860937971,0.0144787871151643,-0.0194312989786328
shops1,Shops within 1 km,primary,2,sa2,SA2,2,apartment,Apartment,2,none,No FE,1,full,791,0.0407809277943343,0.00498168651251631,-0.035799241281818
shops1,Shops within 1 km,primary,2,sa2,SA2,2,apartment,Apartment,2,none,No FE,1,full,792,0.0607628569718141,0.0287678982073873,-0.0319949587644268
shops1,Shops within 1 km,primary,2,sa2,SA2,2,apartment,Apartment,2,none,No FE,1,full,793,0.0573359278510639,0.022299718296004,-0.0350362095550599
shops1,Shops within 1 km,primary,2,sa2,SA2,2,apartment,Apartment,2,none,No FE,1,full,794,0.0328960091716402,-0.00539081618626277,-0.038286825357903
shops1,Shops within 1 km,primary,2,sa2,SA2,2,apartment,Apartment,2,none,No FE,1,full,795,0.0362637452989075,0.0204340476978768,-0.0158296976010308
shops1,Shops within 1 km,primary,2,sa2,SA2,2,apartment,Apartment,2,none,No FE,1,full,796,0.0414101985863766,0.0131955347545053,-0.0282146638318713
shops1,Shops within 1 km,primary,2,sa2,SA2,2,apartment,Apartment,2,none,No FE,1,full,797,0.049175849549095,0.0139867842768692,-0.0351890652722258
shops1,Shops within 1 km,primary,2,sa2,SA2,2,apartment,Apartment,2,none,No FE,1,full,798,0.042132248206609,0.0147382159290805,-0.0273940322775284
shops1,Shops within 1 km,primary,2,sa2,SA2,2,apartment,Apartment,2,none,No FE,1,full,799,0.0419643966052735,-0.00236285856936085,-0.0443272551746344
shops1,Shops within 1 km,primary,2,sa2,SA2,2,apartment,Apartment,2,none,No FE,1,full,800,0.04317406668401,0.0249773042172724,-0.0181967624667376
shops1,Shops within 1 km,primary,2,sa2,SA2,2,apartment,Apartment,2,none,No FE,1,full,801,0.0298091976426221,0.0144252313316952,-0.0153839663109269
shops1,Shops within 1 km,primary,2,sa2,SA2,2,apartment,Apartment,2,none,No FE,1,full,802,0.0567858770281914,0.0330075812293925,-0.0237782957987989
shops1,Shops within 1 km,primary,2,sa2,SA2,2,apartment,Apartment,2,none,No FE,1,full,803,0.0607152515111048,0.0385035173168187,-0.0222117341942861
shops1,Shops within 1 km,primary,2,sa2,SA2,2,apartment,Apartment,2,none,No FE,1,full,804,0.0457359437434662,0.0147616737255813,-0.030974270017885
shops1,Shops within 1 km,primary,2,sa2,SA2,2,apartment,Apartment,2,none,No FE,1,full,805,0.0230272846305317,0.0112848570308336,-0.0117424275996981
shops1,Shops within 1 km,primary,2,sa2,SA2,2,apartment,Apartment,2,none,No FE,1,full,806,0.0498612707117172,0.0376124917224439,-0.0122487789892733
shops1,Shops within 1 km,primary,2,sa2,SA2,2,apartment,Apartment,2,none,No FE,1,full,807,0.0542315946393543,0.0287286208432893,-0.0255029737960651
shops1,Shops within 1 km,primary,2,sa2,SA2,2,apartment,Apartment,2,none,No FE,1,full,808,0.0666116955451513,0.0238427627272935,-0.0427689328178578
shops1,Shops within 1 km,primary,2,sa2,SA2,2,apartment,Apartment,2,none,No FE,1,full,809,0.0538533062300872,0.0433240101881837,-0.0105292960419035
shops1,Shops within 1 km,primary,2,sa2,SA2,2,apartment,Apartment,2,none,No FE,1,full,810,0.0507980154913006,0.0185118205590108,-0.0322861949322897
shops1,Shops within 1 km,primary,2,sa2,SA2,2,apartment,Apartment,2,none,No FE,1,full,811,0.0523137436243298,0.0322095387005272,-0.0201042049238026
shops1,Shops within 1 km,primary,2,sa2,SA2,2,apartment,Apartment,2,none,No FE,1,full,812,0.0534993578687003,0.0238674482763469,-0.0296319095923534
shops1,Shops within 1 km,primary,2,sa2,SA2,2,apartment,Apartment,2,none,No FE,1,full,813,0.0435263674766231,0.013245080103684,-0.030281287372939
shops1,Shops within 1 km,primary,2,sa2,SA2,2,apartment,Apartment,2,none,No FE,1,full,814,0.0397279464441876,0.03656911956542,-0.0031588268787676
shops1,Shops within 1 km,primary,2,sa2,SA2,2,apartment,Apartment,2,none,No FE,1,full,815,0.0435604499289741,0.0313023801126252,-0.0122580698163489
shops1,Shops within 1 km,primary,2,sa2,SA2,2,apartment,Apartment,2,none,No FE,1,full,816,0.0530001758224464,0.0442148281455454,-0.00878534767690094
shops1,Shops within 1 km,primary,2,sa2,SA2,2,apartment,Apartment,2,none,No FE,1,full,817,0.0530119272412708,0.0226659580639845,-0.0303459691772862
shops1,Shops within 1 km,primary,2,sa2,SA2,2,apartment,Apartment,2,none,No FE,1,full,818,0.0559715432538167,0.0108792100019403,-0.0450923332518763
shops1,Shops within 1 km,primary,2,sa2,SA2,2,apartment,Apartment,2,none,No FE,1,full,819,0.0372893702178522,0.0214910456247355,-0.0157983245931166
shops1,Shops within 1 km,primary,2,sa2,SA2,2,apartment,Apartment,2,none,No FE,1,full,820,0.0558773917239808,0.0382064865306079,-0.0176709051933728
shops1,Shops within 1 km,primary,2,sa2,SA2,2,apartment,Apartment,2,none,No FE,1,full,821,0.0591369179593541,0.0390020387320278,-0.0201348792273263
shops1,Shops within 1 km,primary,2,sa2,SA2,2,apartment,Apartment,2,none,No FE,1,full,822,0.051363931924998,0.0262196742570391,-0.0251442576679589
shops1,Shops within 1 km,primary,2,sa2,SA2,2,apartment,Apartment,2,none,No FE,1,full,823,0.0636382996277236,0.0322710999848601,-0.0313671996428635
shops1,Shops within 1 km,primary,2,sa2,SA2,2,apartment,Apartment,2,none,No FE,1,full,824,0.0489841634793006,0.0283613820759147,-0.0206227814033859
shops1,Shops within 1 km,primary,2,sa2,SA2,2,apartment,Apartment,2,none,No FE,1,full,825,0.0529178733000066,0.00741382108325031,-0.0455040522167563
shops1,Shops within 1 km,primary,2,sa2,SA2,2,apartment,Apartment,2,none,No FE,1,full,826,0.0522161040096146,0.0166271672181551,-0.0355889367914596
shops1,Shops within 1 km,primary,2,sa2,SA2,2,apartment,Apartment,2,none,No FE,1,full,827,0.0685694700149248,0.02570639776712,-0.0428630722478047
shops1,Shops within 1 km,primary,2,sa2,SA2,2,apartment,Apartment,2,none,No FE,1,full,828,0.0433737304430319,0.011082284165329,-0.0322914462777029
shops1,Shops within 1 km,primary,2,sa2,SA2,2,apartment,Apartment,2,none,No FE,1,full,829,0.0448178229101127,0.0267111360894724,-0.0181066868206404
shops1,Shops within 1 km,primary,2,sa2,SA2,2,apartment,Apartment,2,none,No FE,1,full,830,0.0417215306478701,0.00268416681337415,-0.0390373638344959
shops1,Shops within 1 km,primary,2,sa2,SA2,2,apartment,Apartment,2,none,No FE,1,full,831,0.0557210006129676,0.0140005973929986,-0.041720403219969
shops1,Shops within 1 km,primary,2,sa2,SA2,2,apartment,Apartment,2,none,No FE,1,full,832,0.0416782908355374,0.0139364362652468,-0.0277418545702906
shops1,Shops within 1 km,primary,2,sa2,SA2,2,apartment,Apartment,2,none,No FE,1,full,833,0.0509936599983536,0.0508022901615105,-0.000191369836843119
shops1,Shops within 1 km,primary,2,sa2,SA2,2,apartment,Apartment,2,none,No FE,1,full,834,0.0499461825447664,0.0175131131346658,-0.0324330694101006
shops1,Shops within 1 km,primary,2,sa2,SA2,2,apartment,Apartment,2,none,No FE,1,full,835,0.046543725446003,0.0102742646024534,-0.0362694608435495
shops1,Shops within 1 km,primary,2,sa2,SA2,2,apartment,Apartment,2,none,No FE,1,full,836,0.0497871257451632,0.0283181374421656,-0.0214689883029975
shops1,Shops within 1 km,primary,2,sa2,SA2,2,apartment,Apartment,2,none,No FE,1,full,837,0.0344177388135973,0.00834021801289467,-0.0260775208007026
shops1,Shops within 1 km,primary,2,sa2,SA2,2,apartment,Apartment,2,none,No FE,1,full,838,0.0563536583305566,0.0182500489051608,-0.0381036094253958
shops1,Shops within 1 km,primary,2,sa2,SA2,2,apartment,Apartment,2,none,No FE,1,full,839,0.0266399739510527,0.000281920572332652,-0.02635805337872
shops1,Shops within 1 km,primary,2,sa2,SA2,2,apartment,Apartment,2,none,No FE,1,full,840,0.0530029832654143,0.0317487388431668,-0.0212542444222475
shops1,Shops within 1 km,primary,2,sa2,SA2,2,apartment,Apartment,2,none,No FE,1,full,841,0.0526714659884697,0.0343776125977521,-0.0182938533907175
shops1,Shops within 1 km,primary,2,sa2,SA2,2,apartment,Apartment,2,none,No FE,1,full,842,0.0438401865780417,0.0289932055662882,-0.0148469810117535
shops1,Shops within 1 km,primary,2,sa2,SA2,2,apartment,Apartment,2,none,No FE,1,full,843,0.0316047095853056,0.00809690623355824,-0.0235078033517473
shops1,Shops within 1 km,primary,2,sa2,SA2,2,apartment,Apartment,2,none,No FE,1,full,844,0.059775209152642,0.00933014925423099,-0.050445059898411
shops1,Shops within 1 km,primary,2,sa2,SA2,2,apartment,Apartment,2,none,No FE,1,full,845,0.0542637434950578,0.0251613180821036,-0.0291024254129542
shops1,Shops within 1 km,primary,2,sa2,SA2,2,apartment,Apartment,2,none,No FE,1,full,846,0.0600388623617497,0.0383506022813161,-0.0216882600804336
shops1,Shops within 1 km,primary,2,sa2,SA2,2,apartment,Apartment,2,none,No FE,1,full,847,0.0617027243996851,0.0366167719331519,-0.0250859524665332
shops1,Shops within 1 km,primary,2,sa2,SA2,2,apartment,Apartment,2,none,No FE,1,full,848,0.0510926732033923,0.0102874127329508,-0.0408052604704415
shops1,Shops within 1 km,primary,2,sa2,SA2,2,apartment,Apartment,2,none,No FE,1,full,849,0.0503076798342659,0.0257667342068663,-0.0245409456273996
shops1,Shops within 1 km,primary,2,sa2,SA2,2,apartment,Apartment,2,none,No FE,1,full,850,0.0411955792633906,0.00240219926699004,-0.0387933799964006
shops1,Shops within 1 km,primary,2,sa2,SA2,2,apartment,Apartment,2,none,No FE,1,full,851,0.0577492908119774,0.042148141024378,-0.0156011497875993
shops1,Shops within 1 km,primary,2,sa2,SA2,2,apartment,Apartment,2,none,No FE,1,full,852,0.0376481539622533,0.0139750442039727,-0.0236731097582806
shops1,Shops within 1 km,primary,2,sa2,SA2,2,apartment,Apartment,2,none,No FE,1,full,853,0.0450357901268153,0.000894909127523425,-0.0441408809992919
shops1,Shops within 1 km,primary,2,sa2,SA2,2,apartment,Apartment,2,none,No FE,1,full,854,0.0376433047211991,0.0183904786514343,-0.0192528260697647
shops1,Shops within 1 km,primary,2,sa2,SA2,2,apartment,Apartment,2,none,No FE,1,full,855,0.0498826898403195,0.00748212711724299,-0.0424005627230765
shops1,Shops within 1 km,primary,2,sa2,SA2,2,apartment,Apartment,2,none,No FE,1,full,856,0.0632898903626912,0.0370406013936463,-0.0262492889690449
shops1,Shops within 1 km,primary,2,sa2,SA2,2,apartment,Apartment,2,none,No FE,1,full,857,0.0372432984434604,-0.00332989620295499,-0.0405731946464154
shops1,Shops within 1 km,primary,2,sa2,SA2,2,apartment,Apartment,2,none,No FE,1,full,858,0.0403458763985202,0.00321165488644203,-0.0371342215120781
shops1,Shops within 1 km,primary,2,sa2,SA2,2,apartment,Apartment,2,none,No FE,1,full,859,0.0751729372959782,0.0288481368018653,-0.0463248004941128
shops1,Shops within 1 km,primary,2,sa2,SA2,2,apartment,Apartment,2,none,No FE,1,full,860,0.0429308396290041,0.0281970916605501,-0.014733747968454
shops1,Shops within 1 km,primary,2,sa2,SA2,2,apartment,Apartment,2,none,No FE,1,full,861,0.0566618283453559,0.0330941208536414,-0.0235677074917144
shops1,Shops within 1 km,primary,2,sa2,SA2,2,apartment,Apartment,2,none,No FE,1,full,862,0.0641060917725722,0.0317937245396913,-0.0323123672328809
shops1,Shops within 1 km,primary,2,sa2,SA2,2,apartment,Apartment,2,none,No FE,1,full,863,0.0414650636244056,0.037253599692988,-0.00421146393141764
shops1,Shops within 1 km,primary,2,sa2,SA2,2,apartment,Apartment,2,none,No FE,1,full,864,0.0636682450433442,0.0185740258407249,-0.0450942192026193
shops1,Shops within 1 km,primary,2,sa2,SA2,2,apartment,Apartment,2,none,No FE,1,full,865,0.040937789435273,0.0196575360059191,-0.0212802534293539
shops1,Shops within 1 km,primary,2,sa2,SA2,2,apartment,Apartment,2,none,No FE,1,full,866,0.0480175415102071,0.0167479867668842,-0.0312695547433229
shops1,Shops within 1 km,primary,2,sa2,SA2,2,apartment,Apartment,2,none,No FE,1,full,867,0.0574968844846922,0.0231752035058108,-0.0343216809788814
shops1,Shops within 1 km,primary,2,sa2,SA2,2,apartment,Apartment,2,none,No FE,1,full,868,0.0589799819098824,0.025163759702805,-0.0338162222070773
shops1,Shops within 1 km,primary,2,sa2,SA2,2,apartment,Apartment,2,none,No FE,1,full,869,0.0379953466138487,0.0228539272428601,-0.0151414193709886
shops1,Shops within 1 km,primary,2,sa2,SA2,2,apartment,Apartment,2,none,No FE,1,full,870,0.0488475079790554,0.0182954430033402,-0.0305520649757152
shops1,Shops within 1 km,primary,2,sa2,SA2,2,apartment,Apartment,2,none,No FE,1,full,871,0.0543099245783513,0.00680751802027065,-0.0475024065580806
shops1,Shops within 1 km,primary,2,sa2,SA2,2,apartment,Apartment,2,none,No FE,1,full,872,0.0541014262752985,0.0199216594561374,-0.0341797668191611
shops1,Shops within 1 km,primary,2,sa2,SA2,2,apartment,Apartment,2,none,No FE,1,full,873,0.0573193102165272,0.011446431508183,-0.0458728787083441
shops1,Shops within 1 km,primary,2,sa2,SA2,2,apartment,Apartment,2,none,No FE,1,full,874,0.0427638595618447,0.030115895944429,-0.0126479636174157
shops1,Shops within 1 km,primary,2,sa2,SA2,2,apartment,Apartment,2,none,No FE,1,full,875,0.0376458071903182,0.00443188993425477,-0.0332139172560635
shops1,Shops within 1 km,primary,2,sa2,SA2,2,apartment,Apartment,2,none,No FE,1,full,876,0.0531917448202517,0.0213246434897432,-0.0318671013305085
shops1,Shops within 1 km,primary,2,sa2,SA2,2,apartment,Apartment,2,none,No FE,1,full,877,0.0544784803168318,0.0270674162551778,-0.027411064061654
shops1,Shops within 1 km,primary,2,sa2,SA2,2,apartment,Apartment,2,none,No FE,1,full,878,0.048719001702209,0.0274336091913269,-0.0212853925108821
shops1,Shops within 1 km,primary,2,sa2,SA2,2,apartment,Apartment,2,none,No FE,1,full,879,0.0383444829552361,0.00833400439353397,-0.0300104785617022
shops1,Shops within 1 km,primary,2,sa2,SA2,2,apartment,Apartment,2,none,No FE,1,full,880,0.0542034651090784,0.0233113355852498,-0.0308921295238286
shops1,Shops within 1 km,primary,2,sa2,SA2,2,apartment,Apartment,2,none,No FE,1,full,881,0.0549375055876133,0.0243321585615186,-0.0306053470260946
shops1,Shops within 1 km,primary,2,sa2,SA2,2,apartment,Apartment,2,none,No FE,1,full,882,0.049301145736595,0.0317387055899237,-0.0175624401466713
shops1,Shops within 1 km,primary,2,sa2,SA2,2,apartment,Apartment,2,none,No FE,1,full,883,0.0465139733793239,0.0203726251438201,-0.0261413482355038
shops1,Shops within 1 km,primary,2,sa2,SA2,2,apartment,Apartment,2,none,No FE,1,full,884,0.0400010083009621,0.0154201949633456,-0.0245808133376166
shops1,Shops within 1 km,primary,2,sa2,SA2,2,apartment,Apartment,2,none,No FE,1,full,885,0.0512101065131445,0.0235223969890003,-0.0276877095241443
shops1,Shops within 1 km,primary,2,sa2,SA2,2,apartment,Apartment,2,none,No FE,1,full,886,0.0700505007848717,0.0321325229475624,-0.0379179778373093
shops1,Shops within 1 km,primary,2,sa2,SA2,2,apartment,Apartment,2,none,No FE,1,full,887,0.057640212225746,0.00306138640653451,-0.0545788258192115
shops1,Shops within 1 km,primary,2,sa2,SA2,2,apartment,Apartment,2,none,No FE,1,full,888,0.0693497356812414,0.0461339081288076,-0.0232158275524338
shops1,Shops within 1 km,primary,2,sa2,SA2,2,apartment,Apartment,2,none,No FE,1,full,889,0.0542727444823446,0.022254718546571,-0.0320180259357736
shops1,Shops within 1 km,primary,2,sa2,SA2,2,apartment,Apartment,2,none,No FE,1,full,890,0.0615820235599523,0.0257575307907755,-0.0358244927691768
shops1,Shops within 1 km,primary,2,sa2,SA2,2,apartment,Apartment,2,none,No FE,1,full,891,0.0517990807619597,0.00940088046071208,-0.0423982003012476
shops1,Shops within 1 km,primary,2,sa2,SA2,2,apartment,Apartment,2,none,No FE,1,full,892,0.0541777081806482,0.0226187668781894,-0.0315589413024588
shops1,Shops within 1 km,primary,2,sa2,SA2,2,apartment,Apartment,2,none,No FE,1,full,893,0.0525638273910109,0.0248072800166745,-0.0277565473743364
shops1,Shops within 1 km,primary,2,sa2,SA2,2,apartment,Apartment,2,none,No FE,1,full,894,0.0376669760978514,0.0232098387598993,-0.0144571373379521
shops1,Shops within 1 km,primary,2,sa2,SA2,2,apartment,Apartment,2,none,No FE,1,full,895,0.042412410486308,0.0129203379438641,-0.0294920725424439
shops1,Shops within 1 km,primary,2,sa2,SA2,2,apartment,Apartment,2,none,No FE,1,full,896,0.0518065296228422,0.0139731991942141,-0.0378333304286281
shops1,Shops within 1 km,primary,2,sa2,SA2,2,apartment,Apartment,2,none,No FE,1,full,897,0.0382559239791071,0.032169344560089,-0.00608657941901809
shops1,Shops within 1 km,primary,2,sa2,SA2,2,apartment,Apartment,2,none,No FE,1,full,898,0.0466579786358701,0.0288805353361631,-0.017777443299707
shops1,Shops within 1 km,primary,2,sa2,SA2,2,apartment,Apartment,2,none,No FE,1,full,899,0.0413094907686536,0.0257607413639822,-0.0155487494046714
shops1,Shops within 1 km,primary,2,sa2,SA2,2,apartment,Apartment,2,none,No FE,1,full,900,0.0441274916015388,0.0147978829286743,-0.0293296086728645
shops1,Shops within 1 km,primary,2,sa2,SA2,2,apartment,Apartment,2,none,No FE,1,full,901,0.0531636023994959,0.0453682506266053,-0.00779535177289063
shops1,Shops within 1 km,primary,2,sa2,SA2,2,apartment,Apartment,2,none,No FE,1,full,902,0.0491730186575733,0.0290396425273675,-0.0201333761302058
shops1,Shops within 1 km,primary,2,sa2,SA2,2,apartment,Apartment,2,none,No FE,1,full,903,0.052772568679325,0.0312878390385347,-0.0214847296407903
shops1,Shops within 1 km,primary,2,sa2,SA2,2,apartment,Apartment,2,none,No FE,1,full,904,0.0517887622908812,0.0221088183937252,-0.029679943897156
shops1,Shops within 1 km,primary,2,sa2,SA2,2,apartment,Apartment,2,none,No FE,1,full,905,0.0686623077648094,0.0430352747288199,-0.0256270330359895
shops1,Shops within 1 km,primary,2,sa2,SA2,2,apartment,Apartment,2,none,No FE,1,full,906,0.0541686999850656,0.0212160985258546,-0.032952601459211
shops1,Shops within 1 km,primary,2,sa2,SA2,2,apartment,Apartment,2,none,No FE,1,full,907,0.031558799063661,0.0151878924199364,-0.0163709066437246
shops1,Shops within 1 km,primary,2,sa2,SA2,2,apartment,Apartment,2,none,No FE,1,full,908,0.0565137417603071,0.00971047134021696,-0.0468032704200901
shops1,Shops within 1 km,primary,2,sa2,SA2,2,apartment,Apartment,2,none,No FE,1,full,909,0.0612762314075988,0.0343016273508802,-0.0269746040567187
shops1,Shops within 1 km,primary,2,sa2,SA2,2,apartment,Apartment,2,none,No FE,1,full,910,0.0597776908751426,0.0451484258414513,-0.0146292650336913
shops1,Shops within 1 km,primary,2,sa2,SA2,2,apartment,Apartment,2,none,No FE,1,full,911,0.0238880683426218,0.00710802550746027,-0.0167800428351616
shops1,Shops within 1 km,primary,2,sa2,SA2,2,apartment,Apartment,2,none,No FE,1,full,912,0.0460314674993083,0.0177277063250109,-0.0283037611742974
shops1,Shops within 1 km,primary,2,sa2,SA2,2,apartment,Apartment,2,none,No FE,1,full,913,0.0453685144946359,0.0288010817923551,-0.0165674327022807
shops1,Shops within 1 km,primary,2,sa2,SA2,2,apartment,Apartment,2,none,No FE,1,full,914,0.0572154061141427,0.0242522113865501,-0.0329631947275926
shops1,Shops within 1 km,primary,2,sa2,SA2,2,apartment,Apartment,2,none,No FE,1,full,915,0.0496101949971883,0.00485416938148765,-0.0447560256157006
shops1,Shops within 1 km,primary,2,sa2,SA2,2,apartment,Apartment,2,none,No FE,1,full,916,0.0444066475187054,0.027706922104292,-0.0166997254144134
shops1,Shops within 1 km,primary,2,sa2,SA2,2,apartment,Apartment,2,none,No FE,1,full,917,0.0489530084155387,0.0381790481721227,-0.010773960243416
shops1,Shops within 1 km,primary,2,sa2,SA2,2,apartment,Apartment,2,none,No FE,1,full,918,0.0546213010337958,0.0298810859289918,-0.024740215104804
shops1,Shops within 1 km,primary,2,sa2,SA2,2,apartment,Apartment,2,none,No FE,1,full,919,0.041570508017689,0.0213932003834217,-0.0201773076342673
shops1,Shops within 1 km,primary,2,sa2,SA2,2,apartment,Apartment,2,none,No FE,1,full,920,0.0516483658726095,0.0355924540670261,-0.0160559118055834
shops1,Shops within 1 km,primary,2,sa2,SA2,2,apartment,Apartment,2,none,No FE,1,full,921,0.0400802271830498,0.023628914040159,-0.0164513131428908
shops1,Shops within 1 km,primary,2,sa2,SA2,2,apartment,Apartment,2,none,No FE,1,full,922,0.057479845526885,0.0409447955763388,-0.0165350499505463
shops1,Shops within 1 km,primary,2,sa2,SA2,2,apartment,Apartment,2,none,No FE,1,full,923,0.0547495877983174,0.0145424555263424,-0.040207132271975
shops1,Shops within 1 km,primary,2,sa2,SA2,2,apartment,Apartment,2,none,No FE,1,full,924,0.040500947121588,0.0159989441831089,-0.0245020029384792
shops1,Shops within 1 km,primary,2,sa2,SA2,2,apartment,Apartment,2,none,No FE,1,full,925,0.0557310542387653,0.0249157765751831,-0.0308152776635821
shops1,Shops within 1 km,primary,2,sa2,SA2,2,apartment,Apartment,2,none,No FE,1,full,926,0.0555165952071007,0.00948641877023155,-0.0460301764368691
shops1,Shops within 1 km,primary,2,sa2,SA2,2,apartment,Apartment,2,none,No FE,1,full,927,0.0686075560462504,0.0462203055566256,-0.0223872504896248
shops1,Shops within 1 km,primary,2,sa2,SA2,2,apartment,Apartment,2,none,No FE,1,full,928,0.0542275512652046,0.0237759484141664,-0.0304516028510382
shops1,Shops within 1 km,primary,2,sa2,SA2,2,apartment,Apartment,2,none,No FE,1,full,929,0.0429258374478173,0.0287750695479693,-0.014150767899848
shops1,Shops within 1 km,primary,2,sa2,SA2,2,apartment,Apartment,2,none,No FE,1,full,930,0.0531099422842732,0.0230097823188837,-0.0301001599653895
shops1,Shops within 1 km,primary,2,sa2,SA2,2,apartment,Apartment,2,none,No FE,1,full,931,0.0649517254062338,0.0256592192543161,-0.0392925061519177
shops1,Shops within 1 km,primary,2,sa2,SA2,2,apartment,Apartment,2,none,No FE,1,full,932,0.0508304699601454,0.0135373624636948,-0.0372931074964506
shops1,Shops within 1 km,primary,2,sa2,SA2,2,apartment,Apartment,2,none,No FE,1,full,933,0.0496374015376519,0.0199536435017769,-0.029683758035875
shops1,Shops within 1 km,primary,2,sa2,SA2,2,apartment,Apartment,2,none,No FE,1,full,934,0.0436307194717624,0.024182096910957,-0.0194486225608054
shops1,Shops within 1 km,primary,2,sa2,SA2,2,apartment,Apartment,2,none,No FE,1,full,935,0.0524543097931605,0.0186196695155858,-0.0338346402775748
shops1,Shops within 1 km,primary,2,sa2,SA2,2,apartment,Apartment,2,none,No FE,1,full,936,0.0489379785334839,0.0237243752410382,-0.0252136032924458
shops1,Shops within 1 km,primary,2,sa2,SA2,2,apartment,Apartment,2,none,No FE,1,full,937,0.053162639180338,0.0211482676789521,-0.0320143715013859
shops1,Shops within 1 km,primary,2,sa2,SA2,2,apartment,Apartment,2,none,No FE,1,full,938,0.0425714662923606,0.0192703588694926,-0.023301107422868
shops1,Shops within 1 km,primary,2,sa2,SA2,2,apartment,Apartment,2,none,No FE,1,full,939,0.062201897455003,0.0287787790410872,-0.0334231184139158
shops1,Shops within 1 km,primary,2,sa2,SA2,2,apartment,Apartment,2,none,No FE,1,full,940,0.0574748032456367,0.0299248508196163,-0.0275499524260204
shops1,Shops within 1 km,primary,2,sa2,SA2,2,apartment,Apartment,2,none,No FE,1,full,941,0.074795924222175,0.0257993983551151,-0.0489965258670599
shops1,Shops within 1 km,primary,2,sa2,SA2,2,apartment,Apartment,2,none,No FE,1,full,942,0.0498882071493093,0.0298234642594962,-0.0200647428898131
shops1,Shops within 1 km,primary,2,sa2,SA2,2,apartment,Apartment,2,none,No FE,1,full,943,0.0454186702700895,0.0169574095528484,-0.0284612607172411
shops1,Shops within 1 km,primary,2,sa2,SA2,2,apartment,Apartment,2,none,No FE,1,full,944,0.0364129346145133,0.0168156701486212,-0.0195972644658921
shops1,Shops within 1 km,primary,2,sa2,SA2,2,apartment,Apartment,2,none,No FE,1,full,945,0.0565469268824699,0.013843983852859,-0.0427029430296109
shops1,Shops within 1 km,primary,2,sa2,SA2,2,apartment,Apartment,2,none,No FE,1,full,946,0.0384389622458068,0.0360177621473428,-0.00242120009846401
shops1,Shops within 1 km,primary,2,sa2,SA2,2,apartment,Apartment,2,none,No FE,1,full,947,0.0462651817116145,0.02128276596242,-0.0249824157491945
shops1,Shops within 1 km,primary,2,sa2,SA2,2,apartment,Apartment,2,none,No FE,1,full,948,0.051234050189675,0.0214307907874194,-0.0298032594022556
shops1,Shops within 1 km,primary,2,sa2,SA2,2,apartment,Apartment,2,none,No FE,1,full,949,0.0573949522215458,0.0329269932763338,-0.0244679589452119
shops1,Shops within 1 km,primary,2,sa2,SA2,2,apartment,Apartment,2,none,No FE,1,full,950,0.0456596197188498,0.0165583254643383,-0.0291012942545115
shops1,Shops within 1 km,primary,2,sa2,SA2,2,apartment,Apartment,2,none,No FE,1,full,951,0.0333905983603732,0.0121401801567868,-0.0212504182035864
shops1,Shops within 1 km,primary,2,sa2,SA2,2,apartment,Apartment,2,none,No FE,1,full,952,0.0303253107934346,-0.00373671259179655,-0.0340620233852311
shops1,Shops within 1 km,primary,2,sa2,SA2,2,apartment,Apartment,2,none,No FE,1,full,953,0.0359900368489128,0.0256784316744919,-0.0103116051744209
shops1,Shops within 1 km,primary,2,sa2,SA2,2,apartment,Apartment,2,none,No FE,1,full,954,0.0466088184570956,0.0282465787367658,-0.0183622397203298
shops1,Shops within 1 km,primary,2,sa2,SA2,2,apartment,Apartment,2,none,No FE,1,full,955,0.0481211392699767,0.00856677490660196,-0.0395543643633748
shops1,Shops within 1 km,primary,2,sa2,SA2,2,apartment,Apartment,2,none,No FE,1,full,956,0.0365901314349524,0.0217509965940903,-0.0148391348408621
shops1,Shops within 1 km,primary,2,sa2,SA2,2,apartment,Apartment,2,none,No FE,1,full,957,0.0607973245554411,0.0267160467319915,-0.0340812778234496
shops1,Shops within 1 km,primary,2,sa2,SA2,2,apartment,Apartment,2,none,No FE,1,full,958,0.0262135440126871,-0.00976976204032957,-0.0359833060530167
shops1,Shops within 1 km,primary,2,sa2,SA2,2,apartment,Apartment,2,none,No FE,1,full,959,0.0637748476794426,0.0326432043042337,-0.031131643375209
shops1,Shops within 1 km,primary,2,sa2,SA2,2,apartment,Apartment,2,none,No FE,1,full,960,0.0272183435671555,0.00841558935733076,-0.0188027542098248
shops1,Shops within 1 km,primary,2,sa2,SA2,2,apartment,Apartment,2,none,No FE,1,full,961,0.0637870754969872,0.0248064757990621,-0.0389805996979251
shops1,Shops within 1 km,primary,2,sa2,SA2,2,apartment,Apartment,2,none,No FE,1,full,962,0.05069395863609,0.029398834234318,-0.0212951244017719
shops1,Shops within 1 km,primary,2,sa2,SA2,2,apartment,Apartment,2,none,No FE,1,full,963,0.0473000722583669,0.0120749296620235,-0.0352251425963434
shops1,Shops within 1 km,primary,2,sa2,SA2,2,apartment,Apartment,2,none,No FE,1,full,964,0.0605423907671641,0.0236393943533411,-0.0369029964138229
shops1,Shops within 1 km,primary,2,sa2,SA2,2,apartment,Apartment,2,none,No FE,1,full,965,0.0546131673261035,0.033672949267995,-0.0209402180581084
shops1,Shops within 1 km,primary,2,sa2,SA2,2,apartment,Apartment,2,none,No FE,1,full,966,0.0584280512066246,0.0136079903254343,-0.0448200608811903
shops1,Shops within 1 km,primary,2,sa2,SA2,2,apartment,Apartment,2,none,No FE,1,full,967,0.0498748655619097,0.0356382063645712,-0.0142366591973385
shops1,Shops within 1 km,primary,2,sa2,SA2,2,apartment,Apartment,2,none,No FE,1,full,968,0.0431879366571112,0.0187126489304722,-0.0244752877266389
shops1,Shops within 1 km,primary,2,sa2,SA2,2,apartment,Apartment,2,none,No FE,1,full,969,0.059953411886359,0.0248513547183813,-0.0351020571679776
shops1,Shops within 1 km,primary,2,sa2,SA2,2,apartment,Apartment,2,none,No FE,1,full,970,0.0591746706749643,0.0255366601757235,-0.0336380104992408
shops1,Shops within 1 km,primary,2,sa2,SA2,2,apartment,Apartment,2,none,No FE,1,full,971,0.0501293462512147,0.0312082313545746,-0.0189211148966401
shops1,Shops within 1 km,primary,2,sa2,SA2,2,apartment,Apartment,2,none,No FE,1,full,972,0.0426605810112093,0.0279572763313354,-0.0147033046798739
shops1,Shops within 1 km,primary,2,sa2,SA2,2,apartment,Apartment,2,none,No FE,1,full,973,0.0464508315685644,0.0165409400525831,-0.0299098915159813
shops1,Shops within 1 km,primary,2,sa2,SA2,2,apartment,Apartment,2,none,No FE,1,full,974,0.0448015040809411,0.00881081652929092,-0.0359906875516502
shops1,Shops within 1 km,primary,2,sa2,SA2,2,apartment,Apartment,2,none,No FE,1,full,975,0.0302488087627849,0.00301625167814073,-0.0272325570846442
shops1,Shops within 1 km,primary,2,sa2,SA2,2,apartment,Apartment,2,none,No FE,1,full,976,0.0444671815695522,0.0184944536395533,-0.0259727279299989
shops1,Shops within 1 km,primary,2,sa2,SA2,2,apartment,Apartment,2,none,No FE,1,full,977,0.0525403791065053,0.0293247474351191,-0.0232156316713861
shops1,Shops within 1 km,primary,2,sa2,SA2,2,apartment,Apartment,2,none,No FE,1,full,978,0.0323355083680584,0.0237859299859061,-0.00854957838215235
shops1,Shops within 1 km,primary,2,sa2,SA2,2,apartment,Apartment,2,none,No FE,1,full,979,0.0418949085508075,0.012165113318543,-0.0297297952322645
shops1,Shops within 1 km,primary,2,sa2,SA2,2,apartment,Apartment,2,none,No FE,1,full,980,0.0551914938954977,0.0127093362369188,-0.0424821576585789
shops1,Shops within 1 km,primary,2,sa2,SA2,2,apartment,Apartment,2,none,No FE,1,full,981,0.0343930218438055,0.00576924987341942,-0.0286237719703861
shops1,Shops within 1 km,primary,2,sa2,SA2,2,apartment,Apartment,2,none,No FE,1,full,982,0.0530609085565429,0.0308773538064734,-0.0221835547500695
shops1,Shops within 1 km,primary,2,sa2,SA2,2,apartment,Apartment,2,none,No FE,1,full,983,0.050097135054577,0.00425295300444632,-0.0458441820501307
shops1,Shops within 1 km,primary,2,sa2,SA2,2,apartment,Apartment,2,none,No FE,1,full,984,0.0495151595016189,0.0032464856115274,-0.0462686738900915
shops1,Shops within 1 km,primary,2,sa2,SA2,2,apartment,Apartment,2,none,No FE,1,full,985,0.0326065580434047,0.00668075238014723,-0.0259258056632574
shops1,Shops within 1 km,primary,2,sa2,SA2,2,apartment,Apartment,2,none,No FE,1,full,986,0.0542492664900742,0.0107816410209303,-0.0434676254691439
shops1,Shops within 1 km,primary,2,sa2,SA2,2,apartment,Apartment,2,none,No FE,1,full,987,0.0304685681856796,0.0306549492731816,0.000186381087501974
shops1,Shops within 1 km,primary,2,sa2,SA2,2,apartment,Apartment,2,none,No FE,1,full,988,0.0530936643319379,0.0199211290865842,-0.0331725352453538
shops1,Shops within 1 km,primary,2,sa2,SA2,2,apartment,Apartment,2,none,No FE,1,full,989,0.0665535572350645,0.0576743880427881,-0.00887916919227635
shops1,Shops within 1 km,primary,2,sa2,SA2,2,apartment,Apartment,2,none,No FE,1,full,990,0.0442730373720453,0.0206394021179293,-0.023633635254116
shops1,Shops within 1 km,primary,2,sa2,SA2,2,apartment,Apartment,2,none,No FE,1,full,991,0.041755208522221,0.0156491281379031,-0.0261060803843179
shops1,Shops within 1 km,primary,2,sa2,SA2,2,apartment,Apartment,2,none,No FE,1,full,992,0.0387447981078197,0.00641586628212894,-0.0323289318256907
shops1,Shops within 1 km,primary,2,sa2,SA2,2,apartment,Apartment,2,none,No FE,1,full,993,0.0423628284741855,0.00335984092682136,-0.0390029875473641
shops1,Shops within 1 km,primary,2,sa2,SA2,2,apartment,Apartment,2,none,No FE,1,full,994,0.0447237450189157,0.0286093315588931,-0.0161144134600226
shops1,Shops within 1 km,primary,2,sa2,SA2,2,apartment,Apartment,2,none,No FE,1,full,995,0.0399538386433695,0.025873959829087,-0.0140798788142825
shops1,Shops within 1 km,primary,2,sa2,SA2,2,apartment,Apartment,2,none,No FE,1,full,996,0.0483356572131367,0.0366015365127324,-0.0117341207004043
shops1,Shops within 1 km,primary,2,sa2,SA2,2,apartment,Apartment,2,none,No FE,1,full,997,0.0402219588044238,0.0171976086812073,-0.0230243501232165
shops1,Shops within 1 km,primary,2,sa2,SA2,2,apartment,Apartment,2,none,No FE,1,full,998,0.0274421894621089,0.0113308366140709,-0.0161113528480379
shops1,Shops within 1 km,primary,2,sa2,SA2,2,apartment,Apartment,2,none,No FE,1,full,999,0.0463512432238279,0.00983786001949509,-0.0365133832043328
